time,cum_d_prec,cum_d_rfal,cum_d_sfal,cum_d_rint,cum_d_sint,cum_d_rthr,cum_d_sthr,cum_d_rsno,cum_d_rnet,cum_d_smlt,cum_d_tran,cum_d_irvp,cum_d_isvp,cum_d_slvp,cum_d_snvp,cum_d_pint,cum_d_ptran,evap,flow,seep,srfl,slfl,byfl,dsfl,gwfl,vrfln,StorageSWAT,StorageWATER,BALERD_SWAT,BALERD_total
2021-01-01T00:00:00.0,0.0,0.0,0.0,0.0,0.0,0.0,0.0,0.0,0.0,0.0,0.0,0.0,0.0,0.0,0.0,0.0,0.0,0.0,0.0,0.0,0.0,0.0,0.0,0.0,0.0,0.0,144.2717578009486,144.2717578009486,0.0,0.0
2021-01-02T00:00:00.0,0.0,0.0,0.0,0.0,0.0,0.0,0.0,0.0,0.0,0.0,0.0548024042942592,0.0,0.0,0.07035569890762121,0.0,2.654223474957365,0.054802404294259206,0.12515810320188042,0.051786611262405545,0.010477053009370638,0.0,0.0,0.0,0.009878399224922969,0.04190821203748255,2.2726949376634167,144.2717578009486,144.2717578009486,0.0,0.0
2021-01-03T00:00:00.0,0.0,0.0,0.0,0.0,0.0,0.0,0.0,0.0,0.0,0.0,0.03790827783225979,0.0,0.0,0.043097278997656606,0.0,1.9465618231236195,0.037908277832259786,0.08100555682991639,0.1445624903154914,0.03393421125361269,0.0,0.0,0.0,0.00882564530104075,0.13573684501445077,2.4529476649387387,141.86402636085833,144.0843360334749,3.952393967665557e-14,3.7386760354252146e-14
2021-01-04T00:00:00.0,0.0,0.0,0.0,0.0,0.0,0.0,0.0,0.0,0.0,0.0,0.05221793299878727,0.0,0.0,0.07057372656097727,0.0,2.5871584275093595,0.05221793299878732,0.12279165955976454,0.22647855636224568,0.05468901860574398,0.0,0.0,0.0,0.0077224819392695595,0.21875607442297593,2.1336575108218083,139.3212474937886,143.82483377507583,3.241851231905457e-14,4.64628335805628e-14
2021-01-05T00:00:00.0,0.0,0.0,0.0,0.0,0.0,0.0,0.0,0.0,0.0,0.0,0.04199809362815494,0.0,0.0,0.03888557451980471,0.0,2.0547127834480525,0.041998093628154896,0.08088366814795965,0.2921008194493632,0.0713161466497039,0.0,0.0,0.0,0.00683623285054785,0.2852645865988156,1.8359940248893842,137.0570758414678,143.4208745405481,-3.064215547965432e-14,-3.569367024169878e-14
2021-01-06T00:00:00.0,0.0,0.0,0.0,0.0,0.0,0.0,0.0,0.0,0.0,0.0,0.03711646226018209,0.0,0.0,0.046461148143813066,0.0,2.0579747177074683,0.03711646226018198,0.08357761040399515,0.3443777236527993,0.08455845085492888,0.0,0.0,0.0,0.0061439202330837465,0.33823380341971554,1.604485227665097,135.1333619155799,142.9765739063011,-1.0436096431476471e-14,-1.2656542480726785e-14
2021-01-07T00:00:00.0,0.7,0.0,0.7,0.0,0.08399440000000001,0.0,0.6160055999999999,0.0,0.0,0.35,0.012985357855943845,0.0,0.08399440000000001,0.0,0.0,0.9721091059794841,0.012985357855943895,0.09697975785594386,0.5950238901094511,0.09516702659405368,0.14193798212289988,0.2080620178770989,0.06680452176709496,0.005613279843241826,0.38066810637621473,1.4256645922828863,133.4391551572777,142.4640601213893,3.930189507173054e-14,6.583622536027178e-14
2021-01-08T00:00:00.0,0.0,0.0,0.0,0.0,0.0,0.0,0.0,0.0,0.0,0.24362440937743016,0.015015807261969617,0.0,0.0,0.0,0.022381190622569807,0.5544316739436937,0.015015807261969608,0.03739699788453942,0.5587344642744191,0.10373961519346947,0.09271448203436441,0.15090992734306458,0.045857248341355704,0.0052042731248211575,0.4149584607738779,1.2911729603335416,132.13614942340564,142.37688944682986,-1.2656542480726785e-14,-3.552713678800501e-15
2021-01-09T00:00:00.0,0.0,0.0,0.0,0.0,0.0,0.0,0.0,0.0,0.0,0.0,0.028126722000543756,0.0,0.0,0.02437827787664519,0.0,1.6257059730248669,0.02812672200054375,0.05250499987718894,0.44776802268174115,0.11073204301489496,0.0,0.0,0.0,0.004839850622161052,0.44292817205957985,1.1837829034606608,130.92980906168702,141.67701836947745,-6.8833827526759706e-15,-1.554312234475219e-14
2021-01-10T00:00:00.0,0.0,0.0,0.0,0.0,0.0,0.0,0.0,0.0,0.0,0.0,0.03159916615972319,0.0,0.0,0.027286792885663734,0.0,1.4879481483060844,0.03159916615972323,0.058885959045386925,0.47011875210882487,0.11640316908434997,0.0,0.0,0.0,0.004506075771424973,0.4656126763373999,1.0887744305794438,129.68868130772697,141.0660133039036,4.6851411639181606e-14,3.8191672047105385e-14
2021-01-11T00:00:00.0,0.0,0.0,0.0,0.0,0.0,0.0,0.0,0.0,0.0,0.0,0.03603783309350124,0.0,0.0,0.03603507619751983,0.0,1.8387846980538518,0.03603783309350129,0.07207290929102107,0.4879025258572969,0.12092254626784224,0.0,0.0,0.0,0.004212340785927671,0.48369018507136896,1.0044960740897886,128.53651484233072,140.42060542366502,-6.8833827526759706e-15,3.4416913763379853e-15
2021-01-12T00:00:00.0,0.0,0.0,0.0,0.0,0.0,0.0,0.0,0.0,0.0,0.0,0.04412414635451085,0.0,0.0,0.049943149537459354,0.0,2.252290830052449,0.04412414635451085,0.0940672958919702,0.5017621621059387,0.12445276625326485,0.0,0.0,0.0,0.003951097092879304,0.4978110650130594,0.930808199146558,127.45573351816398,139.73970744224889,-1.1102230246251565e-15,-2.2648549702353193e-14
2021-01-13T00:00:00.0,9.5,0.0,9.5,0.0,1.1399240000000002,0.0,8.360076,0.0,0.0,0.35,0.022505362924544144,0.0,1.139924,0.0,0.0,2.2146777376460265,0.02250536292454417,1.1624293629245441,0.6714819599240665,0.12713867598365544,0.10058046057840765,0.2494195394215957,0.05860431850663347,0.003742476904402993,0.5085547039346218,0.8668527801653088,126.42690692603259,139.0194252179977,-1.2434497875801753e-14,4.884981308350689e-15
2021-01-14T00:00:00.0,34.6,0.0,34.6,0.0,2.222991809732336,0.0,32.37700819026767,0.0,0.0,0.35,0.012510591785896471,0.0,1.4853765280589195,0.0,0.09310762950783583,2.546359762386719,0.012510591785896419,1.590994749352652,0.6752696482883204,0.12913595342276166,0.09731067974954348,0.25268932025045615,0.057828050994864814,0.0035871038528655654,0.5165438136910466,0.8168787221333323,125.72462152695329,146.55837521916547,7.327471962526033e-15,-2.842170943040401e-14
2021-01-15T00:00:00.0,26.2,0.0,26.2,0.0,2.165486254574554,0.0,24.034513745425446,0.0,0.0,0.35,0.002144362763263597,0.0,2.0396035626956928,0.0,0.09866442648600023,2.231979910323903,0.002144362763263585,2.1404123519449567,0.67718809158885,0.1306070713245553,0.0943580863686496,0.2556419136313471,0.05694883122851273,0.003452888693466544,0.5224282852982212,0.7777137262019301,125.08650637843678,178.76297486810174,1.887379141862766e-15,0.0
2021-01-16T00:00:00.0,1.2,0.0,1.2,0.0,0.143177299546917,0.0,1.056822700453083,0.0,0.0,0.35,0.0,0.0,0.18696151810786255,0.0,-0.025529312596860334,0.18696151810786255,0.0,0.1614322055110022,0.6777199417248299,0.13165617014210715,0.09168767084103437,0.25831232915896774,0.056073952032632934,0.003333638282733973,0.5266246805684286,0.7445277654359505,124.50188848318092,202.01476735324334,3.441691376337985e-14,2.842170943040401e-14
2021-01-17T00:00:00.0,0.3,0.0,0.3,0.0,0.03579198159464013,0.0,0.26420801840535985,0.0,0.0,0.35,4.4431232289694926e-18,0.0,0.47242768360557896,0.0,0.021848742899201346,0.47242768360557913,4.443123228969469e-18,0.4942764265047803,0.6770987006463979,0.13235103791345512,0.08924644328554836,0.2607535567144496,0.055222440927743165,0.0032256647792864145,0.5294041516538205,0.7153130358525414,123.95626545658861,202.24395903586546,-3.9968028886505635e-14,-5.473399511402022e-14
2021-01-18T00:00:00.0,5.4,0.0,5.4,0.0,0.6442618681892427,0.0,4.755738131810758,0.0,0.0,0.35,0.0,0.0,0.6044721360096128,0.0,-0.14096775739653677,0.6044721360096126,0.0,0.46350437861307603,0.6755071345002271,0.1327422293287584,0.08700513232783728,0.262994867672152,0.054406048928993936,0.0031270359283624037,0.5309689173150336,0.6890665541841726,123.44325787174347,201.24023287080078,1.9872992140790302e-14,4.3520742565306136e-14
2021-01-19T00:00:00.0,0.1,0.0,0.1,0.0,0.011925926002204636,0.0,0.08807407399779538,0.0,0.0,0.35,0.006029728340821824,0.0,0.43479371116222765,0.0,0.023670680599679104,0.6894023573484065,0.006029728340821808,0.46449412010272856,0.673058764512905,0.1328705509890124,0.08492644841236743,0.2650735515876331,0.05361407978011569,0.0030360323643727743,0.5314822039560496,0.6652295129904169,122.95965310037411,205.36847912835873,-1.9484414082171497e-14,-8.881784197001252e-15
2021-01-20T00:00:00.0,0.0,0.0,0.0,0.0,0.0,0.0,0.0,0.0,0.0,0.35,0.02752892188905532,0.0,1.1102230246251565e-16,0.0,0.016998977558477107,1.2935588329580487,0.027528921889055247,0.044527899447532535,0.6697783177774966,0.13277002334432775,0.08294061321745774,0.26705938678254876,0.052807645531222365,0.0029499656515058247,0.531080093377311,0.6433210205078002,122.496817298486,204.19805569275408,2.4646951146678475e-14,1.1102230246251565e-15
2021-01-21T00:00:00.0,0.0,0.0,0.0,0.0,0.0,0.0,0.0,0.0,0.0,0.35,0.038344928037031635,0.0,0.0,0.0,0.004610796049796134,1.82151501079294,0.03834492803703159,0.04295572408682777,0.6657780869187252,0.13246772096875375,0.08103070878420209,0.26896929121579466,0.052008881604142014,0.002867612655365292,0.529870883875015,0.6227491074647944,122.03726913168897,203.35097945218473,-1.4432899320127035e-14,-6.328271240363392e-15
2021-01-22T00:00:00.0,0.3,0.16119402985074627,0.13880597014925372,0.028838418510673505,0.01655538840427553,0.13235561134007276,0.12225058174497819,0.13235561134007276,0.0,0.35,0.044408306453759414,0.028838418510673505,0.01655538840427553,0.0,-0.07798448133732727,3.13565252174008,0.04440830645375949,0.011817632031381177,0.6612013323989796,0.1319848322900159,0.0792271063973475,0.2707728936026532,0.05124517264844039,0.0027897241931282976,0.5279393291600636,0.6032613893486228,121.59026789314343,202.50977792021044,4.440892098500626e-16,-1.4654943925052066e-14
2021-01-23T00:00:00.0,4.7,3.3571428571428577,1.3428571428571427,0.6006105903938513,0.16016282410502697,2.7565322667490064,1.1826943187521157,1.6506894633931821,1.1058428033558243,0.35,0.05163461769242584,0.6006105903938512,0.16016282410502697,0.0,0.08493232929982618,2.335326605267403,0.05163461769242578,0.8973403614911303,1.0733840021240348,0.13134481784457208,0.32912419682557675,1.1267186065302655,0.21611180031286154,0.002768733607307676,0.5253792713782883,0.5867093511819261,121.15933619410211,202.00477412349005,2.5979218776228663e-14,1.1102230246251565e-14
2021-01-24T00:00:00.0,0.0,0.0,0.0,0.0,0.0,0.0,0.0,0.0,0.0,0.35,0.029700095364092967,1.1102230246251565e-16,0.0,0.0,0.4550137178642755,2.3035174522294173,0.0297000953640928,0.4847138132283686,0.655835856278233,0.13062842766512164,0.07891148420182008,0.27108851579817494,0.05165297343073208,0.002757687985194153,0.5225137106604866,0.5813712718967097,121.42883029783785,204.6027049420303,6.217248937900877e-15,1.4210854715202004e-14
2021-01-25T00:00:00.0,0.3,0.0,0.3,0.0,0.035775957958143534,0.0,0.26422404204185646,0.0,0.0,0.35,0.024306162809209175,0.0,0.035775957958143534,0.0,0.4246734878147051,1.6181067719457016,0.024306162809209084,0.4847556085820578,0.6500756381162152,0.1299003967546427,0.07720813493328475,0.2727918650667167,0.050570427323684206,0.002695488840675652,0.5196015870185708,0.5743385914786675,121.0344367849593,203.33152684485862,-2.7755575615628914e-15,-3.863576125695545e-14
2021-01-26T00:00:00.0,6.4,0.0,6.4,0.0,0.763255279637892,0.0,5.636744720362108,0.0,0.0,0.35,0.006471820557194466,0.0,0.5890351746225917,0.0,0.03855311198424074,1.0097745850673003,0.006471820557194491,0.6340601071640268,0.6446827808295162,0.12910764260832175,0.07574673938700129,0.27425326061300825,0.04987010614513637,0.0026353648640918595,0.516430570433287,0.5617798444451255,120.65531797957378,202.3667952014057,-3.219646771412954e-15,5.995204332975845e-15
2021-01-27T00:00:00.0,0.7,0.0,0.7,0.0,0.0834418636317016,0.0,0.6165581363682984,0.0,0.0,0.35,0.007457102274186576,0.0,0.2576619686470019,0.0,0.03855665247726466,0.8616442192857202,0.007457102274186554,0.3036757233984531,0.6391975669942381,0.12822394097376158,0.07444036437078708,0.2755596356292134,0.04928200606562285,0.0025794326627820276,0.5128957638950463,0.5482529119656069,120.30881410417524,207.35894467080385,-2.7755575615628914e-16,-2.1316282072803006e-14
2021-01-28T00:00:00.0,15.2,0.0,15.2,0.0,1.8118435044873105,0.0,13.388156495512689,0.0,0.0,0.35,0.006978396512045796,0.0,0.31777886818078976,0.0,0.007728829473022875,0.5447637740242111,0.006978396512045817,0.33248609416585845,0.6334920829283865,0.12725365023459256,0.07321903346074513,0.2767809665392536,0.048731628677483645,0.002526819851787371,0.5090146009383703,0.5352632381722321,119.97680228683625,206.9878474394374,9.325873406851315e-15,9.769962616701378e-15
2021-01-29T00:00:00.0,24.4,6.400000000000002,17.999999999999996,0.5057756395307735,0.5355733746091638,5.894224360469229,17.464426625390832,5.894224360469229,0.0,0.35,0.0,-3.2381504884900395e-17,0.41780436425103973,0.0,-0.16819586669075842,0.4178043642510397,0.0,0.24960849756028125,0.6276240547699227,0.1262076477331979,0.07208882486624185,0.27791117513375496,0.04822673364745802,0.002477905323431484,0.5048305909327916,0.5230358858340702,119.66008317016198,221.09461561210856,-3.1308289294429414e-14,-5.329070518200751e-15
2021-01-30T00:00:00.0,22.7,13.96923076923077,8.73076923076923,-0.001112377400057471,0.6010757705350689,13.970343146630826,8.129693460234162,1.4169958001879135,12.553347346442912,0.35,0.0,3.3306690738754696e-16,0.7383403601668473,0.0,0.05312241952775904,0.7383403601668477,0.0,0.7914627796946068,6.153897261259284,0.12513713158692052,3.2793503108039825,9.623997035638476,2.3709542445404224,0.0030441795672009465,0.5005485263476821,0.5303395028155126,119.36425382049076,244.4911754120451,1.8207657603852567e-14,5.684341886080802e-14
2021-01-31T00:00:00.0,5.4,1.4727272727272727,3.9272727272727277,-0.00043884731924191905,0.4662322165627409,1.4731661200465145,3.461040510709987,1.3081769685103604,0.16498915153615412,0.35,0.0,5.5511151231257815e-17,0.46922679480873364,0.0,0.07590129557392448,0.4692267948087337,0.0,0.5451280903826582,0.7509576170498242,0.12474092876819977,0.1517683495825253,0.36322080195362844,0.0965951744729281,0.0036303779215716447,0.4989637150727991,0.6561369184373866,126.08391292920612,260.1206782395039,-2.220446049250313e-14,3.943512183468556e-13
2021-02-01T00:00:00.0,0.3,0.0813559322033898,0.2186440677966102,-0.00020845832889725369,0.02594653799858847,0.08156439053228705,0.1926975297980217,0.08156439053228705,0.0,0.35,0.0,5.5511151231257815e-17,0.40517142305542886,0.0,0.07793124249987177,0.4051714230554289,0.0,0.4831026655553007,0.6642068034715796,0.1256312306803573,0.09837302982579513,0.2516269701742066,0.05974852933256886,0.0035603215917865637,0.5025249227214292,0.7532363066866324,125.69077126032789,264.09985160330325,-2.8699265186560297e-14,-4.3520742565306136e-14
2021-02-02T00:00:00.0,2.3,0.9324324324324322,1.3675675675675676,7.3753898514050675e-6,0.16229177533180095,0.9324250570425808,1.2052757922357666,0.9324250570425808,0.0,0.35,0.0,0.0,1.1369132664321993,0.0,0.11183609327588227,1.1369132664321993,0.0,1.2487493597080814,0.6636511260438422,0.12693795176374922,0.09487906489231224,0.2551209351076769,0.05756540233639816,0.00345485176013486,0.5077518070549969,0.7623727893862327,125.12585307289109,263.126910903596,2.1316282072803006e-14,-2.220446049250313e-16
2021-02-03T00:00:00.0,0.0,0.0,0.0,0.0,0.0,0.0,0.0,0.0,0.0,0.35,0.0005176736543387468,0.5040233318724282,0.11772810262963486,0.0,0.045545443539145455,0.6362158135494069,0.0005176736543387449,0.6678145516955473,0.6640781641048273,0.1280961840606546,0.09203233191579899,0.2579676680842156,0.056318135945871865,0.003342960000537666,0.5123847362426184,0.7425953065970088,124.557580964516,263.3875724660803,-5.329070518200751e-15,2.531308496145357e-14
2021-02-04T00:00:00.0,0.0,0.0,0.0,0.0,0.0,0.0,0.0,0.0,0.0,2.071416758494572,0.08947029645152134,-2.220446049250313e-16,-1.3877787807814457e-17,0.0,0.028845248293811906,2.2432588088010457,0.08947029645152135,0.11831554474533301,1.4022396092805962,0.12897397650408648,0.5441280460072453,1.527288712487211,0.3389000712357901,0.003315586021213794,0.5158959060163459,0.7201242500540477,124.01277455640243,261.92758356621925,3.108624468950438e-14,3.019806626980426e-14
2021-02-05T00:00:00.0,0.0,0.0,0.0,0.0,0.0,0.0,0.0,0.0,0.0,0.9628322628046069,0.06897707184530069,0.0,0.0,0.0,0.09108691620683865,1.6779115425363587,0.06897707184530069,0.16006398805213934,0.9339950972135757,0.12967274371891702,0.25415006113634553,0.7086822016683111,0.157827176765438,0.003326884436124548,0.5186909748756681,0.7155886453162364,124.3882530651271,260.27805443568917,-3.086420008457935e-14,6.816769371198461e-14
2021-02-06T00:00:00.0,0.0,0.0,0.0,0.0,0.0,0.0,0.0,0.0,0.0,3.1216486177316844,0.1634328363946533,0.0,0.0,0.0,0.12498918955804306,3.1118026051945735,0.1634328363946532,0.2884220259526964,1.8915882911648894,0.13032719056060077,0.8403877983188455,2.2812608194129784,0.5265064576147738,0.0033852729888680525,0.5213087622424031,0.71627635915856,124.1512154884323,259.05432260670455,1.4432899320127035e-14,-6.217248937900877e-15
2021-02-07T00:00:00.0,0.0,0.0,0.0,0.0,0.0,0.0,0.0,0.0,0.0,4.605430210484869,0.18132073342955596,0.0,0.0,0.0,0.13965611279338372,4.323189728991296,0.18132073342955587,0.32097684622293965,2.6851908677488554,0.13104519724330416,1.3290483809703504,3.2763818295143845,0.8283338696353392,0.0036278281699478167,0.5241807889732166,0.7400843571497787,125.02287538168842,256.74398509902653,6.661338147750939e-16,-1.7275070263167436e-13
2021-02-08T00:00:00.0,12.3,7.0285714285714285,5.271428571428572,0.8202658419329886,0.6261248610993687,6.20830558663844,4.645303710329204,0.0,6.20830558663844,0.43377938059582216,0.017296244005432372,0.8202658419329886,0.6261248610993687,0.0,0.11535852920438036,2.520738916822485,0.017296244005432396,1.57904547624217,3.969226335490397,0.13215425438099396,2.1395419746090134,4.502542992625004,1.296996629841102,0.004070713516306896,0.5286170175239758,0.8051607518107797,126.54589042281813,253.60677218781123,5.262457136723242e-14,2.0117241206207837e-13
2021-02-09T00:00:00.0,0.0,0.0,0.0,0.0,0.0,0.0,0.0,0.0,0.0,0.35,0.03126344249363551,0.0,0.0,0.0,0.25906927222491366,1.3291373323511368,0.03126344249363549,0.29033271471854916,0.7227706319383428,0.13406680102090496,0.11627172039563832,0.23372827960435025,0.0659441410477019,0.004287566411382533,0.5362672040836198,0.9068528722542826,128.92490907626953,260.2263461216974,-1.3766765505351941e-14,2.5224267119483557e-13
2021-02-10T00:00:00.0,0.6,0.03711340206185565,0.5628865979381443,0.006610261469078437,0.06683708818734868,0.030503140592777214,0.49604950975079565,0.030503140592777214,0.0,0.35,0.02974134941546738,0.006610261469078437,0.06683708818734868,0.0,0.28689592639794814,1.3999134778663644,0.029741349415467435,0.3900846254698426,0.7230680187092556,0.13660670970290623,0.11029189020314294,0.23970810979686502,0.06222410676121885,0.004125182933269765,0.5464268388116249,0.9378492065116792,128.15028933366688,259.0791759740196,4.440892098500626e-16,1.1102230246251565e-15
2021-02-11T00:00:00.0,2.9,0.14500000000000002,2.755,0.025826180293741997,0.3271316170540652,0.11917381970625802,2.4278683829459347,0.11917381970625802,0.0,0.35,0.012912679004334838,0.025826180293741997,0.32713161705406524,0.0,0.043482329599128004,1.0802680916121319,0.012912679004334841,0.4093528059512701,0.7260284682740796,0.13896649036725303,0.1056833136678687,0.24431668633210807,0.06053221520468192,0.003946977932516424,0.5558659614690121,0.9078021455118704,127.35605759784208,258.4294166201376,2.453592884421596e-14,1.3877787807814457e-14
2021-02-12T00:00:00.0,0.2,0.0,0.2,0.0,0.023743617962724048,0.0,0.17625638203727595,0.0,0.0,0.35,0.01874245374931577,0.0,0.023743617962723992,0.0,0.07720981570511523,1.6068791349652063,0.01874245374931574,0.11969588741715499,0.7282077913908693,0.14083784660562593,0.10177378769443564,0.24822621230555722,0.05930328122677432,0.003779336047155996,0.5633513864225037,0.8656001506388652,126.61518026652077,260.05506885554496,1.9095836023552692e-14,3.907985046680551e-14
2021-02-13T00:00:00.0,0.0,0.0,0.0,0.0,0.0,0.0,0.0,0.0,0.0,0.35,0.03494449549559334,0.0,0.0,0.0,0.04827553254895094,1.5945369738908868,0.03494449549559335,0.08322002804454429,0.7288728534836789,0.14220745847758523,0.0982406850986333,0.2517593149013734,0.05817760479268547,0.0036247296820189822,0.5688298339103409,0.8244218756624109,125.91598125716418,259.2663273301312,3.630429290524262e-14,9.059419880941277e-14
2021-02-14T00:00:00.0,0.0,0.0,0.0,0.0,0.0,0.0,0.0,0.0,0.0,0.35,0.0188559926781422,0.0,0.0,0.0,0.052983602464962365,1.188443026196935,0.018855992678142176,0.07183959514310456,0.7282095086522941,0.14312372082993707,0.09506768888874138,0.2549323111112607,0.057162372716626594,0.0034845637271773856,0.5724948833197483,0.7864168543345645,125.24657186643284,258.31202699012545,-3.552713678800501e-15,-3.5638159090467525e-14
2021-02-15T00:00:00.0,0.0,0.0,0.0,0.0,0.0,0.0,0.0,0.0,0.0,0.35,0.03679267867686054,0.0,0.0,0.0,0.06869708622660306,2.2426078289255384,0.03679267867686057,0.1054897649034636,0.7262965456144064,0.14364267295386096,0.09218816086867493,0.25781183913133626,0.056180132266981875,0.003357560663305388,0.5745706918154438,0.7521377373032269,124.63558439408762,257.3688541655002,-2.0761170560490427e-14,-7.105427357601002e-14
2021-02-16T00:00:00.0,4.3,1.0541935483870968,3.245806451612903,0.18775257403203544,0.38538686248680953,0.8664409743550614,2.8604195891260935,0.8664409743550614,0.0,0.35,0.04697561697281688,0.18775257403203544,0.38538686248680953,0.0,-0.01771614231823121,2.51650213292786,0.04697561697281695,0.6023989111734305,0.7232121801475974,0.14381853441144812,0.08949192268741767,0.26050807731258424,0.05520657112379929,0.0032395486905874085,0.5752741376457925,0.7210579992222558,124.04492812430853,256.3934251820284,5.051514762044462e-14,4.1522341120980855e-14
2021-02-17T00:00:00.0,1.6,1.2848484848484851,0.31515151515151507,0.22876259475516655,0.03740771989707124,1.0560858900933185,0.2777437952544438,1.0560858900933185,0.0,0.35,0.05180503387011332,0.22876259475516655,0.03740771989707124,0.0,-0.07359366613960855,1.1107512116974054,0.051805033870113266,0.24438168238274255,0.7191805269359527,0.14369525310723086,0.08699322268366172,0.2630067773163348,0.05427600645668731,0.0031302853666796628,0.5747810124289234,0.6924796111344237,123.47895646561167,259.2239955562959,-2.2315482794965646e-14,2.842170943040401e-14
2021-02-18T00:00:00.0,0.0,0.0,0.0,0.0,0.0,0.0,0.0,0.0,0.0,0.35,0.04519317330871541,0.0,0.0,0.0,0.25504098536243947,2.915179449433502,0.04519317330871548,0.3002341586711549,0.7143958831491352,0.14331058806934632,0.08470916593030256,0.2652908340696977,0.053414231271631134,0.0030301336698171045,0.5732423522773853,0.6661980273536191,122.94027230610013,259.71673809387005,-2.220446049250313e-14,-7.105427357601002e-14
2021-02-19T00:00:00.0,0.0,0.0,0.0,0.0,0.0,0.0,0.0,0.0,0.0,0.35,0.10563483285850575,0.0,0.0,0.0,0.3400510532048188,5.2714212465796475,0.10563483285850572,0.4456858860633246,0.7086709158361643,0.14269943020677356,0.08247464559736371,0.2675253544026355,0.052464591290961086,0.002933958120745107,0.5707977208270942,0.6421106806717279,122.43772757456603,258.55879746398034,1.6209256159527285e-14,7.194245199571014e-14
2021-02-20T00:00:00.0,0.0,0.0,0.0,0.0,0.0,0.0,0.0,0.0,0.0,0.35,0.26942607347537956,0.0,0.0,0.0,0.2115173019029565,4.518799323107309,0.2694260734753793,0.4809433753783361,0.7014282854868412,0.14188914120416227,0.07989105554214342,0.27010894445784517,0.0511529947557006,0.0028276703723476722,0.5675565648166491,0.6188703779267234,121.90210886602674,257.2617412318741,-1.554312234475219e-14,-3.375077994860476e-14
2021-02-21T00:00:00.0,0.0,0.0,0.0,0.0,0.0,0.0,0.0,0.0,0.0,1.849855635650969,0.28843717840769606,0.0,0.0,0.0,0.26717712903393637,5.370792143217919,0.28843717840769656,0.5556143074416324,1.2590353164686134,0.140890412664495,0.41912741478528165,1.4307282208656502,0.27356185960161494,0.0027843914237366046,0.56356165065798,0.5964562853592521,121.22994069395445,255.9374804298048,-1.609823385706477e-14,-2.1316282072803006e-14
2021-02-22T00:00:00.0,0.0,0.0,0.0,0.0,0.0,0.0,0.0,0.0,0.0,6.541355385469093,0.5233278990308409,0.0,0.0,0.0,0.2934791740557622,6.701429795221669,0.5233278990308408,0.816807073086603,3.281580327641621,0.1398019303066491,1.6265362441604712,4.914819141308417,1.0928014029828923,0.0030349592716600914,0.5592077212265965,0.5966386476417661,121.49942920002779,253.98194039323,6.439293542825908e-15,6.195044477408373e-14
2021-02-23T00:00:00.0,0.0,0.0,0.0,0.0,0.0,0.0,0.0,0.0,0.0,3.040389747322262,0.2334266686752227,0.0,0.0,0.0,0.2322256125893965,4.80167724503521,0.2334266686752227,0.4656522812646192,1.9212345817341274,0.13904696499796262,0.8282320886052363,2.212157658717132,0.5334501434422658,0.003364489694774723,0.5561878599918505,0.6539939112357699,124.19844543240904,249.74375106219492,3.552713678800501e-15,2.007283228522283e-13
2021-02-24T00:00:00.0,0.0,0.0,0.0,0.0,0.0,0.0,0.0,0.0,0.0,8.461976589386108,0.402195952915929,0.0,0.0,0.0,0.04047273763268556,2.4825796689691844,0.4021959529159291,0.4426686905486146,4.757464459945962,0.13899893888327985,2.5735860153861125,5.888390574000255,1.6240874916728922,0.0037951973538374673,0.5559957555331194,0.7285810578555808,124.98636787807814,247.21781723419832,2.4424906541753444e-15,-1.1324274851176597e-13
2021-02-25T00:00:00.0,0.0,0.0,0.0,0.0,0.0,0.0,0.0,0.0,0.0,8.585543866157744,0.4835388080170212,0.0,0.0,0.0,0.09863763830888576,4.089520172578402,0.48353880801702137,0.5821764463259069,5.363362308063925,0.13989906350148182,3.0276088697443844,5.5579349964132465,1.771689035620239,0.00446814869337388,0.5595962540059273,0.8567097610123733,128.11609875228018,241.87868514482076,-2.398081733190338e-14,-2.984279490192421e-13
2021-02-26T00:00:00.0,0.0,0.0,0.0,0.0,0.0,0.0,0.0,0.0,0.0,8.283409235257762,0.5816549792420114,0.0,0.0,0.0,0.15779626119852835,4.914192863559565,0.5816549792420115,0.7394512404405398,5.544172931015858,0.142258505558131,3.2349569643251863,5.048452270932614,1.735128821092456,0.005053123365686984,0.569034022232524,1.0264752872208815,130.5576279953504,235.79324732692933,1.8207657603852567e-14,1.1812772982011666e-13
2021-02-27T00:00:00.0,0.0,0.0,0.0,0.0,0.0,0.0,0.0,0.0,0.0,5.406917838213913,0.37393929450816504,0.0,0.0,0.0,0.1820457327235955,4.456778083725464,0.37393929450816504,0.5559850272317606,3.917621397073351,0.14612335263114715,2.2151353332632957,3.1917825049505715,1.1125803111981634,0.00541234208730258,0.5844934105245886,1.17941407289086,132.25776805536196,229.36736464991483,1.554312234475219e-14,-2.930988785010413e-14
2021-02-28T00:00:00.0,0.0,0.0,0.0,0.0,0.0,0.0,0.0,0.0,0.0,0.5222588151528991,0.025983414362085636,0.0,0.0,0.0,0.09101396791652089,1.3503494182063744,0.025983414362085608,0.11699738227860652,0.9201329278999015,0.15096413240565137,0.2084454059548515,0.31381340919803674,0.10245667903783473,0.005374313284609622,0.6038565296226055,1.2564742150453485,132.77820453962806,224.74763487297858,-1.865174681370263e-14,-5.329070518200751e-15
2021-03-01T00:00:00.0,0.0,0.0,0.0,0.0,0.0,0.0,0.0,0.0,0.0,2.081443726515159,0.19471379394925095,0.0,0.0,0.0,0.22348745678409798,4.2655904426377464,0.19471379394925092,0.4182012507333489,1.8198661570280898,0.15578871496634972,0.7923506136126053,1.2890931129025738,0.39921796442523877,0.005142719124846262,0.6231548598653989,1.2304258343900205,131.70172932709622,223.55954043039438,4.884981308350689e-15,4.218847493575595e-14
2021-03-02T00:00:00.0,0.0,0.0,0.0,0.0,0.0,0.0,0.0,0.0,0.0,2.26417891454633,0.25310374836184935,0.0,0.0,0.0,0.23005134022758478,4.512429859727827,0.25310374836184935,0.4831550885894341,1.9176164224901153,0.15994437548156065,0.840756328060013,1.4234225864862236,0.4320924245258959,0.004990167977964747,0.6397775019262426,1.1814121218962117,131.16132212810948,221.16568430766668,-4.085620730620576e-14,-9.059419880941277e-14
2021-03-03T00:00:00.0,0.0,0.0,0.0,0.0,0.0,0.0,0.0,0.0,0.0,4.022650113941173,0.3720283070373147,0.0,0.0,0.0,0.23358039784574683,4.939991151294998,0.3720283070373146,0.6056087048830615,2.926683304528843,0.16347636121927803,1.4904387497646208,2.5322113641765727,0.7773948721023369,0.004944237784775046,0.6539054448771121,1.1463748873466861,130.7131462518338,218.6049684211055,-1.3988810110276972e-14,7.327471962526033e-14
2021-03-04T00:00:00.0,0.0,0.0,0.0,0.0,0.0,0.0,0.0,0.0,0.0,3.425536675382178,0.24042206249986797,0.0,0.0,0.0,0.16683071571674557,3.890626360333429,0.24042206249986786,0.40725277821661354,2.621467529074388,0.16663926095962647,1.282406591138247,2.1431300842438654,0.6675215876523971,0.004982306445237085,0.6665570438385059,1.1412511447413112,130.94461531173923,214.90920005047428,2.398081733190338e-14,3.108624468950438e-14
2021-03-05T00:00:00.0,2.0,1.4901960784313726,0.5098039215686274,0.2666948652196196,0.0608251446992115,1.2235012132117529,0.4489787768694159,0.0,1.2235012132117529,3.890925457062773,0.24054248135437167,0.2666948652196196,0.0608251446992115,0.0,0.27803371262830046,5.549301034691748,0.2405424813543717,0.8460962039015032,3.663615835568306,0.1696832308316247,1.9627305891853553,3.151696081089073,1.0170571396965273,0.005095183359922619,0.6787329233264988,1.1521218113857843,131.0335682946443,211.7138404822236,-3.241851231905457e-14,6.661338147750939e-14
2021-03-06T00:00:00.0,0.4,0.12459016393442623,0.2754098360655738,0.022304854377063373,0.03287031171356708,0.10228530955736287,0.2425395243520067,0.10228530955736287,0.0,0.35,0.024259672918026224,0.022304854377063373,0.03287031171356708,0.0,0.22443442007951808,1.6410506619402772,0.02425967291802628,0.30386925908817475,0.8962446725536292,0.17278458436361369,0.1325232623635348,0.21747673763647304,0.06751320973930339,0.005069862996335997,0.6911383374544547,1.1778936749495377,131.77044775993676,209.034445211922,2.0872192862952943e-14,1.6342482922482304e-13
2021-03-07T00:00:00.0,0.0,0.0,0.0,0.0,0.0,0.0,0.0,0.0,0.0,0.35,0.07178880181298172,0.0,0.0,0.0,0.3639462455129283,4.291351900494481,0.07178880181298182,0.43573504732591006,0.8972558837795237,0.17574602416321206,0.12460119744950164,0.2253988025504967,0.06488242281644056,0.004788166860733906,0.7029840966528482,1.1459798787957565,130.71318807697008,208.06154669591666,-5.6621374255882984e-14,-8.781864124784988e-14
2021-03-08T00:00:00.0,0.5,0.21359223300970875,0.28640776699029125,0.03824174568492579,0.034185802960766995,0.17535048732478298,0.25222196402952424,0.17535048732478298,0.0,0.35,0.05944434910264121,0.03824174568492579,0.034185802960766995,0.0,0.291153357838811,3.639222763307612,0.05944434910264119,0.423025255587145,0.89795051080955,0.17802279410555175,0.11803873961689956,0.2319612603830705,0.06330984575055318,0.004510749019890526,0.712091176422207,1.0770651210992497,129.65114760923467,206.55280974064803,-1.5543122344752192e-15,-1.4654943925052066e-14
2021-03-09T00:00:00.0,0.6,0.1561643835616438,0.4438356164383562,0.027960345426522818,0.0529774965976222,0.128204038135121,0.390858119840734,0.128204038135121,0.0,0.35,0.03634673746773751,0.027960345426522818,0.0529774965976222,0.0,0.11233716185312552,2.1529428473428647,0.03634673746773744,0.22962174134500804,0.8968691269792514,0.17949974158544768,0.11255148427675098,0.2374485157232298,0.06205231906035938,0.004266357300350136,0.7179989663417907,1.0076483876765685,128.6787788046454,205.55381118014574,1.5765166949677223e-14,3.9968028886505635e-14
2021-03-10T00:00:00.0,0.0,0.0,0.0,0.0,0.0,0.0,0.0,0.0,0.0,0.35,0.05023207543768596,0.0,0.0,0.0,0.18418282802024835,3.04360016935976,0.05023207543768609,0.2344149034579343,0.8937318364349263,0.18026532257734584,0.10777334863474132,0.24222665136526078,0.060844812738983164,0.004052384751817723,0.7210612903093834,0.9462680650189863,127.80591351886363,204.847820570236,-2.919886554764162e-14,4.030109579389318e-14
2021-03-11T00:00:00.0,0.0,0.0,0.0,0.0,0.0,0.0,0.0,0.0,0.0,0.35,0.061386963020745484,0.0,0.0,0.0,0.17767299255388672,3.180907025928303,0.06138696302074555,0.2390599555746322,0.8886995215887733,0.18043386984611226,0.10346229578741738,0.24653770421256593,0.05964112161166738,0.003860624805239556,0.721735479384449,0.8925016958498295,126.98674283228141,203.53940850776576,1.3100631690576847e-14,3.2862601528904634e-14
2021-03-12T00:00:00.0,4.5,3.161392405063291,1.3386075949367089,0.56608018130449,0.15979440553339957,2.595312223758801,1.1788131894033094,0.0,2.595312223758801,1.388622567567392,0.3365242368088778,0.56608018130449,0.15979440553339957,0.0,0.12369304583695959,6.400299828454136,0.33652423680887794,1.186091869483727,2.619623897766019,0.18011710705433662,1.1902810481879584,2.793653743138563,0.7050223397081027,0.0038520816526100062,0.7204684282173465,0.852363077565764,126.21589013120654,202.2312151607563,-4.3520742565306136e-14,-6.794564910705958e-14
2021-03-13T00:00:00.0,0.0,0.0,0.0,0.0,0.0,0.0,0.0,0.0,0.0,0.35,0.046833031598066836,0.0,0.0,0.0,0.2496976576433349,2.782200906850466,0.04683303159806682,0.29653068924140175,0.8888157384707143,0.17963329396090225,0.10503492884505997,0.24496507115494753,0.0613751545889693,0.0038724791930769098,0.718533175843609,0.8539512445952427,127.1117821386097,202.7453822864525,4.618527782440651e-14,-2.7267077484793845e-13
2021-03-14T00:00:00.0,4.3,2.466666666666667,1.8333333333333333,0.4417191409153009,0.2188698445976716,2.024947525751366,1.6144634887356617,0.26247315737181304,1.762474368379553,0.35,0.14001523634100668,0.4417191409153009,0.2188698445976716,0.0,0.4811936732824598,6.9106371607271395,0.1400152363410069,1.281797895136439,1.7118803890971301,0.17917852928507447,0.6234343428590196,1.4890400255203526,0.3679255310166531,0.0038063980811606363,0.7167141171402979,0.8456850727858451,126.39071529978928,201.38040256477944,1.1546319456101628e-14,3.375077994860476e-14
2021-03-15T00:00:00.0,11.9,0.0,11.9,0.0,1.4205315376575,0.0,10.479468462342501,0.0,0.0,0.35,0.02174827179916287,0.0,1.4205315376574998,0.0,0.6277872718109329,3.2654924191737313,0.021748271799162815,2.0700670812675956,0.8800186800926235,0.17863606106999935,0.10175913031870258,0.24824086968130693,0.059966619189664276,0.0037486863042593913,0.7145442442799974,0.8354388204435191,126.52232308708496,202.50754575126064,8.770761894538737e-15,1.6475709685437323e-13
2021-03-16T00:00:00.0,16.9,0.0,16.9,0.0,2.0156808631575878,0.0,14.88431913684241,0.0,0.0,0.35,0.010719173169668151,0.0,0.9354128995961437,0.0,0.09186972222035875,1.6035649707362463,0.01071917316966813,1.0380017949861706,0.8719870299807733,0.17798046636775433,0.09811723653543968,0.2518827634644977,0.05833781972631264,0.003610108248003699,0.7119218654710173,0.8137117440337903,125.84966155902967,211.2788239288304,-1.2434497875801753e-14,1.2434497875801753e-14
2021-03-17T00:00:00.0,3.4,0.0,3.4,0.0,0.40499786665052867,0.0,2.9950021333494714,0.0,0.0,0.35,0.011004189170954946,0.0,1.485265830211973,0.0,0.1600483707493023,2.3131223816750706,0.011004189170954937,1.6563183901322303,0.8640212267559741,0.17708404890797874,0.09499064751827672,0.2550093524816909,0.057216677996852566,0.0034777056089295884,0.708336195631915,0.7820496044573169,125.2151654773164,226.09085463749568,-1.1213252548714081e-14,2.4868995751603507e-14
2021-03-18T00:00:00.0,2.6,0.0,2.6,0.0,0.3096353418086404,0.0,2.2903646581913595,0.0,0.0,0.35,0.022158157644111786,0.0,0.3096353418086404,0.0,0.07392224866364379,1.5181730563956841,0.02215815764411173,0.40571574811639594,0.8554005038654928,0.1759176080423631,0.09215889453034146,0.25784110546965516,0.05621659471808598,0.0033545824476129277,0.7036704321694524,0.7501536731860053,124.61642665256404,226.79343097169948,-3.3306690738754696e-15,1.9095836023552692e-14
2021-03-19T00:00:00.0,0.2,0.0,0.2,0.0,0.023814121870416646,0.0,0.17618587812958336,0.0,0.0,0.35,0.02546408748665933,0.0,0.023814121870416646,0.0,0.07228402291072535,1.5168653685272624,0.02546408748665929,0.12156223226780133,0.8460949372286468,0.17450625971116251,0.08955106427444204,0.2604489357255734,0.055278264230272774,0.0032405698792812906,0.6980250388446501,0.7202604301763291,124.0423847500379,227.95639711167524,-1.3433698597964394e-14,-1.687538997430238e-14
2021-03-20T00:00:00.0,0.4,0.0,0.4,0.0,0.04762929365458249,0.0,0.35237070634541756,0.0,0.0,0.35,0.034562309212098616,0.0,0.04762929365458249,0.0,0.0726575416972188,1.794266110599747,0.034562309212098644,0.15484914456389992,0.8361858584835716,0.17288346317094264,0.08713806678441299,0.26286193321558526,0.0543788533971421,0.0031350856182455994,0.6915338526837705,0.6926742462698756,123.4985903339909,227.01423368246762,2.3425705819590803e-14,1.3988810110276972e-14
2021-03-21T00:00:00.0,0.0,0.0,0.0,0.0,0.0,0.0,0.0,0.0,0.0,0.35,0.030099476882549388,0.0,0.0,0.0,0.08348345617395601,1.8979672578015898,0.030099476882549343,0.11358293305650541,0.8258145443496937,0.17108157956149256,0.08491429995868158,0.2650857000413093,0.053536157559228144,0.0030377685858142267,0.6843263182459702,0.6672572288333263,122.97670177270913,226.25031521624922,-6.5503158452884236e-15,-1.4765966227514582e-14
2021-03-22T00:00:00.0,0.8,0.0,0.8,0.0,0.095262885719102,0.0,0.704737114280898,0.0,0.0,0.35,0.021599523652811304,0.0,0.095262885719102,0.0,0.0032302324007266034,1.3849175405858598,0.021599523652811092,0.12009264177263991,0.8151333833507284,0.16913001244530199,0.08289861333732228,0.26710138666268557,0.052765495776152846,0.002949224456045318,0.6765200497812079,0.6439590520341647,122.48785684088953,225.13983615928151,-9.270362255620057e-15,1.3322676295501878e-14
2021-03-23T00:00:00.0,0.0,0.0,0.0,0.0,0.0,0.0,0.0,0.0,0.0,0.35,0.042597496736945115,0.0,0.0,0.0,-0.06448321798832786,3.476458834857453,0.042597496736945094,-0.021885721251382745,0.8040842363926851,0.16705685932699949,0.08100274412640432,0.26899725587360984,0.05198733675333694,0.002866718204946488,0.6682274373079979,0.6227565198028194,122.03368493163306,224.8354801217129,-1.5210055437364645e-14,-4.618527782440651e-14
2021-03-24T00:00:00.0,0.0,0.0,0.0,0.0,0.0,0.0,0.0,0.0,0.0,0.35,0.06419894277108032,0.0,0.0,0.0,0.15064881764778681,3.427098803694983,0.0641989427710803,0.21484776041886713,0.792658928627044,0.16488603381416841,0.07914695017029166,0.2708530498296839,0.051180864125058075,0.002786979075019661,0.6595441352566737,0.6030497607736672,121.5824741160086,223.88622474724454,2.55351295663786e-14,4.8627768478581856e-14
2021-03-25T00:00:00.0,0.0,0.0,0.0,0.0,0.0,0.0,0.0,0.0,0.0,0.35,0.0944392053201673,0.0,0.0,0.0,0.11517387471561685,3.839058826903846,0.0944392053201674,0.20961308003578416,0.780900909367961,0.162633510896458,0.07731223794390854,0.2726877620560752,0.05034584358695805,0.0027087842512621882,0.650534043585832,0.5842205937993263,121.13211061909348,222.7138320243845,-2.4924506902834764e-14,-2.6645352591003757e-14
2021-03-26T00:00:00.0,0.0,0.0,0.0,0.0,0.0,0.0,0.0,0.0,0.0,0.35,0.32232326886605933,0.0,0.0,0.0,0.17177624211459164,4.666320173518139,0.32232326886605955,0.49409951098065097,0.7679380507402935,0.1603094824206135,0.07504225056867829,0.27495774943132106,0.049040542452320465,0.002617328036840677,0.641237929682454,0.5656370947558436,120.67308395419184,221.56068452408428,4.163336342344337e-15,3.9968028886505635e-15
2021-03-27T00:00:00.0,0.0,0.0,0.0,0.0,0.0,0.0,0.0,0.0,0.0,3.866559777077013,0.4447266138445098,0.0,0.0,0.0,0.2675131292602501,6.1752976960013655,0.44472661384450973,0.7122397431047599,2.061845667268123,0.1579189846414006,0.8525518809759787,3.014007896101424,0.5749498045736652,0.002668043152876478,0.6316759385656024,0.5498160953354931,120.00842346951207,220.1383374799427,2.842170943040401e-14,3.042011087472929e-14
2021-03-28T00:00:00.0,1.9,0.8804878048780487,1.0195121951219512,0.15734915165827096,0.1214625030344548,0.7231386532197777,0.8980496920874964,0.6795252960674776,0.04361335715230008,0.35,0.022631208302369452,0.15734915165827096,0.1214625030344548,0.0,0.18709395241284904,2.032535449089152,0.02263120830236948,0.48853681540794425,0.7738656063002884,0.15561897912243963,0.08938717409530052,0.30422618305699095,0.05924525907746926,0.0027572566377610085,0.6224759164897585,0.5616245618331354,121.45027080870688,217.20633308492873,7.105427357601002e-14,-3.2107649872159527e-13
2021-03-29T00:00:00.0,0.0,0.0,0.0,0.0,0.0,0.0,0.0,0.0,0.0,3.22829581186362,0.2868219140287718,0.0,0.0,0.0,0.2401925536828845,4.962290206400953,0.2868219140287719,0.5270144677116563,1.865394824045267,0.1535734879641356,0.7488941494905201,2.4794016623731223,0.4993833618046232,0.002823360893580818,0.6142939518565425,0.5739965060165262,121.10823870591315,217.6883116840981,-2.070565940925917e-14,-3.863576125695545e-14
2021-03-30T00:00:00.0,0.0,0.0,0.0,0.0,0.0,0.0,0.0,0.0,0.0,9.122142826547323,0.7060738757898387,0.0,0.0,0.0,0.15775901049685442,5.11294086014146,0.7060738757898387,0.8638328862866931,4.70510167792442,0.15180428202880378,2.4456094462421145,6.676533380305235,1.6490044216967195,0.003270681870369827,0.6072171281152151,0.607812965754674,122.22461522554276,215.14232890437702,9.103828801926284e-15,1.3322676295501878e-14
2021-03-31T00:00:00.0,0.0,0.0,0.0,0.0,0.0,0.0,0.0,0.0,0.0,14.661939988570992,0.9887144827904503,0.0,0.0,0.0,0.0808889219922467,4.823900876003033,0.9887144827904498,1.069603404782697,8.75093386758597,0.1508418501904314,5.005147158955234,9.656792829615824,3.138187083087817,0.004232224781192597,0.6033674007617256,0.7323151187803408,125.9349866607364,209.42159005813716,-3.1086244689504383e-15,-4.884981308350689e-14
2021-04-01T00:00:00.0,0.0,0.0,0.0,0.0,0.0,0.0,0.0,0.0,0.0,13.609821238977617,0.9434591839051851,0.0,0.0,0.0,0.08592230463309078,4.686524513454437,0.9434591839051849,1.029381488538276,9.286014714381757,0.151775058533643,5.646647691218866,7.963173547759464,3.026975126238519,0.005291662789806458,0.607100234134572,0.9822807101229216,130.72833058091243,199.45021093557813,-4.440892098500626e-15,-6.927791673660977e-14
2021-04-02T00:00:00.0,5.4,5.323943661971832,0.07605633802816891,0.954844356292371,0.009093755774213045,4.369099305679461,0.06696258225395586,0.0,4.369099305679461,13.61965239093869,0.6912390775948073,0.954844356292371,0.009093755774213045,0.0,0.060636494361341206,5.201907989739831,0.6912390775948071,1.7158136840227325,13.398488424051159,0.15540968620345613,8.759216182665662,9.22953551395423,4.011270203418283,0.006363293153387489,0.6216387448138245,1.282695927911967,133.7334974456154,188.98303967412508,6.084022174945858e-14,-6.288303211476887e-13
2021-04-03T00:00:00.0,0.0,0.0,0.0,0.0,0.0,0.0,0.0,0.0,0.0,13.708424215587998,0.6508617604255507,0.0,0.0,0.0,-0.09093305235854952,5.867636681083585,0.6508617604255506,0.5599287080670011,10.92527451894639,0.16194472484935607,7.367028563546289,6.341395652041205,2.9032497871752176,0.007217268827467207,0.6477788993974243,1.603890442352987,136.97146445749112,179.1133278798494,6.128431095930864e-14,-1.673328142715036e-12
2021-04-04T00:00:00.0,0.0,0.0,0.0,0.0,0.0,0.0,0.0,0.0,0.0,0.35,0.05791178562209755,0.0,0.0,0.0,0.39495932035069203,4.784218738356506,0.0579117856220975,0.45287110597278957,0.9418201709313924,0.17080108332192254,0.18160691102549942,0.16839308897448357,0.06980341639055211,0.007205510227651037,0.6832043332876901,1.7893901845937505,138.14764085075115,167.46617992798622,-3.863576125695545e-14,4.4231285301066237e-13
2021-04-05T00:00:00.0,0.0,0.0,0.0,0.0,0.0,0.0,0.0,0.0,0.0,0.35,0.0872259430034258,0.0,0.0,0.0,0.2828316253258493,4.38346942499153,0.08722594300342587,0.3700575683292751,0.9579112843350204,0.17970639650638115,0.16412196464179224,0.18587803535819492,0.0683746873128787,0.006589046354824731,0.7188255860255246,1.711105529185509,136.39172304289158,165.9006875677601,-7.105427357601002e-15,2.6201263381153694e-14
2021-04-06T00:00:00.0,1.1,0.7381578947368421,0.36184210526315796,0.1327257825024663,0.043374438726296184,0.6054321122343758,0.31846766653686176,0.0,0.6054321122343758,4.049994107559658,0.38565608858982847,0.1327257825024663,0.043374438726296184,0.0,0.37538772602775533,8.260875045146364,0.3856560885898286,0.9371440358463463,3.757611916211951,0.18684611753048222,2.0801064645959455,2.5753197551984983,0.923932370105161,0.006188611388912858,0.7473844701219289,1.5568783804329585,134.70430587239312,164.3930123185894,1.9761969838327786e-14,1.176836406102666e-14
2021-04-07T00:00:00.0,2.4,0.0,2.4,0.0,0.28779594916811885,0.0,2.112204050831881,0.0,0.0,0.35,0.029589645449680554,0.0,0.28779594916811885,0.0,0.7868126028639061,2.917782547164934,0.029589645449680617,1.1041981974817054,0.9939569287599529,0.19244026835733238,0.14981482501660856,0.2001851749833874,0.0684820499320001,0.0058989803820150705,0.7697610734293295,1.4662575738399162,134.40697017707473,160.611410249001,3.2862601528904634e-14,-3.921307722976053e-13
2021-04-08T00:00:00.0,2.2,0.0,2.2,0.0,0.2637900665070486,0.0,1.9362099334929517,0.0,0.0,0.35,0.02500190101436639,0.0,0.2637900665070486,0.0,0.12969941390924217,2.184172411138865,0.025001901014366425,0.41849138143065717,0.9994454254875774,0.19688124084109912,0.13953624254880587,0.21046375745119345,0.06690724950019675,0.005476970074179455,0.7875249633643965,1.3646414537526481,133.0369271024545,160.72081485440202,-1.1324274851176597e-14,-1.3322676295501878e-15
2021-04-09T00:00:00.0,0.0,0.0,0.0,0.0,0.0,0.0,0.0,0.0,0.0,0.35,0.06884891420377107,0.0,0.0,0.0,0.032457221083379895,2.942311025936974,0.0688489142037711,0.10130613528715096,1.001871915900411,0.20004585823936508,0.1309797730535194,0.219020226946469,0.06560989097029006,0.005098818919139525,0.8001834329574603,1.255354943505511,131.78536328556436,161.30599680664275,-4.263256414560601e-14,-6.461498003318411e-14
2021-04-10T00:00:00.0,0.0,0.0,0.0,0.0,0.0,0.0,0.0,0.0,0.0,1.057737657787026,0.20424341747140062,0.0,0.0,0.0,0.2202735702785872,7.503156625699842,0.2042434174714005,0.4245169877499878,1.3839933807642684,0.20204611441779502,0.3756114630825682,0.6821261947045121,0.19540704714653967,0.004790412863980657,0.8081844576711801,1.1590177816122782,130.60947094491212,160.00277289721578,-2.6645352591003757e-15,4.8405723873656825e-14
2021-04-11T00:00:00.0,0.0,0.0,0.0,0.0,0.0,0.0,0.0,0.0,0.0,4.535317910922649,0.23510919657039323,0.0,0.0,0.0,0.2575608824522799,5.653536346863935,0.23510919657039314,0.4926700790226731,3.3011083963956565,0.20312829416665093,1.6168663601664406,2.9184515507564615,0.8669951282862106,0.004733731276401899,0.8125131766666037,1.092344144063563,129.7281384805224,157.99221641428377,2.7533531010703882e-14,-4.796163466380676e-14
2021-04-12T00:00:00.0,1.1,1.1,0.0,0.19793048541217756,0.0,0.9020695145878226,0.0,0.0,0.9020695145878226,3.0909370489128167,0.5135133820571585,0.19793048541217756,0.0,0.0,0.10907544224887163,6.189867808602457,0.5135133820571585,0.8205193097182076,3.0564703408398155,0.20382754709257173,1.4611733493826569,2.5318332141179822,0.7751463309297879,0.004840472157083881,0.8153101883702869,1.0918195997937392,130.4474078310823,153.99530964469903,-5.773159728050814e-15,-2.4069635173873394e-13
2021-04-13T00:00:00.0,6.2,2.214285714285715,3.9857142857142853,0.39854485714285726,0.47825382857142856,1.8157408571428575,3.507460457142857,0.19856532156875775,1.6171755355740998,0.35,0.04372948711835142,0.39854485714285726,0.47825382857142856,0.0,0.0,4.45308339820847,0.04372948711835147,0.9205281728326372,1.9161656659959414,0.20462383055962308,0.7154781697031003,1.2516973658708772,0.37736094536087506,0.004831228693475351,0.8184953222384923,1.1065161094646392,130.5939212602625,151.0144924470484,9.769962616701378e-15,2.7977620220553945e-14
2021-04-14T00:00:00.0,0.1,0.0,0.1,0.0,0.01199562059714546,0.0,0.08800437940285455,0.0,0.0,0.35,0.042623806340895604,0.0,0.01199562059714546,0.0,0.5655779144637535,3.3860753025757244,0.04262380634089554,0.6201973414017945,1.0139932539706162,0.20540307018662732,0.1226621151430182,0.22733788485699355,0.06504461587848248,0.00467424220260561,0.8216122807465093,1.094059151563572,130.31318085549603,154.17317477766005,1.2434497875801753e-14,1.5853984791647235e-13
2021-04-15T00:00:00.0,0.0,0.0,0.0,0.0,0.0,0.0,0.0,0.0,0.0,0.35,0.05028508898158698,0.0,0.0,0.0,0.1897803613687156,3.465260893493233,0.050285088981586915,0.24006545035030258,1.0072755304411605,0.205847213954401,0.11636376152841023,0.23363623847159395,0.06309587391340846,0.00442703918173754,0.823388855817604,1.046651907844616,129.33411692436746,152.43358111210102,2.220446049250313e-15,-1.0436096431476471e-14
2021-04-16T00:00:00.0,0.0,0.0,0.0,0.0,0.0,0.0,0.0,0.0,0.0,0.35,0.047889081571952846,0.0,0.0,0.0,0.12589669154434752,3.6159713357851015,0.0478890815719528,0.17378577311630036,0.9998177936110878,0.2057197609523338,0.11103267393250286,0.23896732606751755,0.06170975710287672,0.00419631876637281,0.8228790438093352,0.9860003193382412,128.4032932529177,150.98039291735518,3.3306690738754696e-15,-1.532107773982716e-14
2021-04-17T00:00:00.0,0.0,0.0,0.0,0.0,0.0,0.0,0.0,0.0,0.0,0.35,0.08136190612789101,0.0,0.0,0.0,0.2047504981043267,4.710762732189833,0.08136190612789101,0.28611240423221773,0.9907420475533333,0.20501633722476478,0.1062852897794196,0.24371471022060062,0.06040437419567516,0.003987034679179981,0.8200653488990591,0.9283461988568522,127.5424651022058,149.6010695896755,-1.587618925213974e-14,-3.6415315207705135e-14
2021-04-18T00:00:00.0,0.0,0.0,0.0,0.0,0.0,0.0,0.0,0.0,0.0,0.35,0.07108702487751678,0.0,0.0,0.0,0.2226750929430454,4.916725621074039,0.07108702487751684,0.29376211782056216,0.9802462255248968,0.2038111816811145,0.10201963262762768,0.24798036737234347,0.05918390911981683,0.00379795705299413,0.815244726724458,0.8760287805464808,126.71208029856673,148.11919880066517,6.572520305780927e-14,-2.220446049250313e-16
2021-04-19T00:00:00.0,0.1,0.05409836065573771,0.04590163934426229,0.00973672222255381,0.005507640853161751,0.0443616384331839,0.04039399849110054,0.0,0.0443616384331839,0.3040183759558751,0.055355784714152347,0.00973672222255381,0.005507640853161751,0.0,0.12172522222550651,4.168314393755621,0.05535578471415221,0.19232537001537442,0.968006231537951,0.20218170734121524,0.09783416323837328,0.25054585115067685,0.057813909063155186,0.0036313298715618773,0.808726829364861,0.829332313040462,125.94996299434224,146.64137927563854,2.4091839634365897e-14,5.861977570020827e-14
2021-04-20T00:00:00.0,0.0,0.0,0.0,0.0,0.0,0.0,0.0,0.0,0.0,0.0,0.15690679752200587,0.0,0.0,0.18937667017080356,0.0,6.2314287165128075,0.15690679752200606,0.34628346769280943,0.8042479108387629,0.20020181870240147,0.0,0.0,0.0,0.003440636029157419,0.8008072748096059,0.7869967324489667,125.2543755088036,145.37886596674403,-1.6209256159527285e-14,-2.864375403532904e-14
2021-04-21T00:00:00.0,0.0,0.0,0.0,0.0,0.0,0.0,0.0,0.0,0.0,0.0,0.4536642490325864,0.0,0.0,0.29562872896946185,0.0,6.730162995862979,0.4536642490325866,0.7492929780020483,0.7947237464134458,0.1978842716236549,0.0,0.0,0.0,0.0031866599188262825,0.7915370864946196,0.7383604118701119,124.11765467263272,144.02813276951014,-5.306866057708248e-14,-8.060219158778636e-14
2021-04-22T00:00:00.0,3.7,2.877777777777778,0.8222222222222222,0.5179654666666668,0.0986600888888889,2.3598123111111113,0.7235621333333333,0.0,2.3598123111111113,0.7235621333333333,0.6108604130613419,0.5179654666666668,0.0986600888888889,0.0,0.0,6.732788476774792,0.6108604130613416,1.2274859686168975,2.012104737484883,0.19516336299525358,0.7537004182470781,2.3296740261971247,0.4746756304488996,0.0030752368078909007,0.7806534519810143,0.6849898492033583,122.62681462284165,142.2862317734709,8.837375276016246e-14,9.969802761133906e-14
2021-04-23T00:00:00.0,0.0,0.0,0.0,0.0,0.0,0.0,0.0,0.0,0.0,0.0,0.5290690669241521,0.0,0.0,0.272915766471349,0.0,5.336693612535546,0.5290690669241518,0.8019848333955011,0.7717487054789899,0.19218895794032084,0.0,0.0,0.0,0.0029928737177062374,0.7687558317612834,0.6611905118987447,123.18288751951732,142.55147770437364,-3.863576125695545e-14,2.1582735598713043e-13
2021-04-24T00:00:00.0,0.0,0.0,0.0,0.0,0.0,0.0,0.0,0.0,0.0,0.0,0.967776688515776,0.0,0.0,0.3695080047103525,0.0,8.119499086764522,0.9677766885157757,1.3372846932261284,0.759220075816353,0.1891265053593553,0.0,0.0,0.0,0.002714054378931938,0.7565060214374212,0.6277460654301731,121.71671930050552,140.78555520755896,-1.4632739464559563e-13,-1.3034018309099338e-13
2021-04-25T00:00:00.0,0.0,0.0,0.0,0.0,0.0,0.0,0.0,0.0,0.0,0.0,1.247922265851935,0.0,0.0,0.3854289813555663,0.0,10.29078047838256,1.247922265851935,1.6333512472075014,0.745394989211387,0.18574997780475871,0.0,0.0,0.0,0.002395077992352546,0.7429999112190349,0.5687995318876042,119.74897448747048,138.4999239331573,-1.936228954946273e-13,-1.8474111129762605e-13
2021-04-26T00:00:00.0,0.0,0.0,0.0,0.0,0.0,0.0,0.0,0.0,0.0,0.0,1.0453579660880197,0.0,0.0,0.3044048267770318,0.0,9.141314411730404,1.0453579660880195,1.3497627928650515,0.7297271367538032,0.1819055505381182,0.0,0.0,0.0,0.0021049346013293714,0.7276222021524728,0.5008002214534444,117.54442863038294,135.93542771893357,7.993605777301127e-14,9.015010959956271e-14
2021-04-27T00:00:00.0,2.6,2.6,0.0,0.5273914285714285,0.0,2.072608571428572,0.0,0.0,2.072608571428572,0.0,0.39655453348621994,0.5273914285714285,0.0,0.17590581193582633,0.0,4.185795627498666,0.39655453348622,1.0998517739934748,1.3037794081981167,0.17760971869885886,0.35179789872886214,1.7208106726998378,0.23955708332801617,0.001985551345803002,0.7104388747954354,0.4413953617359166,115.6917606814631,133.6740322387766,1.9095836023552692e-14,4.884981308350689e-15
2021-04-28T00:00:00.0,0.0,0.0,0.0,0.0,0.0,0.0,0.0,0.0,0.0,0.0,1.3356258273151072,0.0,0.0,0.3024181714745298,0.0,7.160881683900896,1.3356258273151072,1.638043998789637,0.6942193338520787,0.17308303486640905,0.0,0.0,0.0,0.0018871943864424549,0.6923321394656362,0.4110429204881561,116.15717301233113,133.69279133788626,2.1760371282653068e-14,-1.2301271112846734e-13
2021-04-29T00:00:00.0,0.0,0.0,0.0,0.0,0.0,0.0,0.0,0.0,0.0,0.0,1.035835846889864,0.0,0.0,0.2130993641147246,0.0,7.648069299028404,1.035835846889864,1.2489352110045886,0.6757623453762108,0.16851993907406213,0.0,0.0,0.0,0.0016825890799628965,0.6740797562962485,0.38178208079818826,114.1061988986669,131.18744497037815,-1.0658141036401503e-14,-1.4210854715202004e-14
2021-04-30T00:00:00.0,5.3,5.3,0.0,1.4384593714285716,0.0,3.8615406285714284,0.0,0.0,3.8615406285714284,0.0,0.518779654737352,1.4384593714285716,0.0,0.1285152114963587,0.0,7.316782293312709,0.5187796547373518,2.0857542376622824,1.658552464107232,0.16384685413358582,0.5814495503056113,3.2800910782659494,0.420042584596952,0.0016729126703255983,0.6553874165343433,0.3475918770312124,112.4737990177841,129.09422747492323,6.106226635438361e-14,6.128431095930864e-14
2021-05-01T00:00:00.0,0.1,0.1,0.0,0.02942622857142857,0.0,0.07057377142857144,0.0,0.0,0.07057377142857144,0.0,1.0527555166658455,0.02942622857142857,0.0,0.1891973185066324,0.0,8.662321312140758,1.0527555166658458,1.2713790637439066,0.6567690107298727,0.15918714894975927,0.010746885339074986,0.05982688608949224,0.007585436217889905,0.0016880933738707496,0.6367485957990371,0.33988758421296644,114.33728785551786,130.48607391902027,-6.217248937900877e-15,-1.4166445794216997e-13
2021-05-02T00:00:00.0,15.7,15.7,0.0,2.9067119369405097,0.0,12.793288063059489,0.0,0.0,12.793288063059489,0.0,0.2631109938210694,2.9067119369405092,0.0,0.0724190329904072,0.0,5.956081525107243,0.2631109938210695,3.2422419637519857,4.940281692678306,0.15474238361380052,2.3886285812707477,10.404659481788437,1.9305857683039038,0.002097808648450245,0.6189695344552021,0.34448597089047694,112.80600079263019,128.49873869559676,-4.196643033083092e-14,-2.4424906541753444e-14
2021-05-03T00:00:00.0,0.7,0.5833333333333333,0.11666666666666671,0.19831699999999997,0.02644226666666668,0.3850163333333333,0.09022440000000004,0.0,0.3850163333333333,0.09022440000000004,0.1923143937377192,0.1983170000000004,0.02644226666666668,0.0,0.0,5.622405493627484,0.19231439373771922,0.4170736604043863,0.7892441520355483,0.150870494366679,0.10623974412058039,0.3690009892127281,0.07692498882909149,0.002597441619160123,0.603481977466716,0.4225545777741573,120.59796069976431,135.86147265555238,8.881784197001252e-16,2.877698079828406e-13
2021-05-04T00:00:00.0,0.0,0.0,0.0,0.0,0.0,0.0,0.0,0.0,0.0,0.0,1.0316118044885982,0.0,0.0,0.21610963073039519,0.0,9.36375072992899,1.0316118044885982,1.2477214352189934,0.5947227362280355,0.14806586821310605,0.0,0.0,0.0,0.0024592633756114037,0.5922634728524242,0.4978154232412512,120.27257028701693,135.20428434874574,-1.8263168755083825e-14,1.7541523789077473e-14
2021-05-05T00:00:00.0,0.0,0.0,0.0,0.0,0.0,0.0,0.0,0.0,0.0,0.0,1.470525101757929,0.0,0.0,0.24737949811754453,0.0,13.515128750425221,1.4705251017579295,1.7179045998754736,0.5851889450118447,0.145747450652206,0.0,0.0,0.0,0.0021991424030207186,0.582989802608824,0.49672781975618163,118.52457416518108,133.2137743090856,-1.9984014443252818e-15,1.9984014443252818e-15
2021-05-06T00:00:00.0,3.8,3.0659090909090905,0.7340909090909092,1.2525359883116882,0.19993532207792214,1.8133731025974023,0.534155587012987,0.0,1.8133731025974023,0.534155587012987,0.3008612356946653,1.2525359883116882,0.19993532207792214,0.0,0.0,7.6197085768100905,0.30086123569466544,1.7533325460842755,1.2775257367649413,0.14329417232445357,0.41694780488807953,1.9305808847221086,0.28531201643708015,0.0020892261419676187,0.5731766892978143,0.45645289685438545,116.30774260314638,130.76493331354607,2.3092638912203256e-14,1.687538997430238e-14
2021-05-07T00:00:00.0,1.7,1.4796296296296296,0.2203703703703704,0.6382995396825397,0.06337725925925927,0.8413300899470899,0.15699311111111114,0.0,0.8413300899470899,0.15699311111111114,0.8219169563627428,0.6382995396825397,0.06337725925925927,0.0,0.0,9.801187259669234,0.8219169563627425,1.5235937553045418,0.8686921205354255,0.14062513214940087,0.17997620731909836,0.8183469937390551,0.12411686185553598,0.0020985227631875724,0.5625005285976035,0.4347243535162391,117.19360811274038,131.39078085837218,1.2212453270876722e-14,2.1449508835758024e-13
2021-05-08T00:00:00.0,2.3,1.8740740740740738,0.425925925925926,0.8512911873015871,0.12898351322751322,1.0227828867724866,0.29694241269841276,0.0,1.0227828867724866,0.29694241269841276,0.4610520985551255,0.8512911873015871,0.12898351322751322,0.0,0.0,8.074212734311823,0.4610520985551258,1.441326799084226,0.9516012220463456,0.13796723547408457,0.23472185422129802,1.0850034452496242,0.16294807052698537,0.0020623554017235534,0.5518689418963383,0.42645092261042533,116.6290984119818,130.55786985038284,-7.283063041541027e-14,-2.9976021664879227e-14
2021-05-09T00:00:00.0,0.0,0.0,0.0,0.0,0.0,0.0,0.0,0.0,0.0,0.0,2.503583537395702,0.0,0.0,0.27006713150737555,0.0,14.367995047388117,2.503583537395703,2.7736506689030778,0.5433159352773828,0.13535656692116382,0.0,0.0,0.0,0.0018896675927270747,0.5414262676846553,0.41687687370718773,116.66158841013717,130.32697459377823,-5.440092820663267e-15,-4.440892098500626e-14
2021-05-10T00:00:00.0,0.0,0.0,0.0,0.0,0.0,0.0,0.0,0.0,0.0,0.0,3.4880765757416974,0.0,0.0,0.29912550401898214,0.0,21.24515039632777,3.4880765757416983,3.7872020797606796,0.5322299651529208,0.1326758185703443,0.0,0.0,0.0,0.0015266908715433076,0.5307032742813772,0.3807866286586265,113.46917119993425,126.87465142267666,-7.37188088351104e-14,-5.595524044110789e-14
2021-05-11T00:00:00.0,0.7,0.7,0.0,0.36596759999999995,0.0,0.3340324,0.0,0.0,0.3340324,0.0,2.6068622036722506,0.36596759999999995,0.0,0.22977086170395083,0.0,23.313271224904245,2.60686220367225,3.2026006653762016,0.5794412700715047,0.12961717564434105,0.036782445119057386,0.29724995488094463,0.022978463489865205,0.0012116588852181965,0.5184687025773642,0.31734366271586534,109.29965580064325,122.42254355919256,1.5187850976872141e-13,1.5631940186722204e-13
2021-05-12T00:00:00.0,11.9,11.9,0.0,4.499791427243615,0.0,7.4002085727563855,0.0,0.0,7.4002085727563855,0.0,0.4022823562029073,4.499791427243616,0.0,0.04587380159652117,0.0,8.678382853159418,0.40228235620290737,4.947947585043044,2.084307343387261,0.12609291921862611,0.8937308933799122,6.506477679374995,0.6849510397105036,0.0012537334223406578,0.5043716768745045,0.26183924400822806,106.41873890505703,119.2108844481005,1.9539925233402755e-14,1.3322676295501878e-14
2021-05-13T00:00:00.0,0.5,0.5,0.0,0.28426028571428574,0.0,0.21573971428571426,0.0,0.0,0.21573971428571426,0.0,0.8253590367749863,0.28426028571428485,0.0,0.1046710173484497,0.0,9.15136455982317,0.825359036774986,1.214290339837721,0.542380178785319,0.12242526822000457,0.029198963853641898,0.1865407504320835,0.022066927702551926,0.0014132143491068115,0.4897010728800183,0.2556464522125083,111.52901640949162,123.9525366004502,-9.85878045867139e-14,1.3677947663381929e-12
2021-05-14T00:00:00.0,0.6,0.6,0.0,0.3548252571428571,0.0,0.24517474285714286,0.0,0.0,0.24517474285714286,0.0,0.6858702860518772,0.3548252571428571,0.0,0.09993438794299175,0.0,8.874544281664537,0.6858702860518776,1.1406299311377261,0.5312477045219602,0.11900660842409434,0.031277732951626766,0.2138970099055115,0.02260934995094548,0.0013341879230101725,0.47602643369637737,0.2651939744328647,110.50640051153607,122.57344081360714,2.6645352591003757e-14,2.220446049250313e-14
2021-05-15T00:00:00.0,0.8,0.8,0.0,0.4913842285714285,0.0,0.30861577142857155,0.0,0.0,0.30861577142857155,0.0,1.869239063644998,0.4913842285714285,0.0,0.15171482006038306,0.0,14.635108945199791,1.8692390636449976,2.51233811227681,0.5258759226574332,0.11577224622853448,0.03630150050289255,0.27231427092570515,0.025265391314910735,0.001220045925492196,0.4630889849141379,0.2596790447680591,109.6453553351399,121.38255656952336,-2.9976021664879227e-15,-4.884981308350689e-15
2021-05-16T00:00:00.0,1.7,1.7,0.0,1.0830447428571428,0.0,0.6169552571428571,0.0,0.0,0.6169552571428571,0.0,1.238423368461623,1.0830447428571428,0.0,0.10358139773016936,0.0,11.15505090365338,1.2384233684616226,2.425049509048935,0.5647205302092599,0.11258295820055457,0.06681882359355393,0.5501364335492113,0.046471360758863586,0.0010985130546243428,0.4503318328022183,0.24253484519954352,107.61055124035157,119.02857028836041,1.900701818158268e-13,1.687538997430238e-13
2021-05-17T00:00:00.0,7.3,7.3,0.0,4.817562,0.0,2.482438,0.0,0.0,2.482438,0.0,1.1861864748134907,4.817562,0.0,0.09907492566807805,0.0,14.2100196130678,1.1861864748134905,6.102823400481569,0.9000145530888071,0.10935509628186325,0.26700358891403086,2.215434411085551,0.19452375400519073,0.0010668250421328246,0.437420385127453,0.22253416157798067,106.52857818869619,117.6262172909018,-2.3092638912203256e-13,-1.4277468096679513e-13
2021-05-18T00:00:00.0,0.7,0.7,0.0,0.4619579999999999,0.0,0.23804200000000003,0.0,0.0,0.23804200000000003,0.0,0.9187914847318445,0.4619579999999999,0.0,0.09063893050711781,0.0,9.679370178356479,0.9187914847318444,1.4713884152389622,0.4693668315257115,0.10613287618502242,0.025356387831996268,0.21268561216802917,0.018433486889294453,0.0010454520643310044,0.42453150474008966,0.21188492107359505,107.04062645867509,117.81402424104937,-2.2670754162845697e-13,1.9984014443252818e-13
2021-05-19T00:00:00.0,14.1,14.1,0.0,5.214577169566921,0.0,8.885422830433079,0.0,0.0,8.885422830433079,0.0,0.5158559748670964,5.214577169566921,0.0,0.06316919165837453,0.0,9.794271508700763,0.5158559748670964,5.793602336092392,2.452073631819023,0.10299248278061388,1.1070364405082744,7.778386389923727,0.931817398388613,0.0012498617996800883,0.4119699311224555,0.20768345644356284,106.01251779557684,116.4671361180996,9.792167077193881e-14,6.772360450213455e-14
2021-05-20T00:00:00.0,1.0,1.0,0.0,0.65994,0.0,0.34006000000000003,0.0,0.0,0.34006000000000003,0.0,0.4961201973557179,0.65994,0.0,0.08795321815870363,0.0,7.14944283166123,0.49612019735571805,1.2440134155144214,0.4888805571482573,0.10009941062912908,0.04859376595609884,0.29146623404383765,0.03840320751542847,0.001485941160213698,0.40039764251651633,0.2349589488363396,112.07112830234331,122.21846766740656,-7.016609515630989e-14,1.0160761121369433e-12
2021-05-21T00:00:00.0,0.1,0.1,0.0,0.065994,0.0,0.03400600000000001,0.0,0.0,0.03400600000000001,0.0,1.4696854929244274,0.065994,0.0,0.1420765796736589,0.0,11.749556642274136,1.469685492924428,1.6777560725980862,0.39978801925759705,0.09768271679391512,0.004467551292184865,0.029538448707813345,0.003209347963854267,0.0013802528258972109,0.39073086717566047,0.2657903952083921,111.50367302336088,121.3854742841148,-1.2956302697375577e-13,-5.728750807065808e-14
2021-05-22T00:00:00.0,9.9,9.9,0.0,6.533406,0.0,3.366594,0.0,0.0,3.366594,0.0,0.9201639202626777,6.533406,0.0,0.13190267242778453,0.0,16.54463766609706,0.9201639202626778,7.585472592690463,1.1394144126854249,0.09553874492057325,0.4347807161874417,2.9318132838124495,0.32112551989111976,0.0013531969245698869,0.382154979682293,0.2679928628902492,109.65106940347253,119.31024747546529,-7.482903185973555e-14,-8.038014698286133e-14
2021-05-23T00:00:00.0,8.7,8.7,0.0,5.741477999999999,0.0,2.9585220000000003,0.0,0.0,2.9585220000000003,0.0,1.0738354112112625,5.741478,0.0,0.11079902265424993,0.0,13.078832370650163,1.0738354112112627,6.926112433865512,1.0863290286208922,0.09348941598649349,0.40560231802493635,2.5529196819745916,0.3053243358078363,0.0014447108421449706,0.37395766394597396,0.269403537417666,110.94034451488864,120.38982172516876,-5.440092820663267e-14,7.105427357601002e-14
2021-05-24T00:00:00.0,1.7,1.7,0.0,1.1218979999999998,0.0,0.5781020000000001,0.0,0.0,0.5781020000000001,0.0,1.4761138495987836,1.121897999999999,0.0,0.14120617980891778,0.0,11.362008990480476,1.476113849598784,2.7392180294077004,0.5009168545289988,0.09160625843003228,0.07743043642983995,0.5006715635702339,0.05564053319270507,0.00142085118632451,0.36642503372012913,0.27908898107000135,111.73245717893022,120.98389084669554,-1.5010215292932116e-13,3.161915174132446e-13
2021-05-25T00:00:00.0,6.9,6.9,0.0,4.553586,0.0,2.346414,0.0,0.0,2.346414,0.0,0.5200211125396319,4.553585999999999,0.0,0.08120042563937938,0.0,9.331083386980966,0.5200211125396318,5.154807538179011,0.898280781457573,0.08986575507654632,0.3097057469430063,2.0367082530571885,0.22771722820211818,0.001394786006262888,0.35946302030618527,0.27788252942102887,110.27965834764353,119.3521497043287,1.8696155734687636e-13,1.1746159600534156e-13
2021-05-26T00:00:00.0,0.1,0.09615384615384616,0.0038461538461538438,0.06345576923076923,0.0016921538461538452,0.03269807692307693,0.002153999999999999,0.0,0.03269807692307693,0.002153999999999999,1.0403753016834165,0.06345576923077012,0.0016921538461538452,0.0,0.0,11.700519841702901,1.0403753016834165,1.1055232247603404,0.3619288587801233,0.0881761103412676,0.004556156898026366,0.03029592002505022,0.0032888193525433406,0.0013794411644830536,0.3527044413650704,0.27521956863562047,111.20815051889225,120.10919562961573,4.6851411639181606e-14,-1.6076029396572267e-13
2021-05-27T00:00:00.0,0.2,0.17972972972972975,0.020270270270270264,0.11861083783783785,0.008918108108108105,0.0611188918918919,0.01135216216216216,0.0,0.0611188918918919,0.01135216216216216,2.02924234281436,0.11861083783783785,0.008918108108108105,0.0,0.0,15.984222579405763,2.02924234281436,2.156771288760306,0.36187765126654386,0.08653520530897073,0.008580343208160606,0.06389071084589695,0.005918732580003399,0.0012377542424969895,0.3461408212358829,0.26792769880474976,109.91818330808125,118.65356743573402,-1.354472090042691e-14,-2.3092638912203256e-14
2021-05-28T00:00:00.0,0.1,0.1,0.0,0.065994,0.0,0.03400600000000001,0.0,0.0,0.03400600000000001,0.0,1.0405145181546405,0.065994,0.0,0.06439375648250022,0.0,9.223524273075501,1.0405145181546405,1.1709022746371407,0.3466270090887234,0.0848345727376268,0.003664690263667324,0.030341309736331888,0.0025263351921239394,0.0010976926824250084,0.3393382909505072,0.2469925602626072,107.67774749048542,116.24838329039808,1.2434497875801753e-13,1.1679546219056647e-13
2021-05-29T00:00:00.0,0.0,0.0,0.0,0.0,0.0,0.0,0.0,0.0,0.0,0.0,3.475937183037026,0.0,0.0,0.19651822777428532,0.0,19.949573306266377,3.4759371830370265,3.6724554108113114,0.33285192262177643,0.08298023586070548,0.0,0.0,0.0,0.0009309791789543827,0.3319209434428219,0.22134096274324844,106.35256393744748,114.74601943393463,-3.375077994860476e-14,-4.39648317751562e-14
2021-05-30T00:00:00.0,0.0,0.0,0.0,0.0,0.0,0.0,0.0,0.0,0.0,0.0,2.2648133572053726,0.0,0.0,0.11968006416158179,0.0,14.685546012088482,2.2648133572053726,2.384493421366954,0.32454947745556684,0.0809506932691887,0.0,0.0,0.0,0.0007467043788120418,0.3238027730767548,0.19126294287173726,102.4578365847137,110.65773186464058,2.6689761511988763e-13,2.602362769721367e-13
2021-05-31T00:00:00.0,0.0,0.0,0.0,0.0,0.0,0.0,0.0,0.0,0.0,0.0,3.085086065476996,0.0,0.0,0.11395499323753053,0.0,16.404466321388565,3.0850860654769945,3.1990410587145264,0.31542776531113625,0.07870608817960241,0.0,0.0,0.0,0.0006034125927266486,0.31482435271840964,0.15885704005006848,99.88133351609629,107.86773827254895,-9.059419880941277e-14,-7.638334409421077e-14
2021-06-01T00:00:00.0,0.0,0.0,0.0,0.0,0.0,0.0,0.0,0.0,0.0,0.0,3.535391128515696,0.0,0.0,0.10539327824839394,0.0,17.426208457855328,3.5353911285156974,3.64078440676409,0.30556689845829604,0.07627459768020205,0.0,0.0,0.0,0.0004685077374879333,0.3050983907208082,0.13045009845598227,96.5228320047389,104.27456336034362,6.750155989720952e-14,6.261657858885883e-14
2021-06-02T00:00:00.0,0.0,0.0,0.0,0.0,0.0,0.0,0.0,0.0,0.0,0.0,4.023100343920465,0.0,0.0,0.09554215954537834,0.0,19.030649044404502,4.023100343920465,4.118642503465844,0.2951503605674912,0.0736997896520957,0.0,0.0,0.0,0.0003512019591085405,0.2947991586083828,0.10504628541684265,92.75112899178156,100.25193745744124,-2.1449508835758024e-13,-2.113864638886298e-13
2021-06-03T00:00:00.0,0.0,0.0,0.0,0.0,0.0,0.0,0.0,0.0,0.0,0.0,2.3067334218366002,0.0,0.0,0.054628335109811944,0.0,11.583324240011175,2.3067334218366002,2.3613617569464123,0.28433562255906747,0.0710176022117199,0.0,0.0,0.0,0.00026521371218784026,0.2840704088468796,0.08275472146165108,88.52708900093974,95.7644448037558,2.220446049250313e-14,1.9539925233402755e-14
2021-06-04T00:00:00.0,0.0,0.0,0.0,0.0,0.0,0.0,0.0,0.0,0.0,0.0,3.493457179557754,0.0,0.0,0.06660136068504355,0.0,14.646485233433642,3.4934571795577547,3.5600585402427973,0.2732790995998283,0.06826875206179617,0.0,0.0,0.0,0.00020409135264348166,0.27307500824718467,0.064785954092663,86.08270730881944,93.04772982203855,5.10702591327572e-14,4.618527782440651e-14
2021-06-05T00:00:00.0,0.0,0.0,0.0,0.0,0.0,0.0,0.0,0.0,0.0,0.0,2.78828606175313,0.0,0.0,0.04898792840553281,0.0,14.298190868715192,2.78828606175313,2.8372739901586628,0.2621610831958139,0.06550180558371507,0.0,0.0,0.0,0.00015386086095365277,0.2620072223348603,0.051250282248833545,82.4576587231315,89.14612343013428,-1.687538997430238e-13,-1.5543122344752192e-13
2021-06-06T00:00:00.0,3.2,3.2,0.0,2.111808,0.0,1.0881920000000003,0.0,0.0,1.0881920000000003,0.0,1.4986197700756074,2.111808,0.0,0.026983784764615517,0.0,12.627620349987701,1.498619770075607,3.637411554840223,0.30121789174401836,0.06275264582308784,0.03333573233993,1.0548562676600757,0.016747305309831085,0.000124270801906133,0.2510105832923514,0.0406228457820415,79.56898058986276,85.9811865511958,2.9043434324194095e-13,2.8466118351389014e-13
2021-06-07T00:00:00.0,4.6,4.6,0.0,3.0357239999999996,0.0,1.564276,0.0,0.0,1.564276,0.0,0.3778947320056403,3.0357239999999996,0.0,0.008367692403491096,0.0,5.408741838299858,0.3778947320056406,3.4219864244091314,0.3177079584375844,0.06004833341396809,0.04913630570885803,1.5151396942910966,0.028260975497806217,0.00011734357504796881,0.24019333365587237,0.03299530461511363,79.04073888078882,85.17980445878847,1.2656542480726785e-14,7.993605777301127e-15
2021-06-08T00:00:00.0,0.3,0.3,0.0,0.197982,0.0,0.102018,0.0,0.0,0.102018,0.0,2.3919844344611776,0.197982,0.0,0.04236177126346192,0.0,12.37246240521682,2.391984434461177,2.6323282057246393,0.23467657475976272,0.057416589971627206,0.0031466784213215328,0.09887132157868268,0.001754786314470795,0.00010875013746143067,0.22966635988650883,0.028346185027656814,80.10824252698285,85.98006174252777,-2.930988785010413e-14,1.687538997430238e-14
2021-06-09T00:00:00.0,3.7,3.7,0.0,2.4417780000000002,0.0,1.258222,0.0,0.0,1.258222,0.0,1.2254754276785103,2.4417780000000002,0.0,0.02310233971369327,0.0,8.955998017755197,1.22547542767851,3.690355767392204,0.2771106866932872,0.054877727758639604,0.0370843048910651,1.2211376951087978,0.020419435506115618,9.603526154805256e-5,0.21951091103455841,0.025408967015195703,77.74255792135719,83.35564037207163,1.1368683772161603e-13,1.0391687510491465e-13
2021-06-10T00:00:00.0,5.0,5.0,0.0,3.2996999999999996,0.0,1.7003000000000004,0.0,0.0,1.7003000000000004,0.0,1.4216067488835016,3.2996999999999996,0.0,0.030918574459568762,0.0,10.733647110249533,1.4216067488835022,4.75222532334307,0.2896785872441648,0.052437109803433725,0.05047927420184278,1.6498207257982487,0.029356682765159417,9.41910634275826e-5,0.2097484392137349,0.023054927966779885,77.66919341129106,83.0332961902275,-1.3744561044859438e-13,0.0
2021-06-11T00:00:00.0,4.8,4.8,0.0,3.167712,0.0,1.632288,0.0,0.0,1.632288,0.0,2.3541258021575304,3.167712,0.0,0.03818480325463931,0.0,13.275707591735458,2.35412580215753,5.56002260541217,0.2758979870255698,0.05009590240090319,0.047948656152767354,1.5843393438473388,0.027475138499953505,9.058276923622755e-5,0.20038360960361276,0.021411198058198147,77.8139830119508,82.93895516983686,7.66053886991358e-14,-2.398081733190338e-14
2021-06-12T00:00:00.0,0.0,0.0,0.0,0.0,0.0,0.0,0.0,0.0,0.0,0.0,2.6923310207830955,0.0,0.0,0.04992750896093303,0.0,13.58281353202463,2.6923310207830933,2.7422585297440287,0.1915007250990084,0.04785581553271735,0.0,0.0,0.0,7.746296813896491e-5,0.1914232621308694,0.020267502553593907,76.95703483105841,81.85293867499814,1.6919798895287386e-13,7.37188088351104e-14
2021-06-13T00:00:00.0,0.0,0.0,0.0,0.0,0.0,0.0,0.0,0.0,0.0,0.0,3.9159272549466446,0.0,0.0,0.03919190157101337,0.0,18.876367456256546,3.9159272549466473,3.9551191565176578,0.18291041417508302,0.045712889485036795,0.0,0.0,0.0,5.88562349358581e-5,0.18285155794014718,0.01880481265115726,74.1944313357927,78.87132360462245,-5.3734794391857577e-14,-5.861977570020827e-14
2021-06-14T00:00:00.0,0.0,0.0,0.0,0.0,0.0,0.0,0.0,0.0,0.0,0.0,2.8430761044870017,0.0,0.0,0.01792546248282434,0.0,17.288643796089453,2.843076104487,2.861001566969826,0.17467067029305583,0.04365684733176489,0.0,0.0,0.0,4.3280965996208364e-5,0.17462738932705957,0.0166595482334072,70.2204485103889,74.68758114444464,4.3520742565306136e-14,3.375077994860476e-14
2021-06-15T00:00:00.0,0.0,0.0,0.0,0.0,0.0,0.0,0.0,0.0,0.0,0.0,4.995797555408302,0.0,0.0,0.02631598314226689,0.0,24.837834043299218,4.995797555408302,5.022113538550569,0.1667414665687678,0.04167758550351942,0.0,0.0,0.0,3.112455469014296e-5,0.16671034201407767,0.014064342996769265,67.34274411422001,71.60825205985032,-3.348432642269472e-13,-3.268496584496461e-13
2021-06-16T00:00:00.0,0.0,0.0,0.0,0.0,0.0,0.0,0.0,0.0,0.0,0.0,3.4962498001327065,0.0,0.0,0.009545616927827204,0.0,23.942191168804044,5.317748021197703,3.5057954170605337,0.1590979139748177,0.039769183249316185,0.0,0.0,0.0,2.118097755293585e-5,0.15907673299726474,0.011449798371542787,62.30653510811827,66.37771946922774,-2.851052727237402e-13,-2.824407374646398e-13
2021-06-17T00:00:00.0,0.0,0.0,0.0,0.0,0.0,0.0,0.0,0.0,0.0,0.0,2.882196774935145,0.0,0.0,0.01159541822686868,0.0,19.87934747306932,4.437598789052374,2.8937921931620134,0.1517301698688729,0.03792901098864997,0.0,0.0,0.0,1.4125914273049845e-5,0.15171604395459987,0.008986186639456878,58.78926871170841,62.673056954942844,2.2959412149248237e-13,2.304822999121825e-13
2021-06-18T00:00:00.0,0.0,0.0,0.0,0.0,0.0,0.0,0.0,0.0,0.0,0.0,1.4584473614817317,0.0,0.0,0.006646344964659296,0.0,19.085993016004224,4.510420194553757,1.465093706446391,0.14463372083479387,0.036156054767371305,0.0,0.0,0.0,9.501765308642431e-6,0.14462421906948522,0.006870261874243855,55.88647620599239,59.589605580923035,2.7844393457598926e-13,2.7267077484793845e-13
2021-06-19T00:00:00.0,0.0,0.0,0.0,0.0,0.0,0.0,0.0,0.0,0.0,0.0,1.2638897368690223,0.0,0.0,0.009382484302196644,0.0,16.82068582498027,3.9547988278114623,1.2732722211712189,0.13781181841199042,0.034451351895395506,0.0,0.0,0.0,6.410830408439454e-6,0.13780540758158202,0.005248936784202467,54.41450273590628,57.94372209887432,1.6187051699034782e-13,1.6076029396572267e-13
2021-06-20T00:00:00.0,0.0,0.0,0.0,0.0,0.0,0.0,0.0,0.0,0.0,0.0,1.740802484765422,0.0,0.0,0.014337624451956354,0.0,21.611319683011683,5.382611264730371,1.7551401092173784,0.13126901300968033,0.03281616838827866,0.0,0.0,0.0,4.3394565656712935e-6,0.13126467355311464,0.004056209584429443,53.13597516712049,56.498186707395746,-3.930189507173054e-14,-3.3084646133829665e-14
2021-06-21T00:00:00.0,3.3,3.3,0.0,2.177802,0.0,1.122198,0.0,0.0,1.122198,0.0,0.764351861921337,2.177802,0.0,0.007664491945218558,0.0,18.019263079259986,2.697538941223922,2.949818353866555,0.14499451490784046,0.03125077000920765,0.016151933157829996,1.1060460668420962,0.0038365347153979813,2.9669977818511673e-6,0.1250030800368306,0.0031869605320503135,51.37677450886197,54.57896141678027,1.4788170688007085e-13,1.41886502547095e-13
2021-06-22T00:00:00.0,1.5,1.5,0.0,0.98991,0.0,0.51009,0.0,0.0,0.51009,0.0,3.244678491227803,0.98991,0.0,0.012854502106307546,0.0,21.997264797341277,3.905057509685202,4.2474429933341105,0.12776016868011475,0.02975449334639919,0.00720845079397258,0.5028815492060645,0.001531680103939085,2.064396606273392e-6,0.11901797338559676,0.002562130854139043,51.70377775959233,54.75289777799664,-4.629630012686903e-14,2.6645352591003757e-14
2021-06-23T00:00:00.0,0.7,0.7,0.0,0.4619579999999999,0.0,0.23804200000000003,0.0,0.0,0.23804200000000003,0.0,0.6653118702845958,0.4619579999999999,0.0,0.001986950119093689,0.0,19.692536362909852,3.467538645356819,1.1292568204036895,0.11722906606189754,0.02832601570694456,0.0032796449049185107,0.2347623550950798,0.000643928619681747,1.429709519023133e-6,0.11330406282777825,0.0021127709240478954,48.94503044010936,51.84794012263581,2.3359092438113294e-13,2.007283228522283e-13
2021-06-24T00:00:00.0,0.0,0.0,0.0,0.0,0.0,0.0,0.0,0.0,0.0,0.0,0.4301839994412249,0.0,0.0,0.005202828332110086,0.0,20.043511362654375,3.4862512557763288,0.435386827773335,0.10785463835235763,0.026963423590248375,0.0,0.0,0.0,9.43991364136391e-7,0.1078536943609935,0.001775922843985225,48.509735845547496,51.27312822046327,8.770761894538737e-15,9.992007221626409e-15
2021-06-25T00:00:00.0,9.2,9.2,0.0,6.071447999999999,0.0,3.128552,0.0,0.0,3.128552,0.0,0.27031696107006664,6.071447999999999,0.0,0.004406815808032383,0.0,19.735944975470463,2.2297822470547692,6.346171776878098,0.15838890611743586,0.025664345299932216,0.04395913405875646,3.0845928659413846,0.011771777865053023,6.129938975690963e-7,0.10265738119972886,0.0015050219172577015,48.0725721509388,50.70292333074732,1.504352198367087e-14,1.1879386363489175e-14
2021-06-26T00:00:00.0,0.0,0.0,0.0,0.0,0.0,0.0,0.0,0.0,0.0,0.0,2.10013122676583,0.0,0.0,0.008424759178114983,0.0,14.178068048182325,2.1001312267658276,2.1085559859439447,0.09770564812639161,0.024426309030181375,0.0,0.0,0.0,4.1200566609253173e-7,0.0977052361207255,0.0013043613960965004,50.86916382722586,53.37269830245198,1.2434497875801753e-14,-1.2878587085651816e-13
2021-06-27T00:00:00.0,0.0,0.0,0.0,0.0,0.0,0.0,0.0,0.0,0.0,0.0,1.5278647806936778,0.0,0.0,0.003645945407990031,0.0,18.769902848982664,3.4860616591789224,1.5315107261016678,0.09298842552824232,0.023247039356378844,0.0,0.0,0.0,2.681027269717052e-7,0.09298815742551537,0.0011681312732103872,48.75930306788016,51.14201035935147,-6.661338147750939e-15,-4.884981308350689e-15
2021-06-28T00:00:00.0,0.0,0.0,0.0,0.0,0.0,0.0,0.0,0.0,0.0,0.0,0.3448691759286263,0.0,0.0,0.009137570221038411,0.0,20.21854659628963,4.611738494153966,0.3540067461496647,0.08849667367356434,0.022124131250229603,0.0,0.0,0.0,1.4867264593022787e-7,0.08849652500091841,0.0010627863175592985,47.226623942402604,49.49426416836523,-4.796163466380676e-14,-4.907185768843192e-14
2021-06-29T00:00:00.0,0.9,0.9,0.0,0.593946,0.0,0.30605400000000005,0.0,0.0,0.30605400000000005,0.0,0.46230317177569463,0.593946,0.0,0.011025454288254438,0.0,25.40427989101673,4.667138497430619,1.067274626063949,0.08928473740692346,0.021054998415728214,0.004132960016482545,0.30192103998355035,0.0009317274800079222,5.624752010760928e-8,0.08421999366291286,0.0009623497515200048,46.87155426126272,49.02963661729176,1.0880185641326534e-14,1.099120794378905e-14
2021-06-30T00:00:00.0,8.5,8.5,0.0,5.60949,0.0,2.89051,0.0,0.0,2.89051,0.0,0.8872432297172306,5.60949,0.0,0.0069262945521687685,0.0,21.549984563565133,2.042879413274907,6.503659524269399,0.1302590639206167,0.020037032700140192,0.039691747180968184,2.8508182528190034,0.010419180096899017,5.842188788511409e-9,0.08014813080056077,0.0008646162419047976,46.698252541703226,48.75202225540514,5.007105841059456e-14,1.942890293094024e-14
2021-07-01T00:00:00.0,2.5,2.5,0.0,1.6498499999999998,0.0,0.8501500000000002,0.0,0.0,0.8501500000000002,0.0,0.7319039546875349,1.6498499999999998,0.0,0.004177186192374172,0.0,9.46070902790247,0.7319039546875371,2.385931140879909,0.0914489576909787,0.019067844038658615,0.011900589757750124,0.8382494102422048,0.0032769917785941236,0.0,0.07627137615463446,0.0007873544766098119,48.64361746807186,50.59806663451498,-2.1316282072803006e-14,2.6645352591003757e-15
2021-07-02T00:00:00.0,1.4,1.4,0.0,0.9239159999999998,0.0,0.47608400000000006,0.0,0.0,0.47608400000000006,0.0,1.0276400880696084,0.9239159999999998,0.0,0.0034616621153998376,0.0,9.860849622338455,1.0276400880696102,1.9550177501850081,0.0809885615405876,0.018145314663346835,0.006642829942111585,0.46944117005787955,0.0017644729450886768,0.0,0.07258125865338734,0.0007384453201477949,48.74172139117898,50.60161869190541,-2.609024107869118e-14,2.4424906541753444e-14
2021-07-03T00:00:00.0,0.0,0.0,0.0,0.0,0.0,0.0,0.0,0.0,0.0,0.0,3.138197864056178,0.0,0.0,0.008316626354178902,0.0,18.510431657997046,3.276884935944207,3.146514490410357,0.0690695907277929,0.017267397681948224,0.0,0.0,0.0,0.0,0.0690695907277929,0.0007074589252337588,48.17755789278664,49.947467065516484,-2.55351295663786e-14,-1.9095836023552692e-14
2021-07-04T00:00:00.0,3.2,3.2,0.0,2.111808,0.0,1.0881920000000003,0.0,0.0,1.0881920000000003,0.0,0.31756845332592454,2.111808,0.0,0.0017907955219137166,0.0,14.605220725319569,2.245609751600216,2.431167248847838,0.08306902413867528,0.016432032665811374,0.014443517045934069,1.0737484829541197,0.0028973764294957043,0.0,0.0657281306632455,0.000681862909349981,45.03033594345118,46.71461558669652,-1.305622276959184e-13,-1.3100631690576847e-13
2021-07-05T00:00:00.0,5.7,5.7,0.0,3.761658,0.0,1.938342,0.0,0.0,1.938342,0.0,0.16817927665029814,3.7616579999999997,0.0,0.002500017015046321,0.0,9.816186707373129,0.9050815735878653,3.932337293665344,0.09540371250325262,0.015637143545067206,0.02626647990174721,1.9120755200982937,0.006588658421236589,0.0,0.06254857418026882,0.0006526680690318883,45.78114593821861,47.38394728104424,6.217248937900877e-15,-5.0182080713057076e-14
2021-07-06T00:00:00.0,0.0,0.0,0.0,0.0,0.0,0.0,0.0,0.0,0.0,0.0,1.6539589368983922,4.440892098500626e-16,0.0,0.006249026877300595,0.0,10.288482412734782,1.653958936898399,1.6602079637756932,0.05952290975360914,0.014880727438402285,0.0,0.0,0.0,0.0,0.05952290975360914,0.0006226405137056964,47.515300838161274,49.0405691313306,1.4432899320127035e-14,-2.042810365310288e-14
2021-07-07T00:00:00.0,4.6,4.6,0.0,3.0357239999999996,0.0,1.564276,0.0,0.0,1.564276,0.0,0.7940816624189322,3.0357239999999996,0.0,0.004293671044804707,0.0,25.367218434149176,3.910390848154964,3.8340993334637368,0.08263663999664182,0.014160925275416602,0.02107479275448158,1.543201207245453,0.004918146140493828,0.0,0.05664370110166641,0.0005959691811979035,45.854470233871844,47.30595753036287,3.1308289294429414e-14,2.708944180085382e-14
2021-07-08T00:00:00.0,5.7,5.7,0.0,3.761658,0.0,1.938342,0.0,0.0,1.938342,0.0,0.20789359334180016,3.7616580000000015,0.0,0.0014865994658270734,0.0,5.865188223002188,0.20789359334180024,3.9710381928076286,0.08800432656668168,0.013475989187746878,0.026669960663967335,1.9116720393360191,0.007430409151726843,0.0,0.05390395675098751,0.0005741076356255288,46.593781992331905,47.975060631627045,-3.730349362740526e-14,2.708944180085382e-14
2021-07-09T00:00:00.0,28.4,28.4,0.0,3.975257862095411,0.0,24.424742137904587,0.0,0.0,24.424742137904587,0.0,0.20768727956299288,3.97525786209541,0.0,0.0018675051661194196,0.0,6.076313586286234,0.20768727956299274,4.184812646824523,1.1755372812252058,0.012824280911842003,0.4657223899804595,23.95901974792352,0.6584632948091697,5.447278820857572e-5,0.05129712364736801,0.0005614033281950041,48.28806932207295,49.60254212306498,-4.6629367034256575e-15,9.769962616701378e-15
2021-07-10T00:00:00.0,2.1,2.1,0.0,1.385874,0.0,0.714126,0.0,0.0,0.714126,0.0,1.5321591541150639,1.3858739999999996,0.0,0.13285566944410404,0.0,11.318522405679573,1.5321591541150645,3.0508888235591676,0.09136423528317159,0.01220451534833317,0.01886129199389824,0.6952647080060073,0.023581079758391802,0.00010380213754886408,0.04881806139333268,0.0006341755372899983,71.3784551143418,72.62936791410282,-2.1316282072803006e-14,5.897504706808832e-13
2021-07-11T00:00:00.0,9.5,9.5,0.0,6.26943,0.0,3.23057,0.0,0.0,3.23057,0.0,2.2714483832354024,6.26943,0.0,0.06371618778533877,0.0,17.7068165863846,2.2714483832354024,8.60459457102074,0.20004489488487578,0.011617153705980899,0.08324152494879904,3.147328475051362,0.07027093176145215,6.382335070103943e-5,0.046468614823923594,0.0010628368132126875,70.38438594135562,71.57491033991226,-2.0461410343841635e-13,-1.2168044349891716e-13
2021-07-12T00:00:00.0,0.0,0.0,0.0,0.0,0.0,0.0,0.0,0.0,0.0,0.0,2.518026527997474,0.0,0.0,0.05463759044853047,0.0,14.777616558434872,2.5180265279974727,2.5726641184460046,0.04430774576922939,0.011065548271784983,0.0,0.0,0.0,4.5552682089463395e-5,0.04426219308713993,0.002095792977868433,71.12515225346077,72.25865372030071,1.0347278589506459e-13,-4.618527782440651e-14
2021-07-13T00:00:00.0,0.2,0.2,0.0,0.131988,0.0,0.06801200000000002,0.0,0.0,0.06801200000000002,0.0,4.216142316507645,0.131988,0.0,0.05901670545777152,0.0,19.78802595136994,4.2161423165076455,4.407147021965416,0.04435715118477592,0.010552969456633319,0.001441990816018717,0.06657000918398281,0.0006774268069510859,2.5855735272820957e-5,0.042211877826533274,0.0034467391131181757,68.55034678935498,69.63061630781387,-1.6919798895287386e-13,-1.7186252421197423e-13
2021-07-14T00:00:00.0,6.5,6.5,0.0,4.28961,0.0,2.2103900000000003,0.0,0.0,2.2103900000000003,0.0,0.37146949190989326,4.28961,0.0,0.004247228488791862,0.0,8.796012903056756,0.37146949190989303,4.665326720398685,0.10566890494710714,0.010077449148672373,0.04456480689082346,2.1658251931092325,0.02077374336143557,2.05581001586127e-5,0.040309796594689494,0.004479216797383402,64.33760775491811,65.36855916520696,8.881784197001252e-14,8.08242361927114e-14
2021-07-15T00:00:00.0,14.5,14.5,0.0,4.099708924278725,0.0,10.400291075721274,0.0,0.0,10.400291075721274,0.0,0.2746407405348881,4.099708924278727,0.0,0.00852379712137235,0.0,6.449666772836178,0.27464074053488774,4.382873461934988,0.5114598245415638,0.009632494508365636,0.25692130677212344,10.143369768949846,0.215954825570594,5.371416538393567e-5,0.038529978033462545,0.005005906738615463,66.10244270936968,67.08748609071255,-2.6645352591003757e-15,-4.973799150320701e-14
2021-07-16T00:00:00.0,10.6,10.6,0.0,4.623226988216308,0.0,5.976773011783692,0.0,0.0,5.976773011783692,0.0,0.4966506778700365,4.623226988216306,0.0,0.040776857243906915,0.0,8.020220964648924,0.49665067787003636,5.160654523330249,0.4390385475982727,0.009214776207594281,0.19613597387036202,5.7806370379130065,0.20591619857966798,0.00012727031786573134,0.036859104830377125,0.0058186190623257545,75.74163349418868,76.68352030972832,0.0,-6.963318810448982e-13
2021-07-17T00:00:00.0,0.3,0.3,0.0,0.197982,0.0,0.102018,0.0,0.0,0.102018,0.0,1.5863793640989388,0.197982,0.0,0.06472504630250729,0.0,10.527038679186145,1.5863793640989396,1.849086410401446,0.042023540950951274,0.00883185564413607,0.003542024743791977,0.09847597525621331,0.003021812232398617,0.00013228139821640014,0.03532742257654428,0.00810658884778426,80.7729809090279,81.6746124625919,-1.3322676295501878e-14,3.1086244689504383e-13
2021-07-18T00:00:00.0,8.6,8.6,0.0,3.5385393638290026,0.0,5.061460636170997,0.0,0.0,5.061460636170997,0.0,0.2026096152025292,3.177438727658006,0.0,0.012608507405598674,0.0,4.766158091487007,0.2026096152025294,3.3926568502661336,0.3798525111858068,0.00849757154892487,0.18425856138850485,4.877202074783263,0.16145747010706832,0.00014619349453403466,0.03399028619569948,0.011741140824818433,79.20909179140418,80.07467065559528,8.459899447643693e-14,7.793765632868599e-14
2021-07-19T00:00:00.0,1.4,1.4,0.0,0.9239159999999998,0.0,0.47608400000000006,0.0,0.0,0.47608400000000006,0.0,0.27547534033410176,1.2850166361709967,0.0,0.012882024339191075,0.0,3.152129945609465,0.27547534033410165,1.5733740008442896,0.06810088786895188,0.008217596967460184,0.018903637314116734,0.4571803626858717,0.016149958495039602,0.00017690418995478004,0.032870387869840735,0.015915505847725494,83.69773093915286,84.89366372259516,2.842170943040401e-14,-7.460698725481052e-13
2021-07-20T00:00:00.0,0.0,0.0,0.0,0.0,0.0,0.0,0.0,0.0,0.0,0.0,3.486940017939882,-1.1102230246251565e-16,0.0,0.09854979492125246,0.0,17.363106013170782,3.486940017939884,3.5854898128611343,0.032123166301923585,0.007994811829480577,0.0,0.0,0.0,0.00014391898400127655,0.03197924731792231,0.020494646228159403,83.83431156863273,84.64397123691445,-6.8833827526759706e-15,9.325873406851315e-15
2021-07-21T00:00:00.0,0.0,0.0,0.0,0.0,0.0,0.0,0.0,0.0,0.0,0.0,3.908408531816484,0.0,0.0,0.07096062226846606,0.0,19.652016493200097,3.9084085318164856,3.97936915408495,0.03139038591406259,0.007821853515707102,0.0,0.0,0.0,0.0001029718512341752,0.03128741406282841,0.023479102276539703,80.22818319055932,81.0183634459218,1.1191048088221578e-13,1.0746958878371515e-13
2021-07-22T00:00:00.0,0.0,0.0,0.0,0.0,0.0,0.0,0.0,0.0,0.0,0.0,3.929923213709862,0.0,0.0,0.03997374839024523,0.0,20.544714912537692,3.9299232137098628,3.969896962100107,0.030757104285033386,0.007670551726886758,0.0,0.0,0.0,7.489737748636721e-5,0.03068220690754703,0.023195275314210513,76.22523196234584,76.99978205240633,7.522871214860061e-13,7.558398351648066e-13
2021-07-23T00:00:00.0,0.0,0.0,0.0,0.0,0.0,0.0,0.0,0.0,0.0,0.0,3.1601138934898985,0.0,0.0,0.021317084168760065,0.0,16.767010081518265,3.1601138934899007,3.1814309776586587,0.030098955171747935,0.00751104122383835,0.0,0.0,0.0,5.479027639453812e-5,0.0300441648953534,0.020576454211951745,72.23206482755381,72.99145743429408,2.2737367544323206e-13,2.282618538629322e-13
2021-07-24T00:00:00.0,0.0,0.0,0.0,0.0,0.0,0.0,0.0,0.0,0.0,0.0,4.767302767330303,0.0,0.0,0.0263639936743192,0.0,19.931260996976476,4.767302767330304,4.793666761004623,0.029354197835552282,0.0073287437238684534,0.0,0.0,0.0,3.922294007846534e-5,0.029314974895473814,0.017146923363446462,69.0300026054066,69.77241646023963,2.1449508835758024e-13,2.0605739337042905e-13
2021-07-25T00:00:00.0,1.6,1.6,0.0,1.055904,0.0,0.5440960000000001,0.0,0.0,0.5440960000000001,0.0,3.0143997765318513,1.055904,0.0,0.008985656105055273,0.0,16.925027764703096,3.014399776531848,4.079289432636907,0.04125629806724729,0.007121828816812315,0.00984838023885557,0.5342476197611493,0.002893485797726181,2.711676341627141e-5,0.02848731526724926,0.013788382373692395,64.21914969809924,64.94206675767637,-7.975842208907125e-13,-7.895906151134113e-13
2021-07-26T00:00:00.0,22.2,22.2,0.0,4.828945520584189,0.0,17.37105447941581,0.0,0.0,17.37105447941581,0.0,0.5801265506614238,4.828945520584189,0.0,0.004414578555051147,0.0,8.637376561752568,0.5801265506614246,5.413486649800665,0.7517033475954328,0.00689416144519309,0.40447623321241066,16.96657824620092,0.3195987856012671,5.168300098260936e-5,0.02757664578077236,0.010933044579802114,61.71330290028861,62.41439919815537,4.1744385725905886e-14,3.3306690738754696e-14
2021-07-27T00:00:00.0,5.3,5.3,0.0,3.4976819999999997,0.0,1.802318,0.0,0.0,1.802318,0.0,1.7530596535723202,3.4976819999999997,0.0,0.11810641674427691,0.0,13.80885582342609,1.75305965357232,5.368848070316597,0.1308561827137401,0.006657743631635106,0.05593081524417003,1.7463871847557653,0.048192448151721454,0.00010194479130819651,0.026630974526540424,0.009964401728518408,77.7647565040911,78.4423150393117,-9.237055564881302e-14,2.3874235921539366e-12
2021-07-28T00:00:00.0,4.3,4.3,0.0,2.8377419999999995,0.0,1.4622580000000003,0.0,0.0,1.4622580000000003,0.0,1.5578793711438197,2.8377419999999995,0.0,0.06079052692823153,0.0,11.394399984040843,1.5578793711438201,4.456411898072051,0.10187540676634887,0.0064349443483367385,0.04465754144345223,1.4176004585563646,0.031386458736918206,9.162919263152916e-5,0.025739777393346954,0.011193931053682864,77.5817188238588,78.23595304264974,-7.682743330406083e-14,-1.7763568394002505e-14
2021-07-29T00:00:00.0,10.9,10.9,0.0,2.9098995443650644,0.0,7.990100455634936,0.0,0.0,7.990100455634936,0.0,0.14407309089579415,1.9201590887301294,0.0,0.0051978835919419784,0.0,2.8802386330951935,0.14407309089579412,2.0694300632178657,0.56755097648447,0.006240298530710564,0.2840573137518684,7.706043141882557,0.2583908514547974,0.00014161715496206705,0.024961194122842256,0.013284902667148065,77.33797736536008,77.97123079346302,-2.0117241206207837e-13,-1.865174681370263e-14
2021-07-30T00:00:00.0,0.0,0.0,0.0,0.0,0.0,0.0,0.0,0.0,0.0,0.0,3.01299457879421,0.989740455634935,0.0,0.11212063375086523,0.0,15.280188027321046,3.01299457879421,4.1148556681800095,0.024483373584779727,0.006079774107787364,0.0,0.0,0.0,0.00016427715363026815,0.024319096431149455,0.016503552435132577,84.62293216147799,86.22800945522945,-2.6645352591003757e-15,5.222489107836736e-13
2021-07-31T00:00:00.0,9.9,9.9,0.0,6.533406,0.0,3.366594,0.0,0.0,3.366594,0.0,2.5099582127493343,6.533406,0.0,0.07921020280434965,0.0,19.460451562507917,2.509958212749334,9.122574415553684,0.22590723936663873,0.005965324330146613,0.1198134180164534,3.246780581983448,0.08209438143553642,0.00013814259406246242,0.023861297320586453,0.020698687699388194,81.48114911934422,82.08259063935695,-7.105427357601002e-14,-7.37188088351104e-14
2021-08-01T00:00:00.0,25.9,25.9,0.0,6.194824076692519,0.0,19.70517592330748,0.0,0.0,19.70517592330748,0.0,1.1535801635115384,6.194824076692518,0.0,0.04776925585091697,0.0,12.735012230077556,1.1535801635115384,7.396173496054973,2.476368801908765,0.005893039088310636,1.0843369332190358,18.62083899008695,1.3680787552534337,0.0003809570830529496,0.023572156353242543,0.024270916326573643,82.03583007404505,82.62814366010645,-5.10702591327572e-14,3.730349362740526e-14
2021-08-02T00:00:00.0,12.6,12.6,0.0,2.623050503434847,0.0,9.976949496565153,0.0,0.0,9.976949496565153,0.0,0.1504212472214933,2.3563067620219655,0.0,0.03799868742950496,0.0,4.0393830206090815,0.15042124722149341,2.5447266966729636,2.2368092964523187,0.005889742729645733,0.9688183724885766,9.00813112407612,1.243515611492044,0.0009163415531151975,0.02355897091858293,0.037150499859176137,98.06258901610657,98.64970832305298,-8.526512829121202e-14,1.4210854715202004e-12
2021-08-03T00:00:00.0,1.0,1.0,0.0,0.65994,0.0,0.34006000000000003,0.0,0.0,0.34006000000000003,0.0,1.310364314787009,0.9266837414128821,0.0,0.13445922706343078,0.0,8.589260860266506,1.3103643147870092,2.371507283263322,0.09726488792963284,0.006137933634786874,0.0366901625918418,0.3033698374081014,0.03503484509317905,0.0009881457054644592,0.024551734539147496,0.07701411026432539,105.60071775262735,106.46228258719758,1.1546319456101628e-14,4.707345624410664e-13
2021-08-04T00:00:00.0,3.8,3.8,0.0,2.5077719999999997,0.0,1.2922280000000002,0.0,0.0,1.2922280000000002,0.0,0.8904405202272636,2.507772,0.0,0.08873391249935379,0.0,8.94529793137413,0.8904405202272638,3.4869464327266178,0.2614171803724565,0.006831488316971988,0.12826724239886295,1.1639607576011075,0.10493595459755845,0.0008880301081470096,0.02732595326788795,0.12333423380561513,104.34622694712226,104.98737248237,-2.220446049250313e-13,-1.6964207816272392e-13
2021-08-05T00:00:00.0,24.3,24.3,0.0,2.5359958215860194,0.0,21.76400417841398,0.0,0.0,21.76400417841398,0.0,0.14266511115214126,2.051615375551067,0.0,0.024761521141458485,0.0,3.5170549295161155,0.14266511115214128,2.219042007844667,7.013173126189229,0.007856788395516026,3.3936249972382817,18.37037918117687,3.586467166349046,0.0016538090198340036,0.031427153582064105,0.156948071043309,104.30185505348547,105.03217738095397,-3.774758283725532e-14,-7.993605777301127e-15
2021-08-06T00:00:00.0,1.5,1.5,0.0,0.98991,0.0,0.51009,0.0,0.0,0.51009,0.0,1.0199779269235865,1.474290446034952,0.0,0.12458333663466223,0.0,8.58420330024551,1.0199779269235862,2.6188517095932005,0.2313733675703582,0.00944574620806093,0.10550976514242862,0.4045802348575963,0.08577644480375081,0.002304172791935203,0.03778298483224372,0.2646001856039801,118.75973855595653,120.09210545852571,1.7763568394002505e-14,-1.1528555887707626e-12
2021-08-07T00:00:00.0,0.0,0.0,0.0,0.0,0.0,0.0,0.0,0.0,0.0,0.0,2.7355518803240533,-1.1102230246251565e-16,0.0,0.23436185573904647,0.0,15.799837786602225,2.7355518803240537,2.9699137360631,0.05083171303799832,0.01221196714579294,0.0,0.0,0.0,0.001983844454826568,0.04884786858317176,0.37989668973981855,117.66707672405614,118.73243463515405,6.794564910705958e-14,3.863576125695545e-14
2021-08-08T00:00:00.0,35.4,35.4,0.0,5.18663781252913,0.0,30.213362187470867,0.0,0.0,30.213362187470867,0.0,1.7043711171751825,5.18663781252913,0.0,0.23008357035129692,0.0,19.420906875174783,1.704371117175183,7.12109250005561,13.98311399239068,0.015502234162974573,7.713723630641884,22.499638556828856,6.204379554626975,0.003001870469926048,0.06200893665189829,0.42104930573097243,114.31528245379923,115.69947721890799,-8.277822871605167e-13,-8.282263763703668e-13
2021-08-09T00:00:00.0,0.9,0.9,0.0,0.593946,0.0,0.30605400000000005,0.0,0.0,0.30605400000000005,0.0,1.5739340928833059,0.593946,0.0,0.15258322575486413,0.0,11.21084863272882,1.573934092883306,2.3204633186381702,0.24133485949836547,0.019796476294507544,0.0977606189499157,0.20829338105015474,0.06046006555555006,0.0039282698148694695,0.07918590517803017,0.645981019949645,128.25203559227373,129.97976849229858,1.7763568394002505e-15,1.4921397450962104e-13
2021-08-10T00:00:00.0,0.0,0.0,0.0,0.0,0.0,0.0,0.0,0.0,0.0,0.0,2.208243807900384,0.0,0.0,0.21497328919982003,0.0,13.408900045738475,2.208243807900383,2.423217097100204,0.10763284408820495,0.026055046323686354,0.0,0.0,0.0,0.0034126587934595557,0.10422018529474542,0.7865800741406463,126.02344229936523,128.2981738378672,4.192202140984591e-13,3.2107649872159527e-13
2021-08-11T00:00:00.0,0.0,0.0,0.0,0.0,0.0,0.0,0.0,0.0,0.0,0.0,3.2716212170308068,0.0,0.0,0.2946134429367467,0.0,17.261362213231298,3.2716212170308077,3.5662346599675536,0.13165142700354074,0.032217143275743286,0.0,0.0,0.0,0.0027828539005676145,0.12886857310297314,0.7182392350360112,122.8102324693307,125.74126885035488,2.1938006966593093e-13,2.304822999121825e-13
2021-08-12T00:00:00.0,0.0,0.0,0.0,0.0,0.0,0.0,0.0,0.0,0.0,0.0,3.490296766413443,0.0,0.0,0.2732155877345143,0.0,16.55573321364482,3.4902967664134428,3.7635123541479576,0.15022079918890252,0.037016348167730216,0.0,0.0,0.0,0.0021554065179816145,0.14806539267092086,0.5854588705337846,118.52297572042586,122.01116562010733,7.052136652418994e-13,7.127631818093505e-13
2021-08-13T00:00:00.0,0.0,0.0,0.0,0.0,0.0,0.0,0.0,0.0,0.0,0.0,4.16367795128032,0.0,0.0,0.2697154560888817,0.0,16.619725001945536,4.16367795128032,4.433393407369202,0.1626747778965244,0.04026351908090965,0.0,0.0,0.0,0.0016207015728857516,0.1610540763236386,0.45461459586467673,114.17184908922674,118.06041611860336,-6.012967901369848e-13,-6.123990203832363e-13
2021-08-14T00:00:00.0,0.0,0.0,0.0,0.0,0.0,0.0,0.0,0.0,0.0,0.0,4.089752866168162,0.0,0.0,0.2316384667787211,0.0,17.766357043914585,4.089752866168162,4.321391332946883,0.16988353654686153,0.042173633414005915,0.0,0.0,0.0,0.0011890028908378113,0.16869453365602366,0.344227200852435,109.28222038441963,113.42408441425637,3.446132268436486e-13,3.5083047578154947e-13
2021-08-15T00:00:00.0,0.0,0.0,0.0,0.0,0.0,0.0,0.0,0.0,0.0,0.0,4.2916184852207495,0.0,0.0,0.19436849518991312,0.0,18.851779434042154,4.29161848522075,4.4859869804106625,0.17297015635563945,0.04302647038424709,0.0,0.0,0.0,0.0008642748186511753,0.17210588153698836,0.2570339609831544,104.61541284772862,108.89063591134777,8.544276397515205e-13,8.482103908136196e-13
2021-08-16T00:00:00.0,9.4,9.4,0.0,5.554215117609661,0.0,3.8457848823903396,0.0,0.0,3.8457848823903396,0.0,3.441426083238503,5.554215117609661,0.0,0.16457581794335743,0.0,21.626370705657965,3.4414260832385044,9.16021701879152,0.6286140489080425,0.043099223190451806,0.2819748012562565,3.5638100811345503,0.17355654873323492,0.0006858061567436907,0.17239689276180722,0.19267966283148785,99.87152763151553,104.1886523041966,6.190603585309873e-13,6.279421427279885e-13
2021-08-17T00:00:00.0,35.1,35.1,0.0,3.6661561630849033,0.0,31.4338438369151,0.0,0.0,31.4338438369151,0.0,0.95550098991565,3.6661561630849033,0.0,0.05495506450977422,0.0,10.29801697850942,0.9555009899156496,4.6766122175103275,10.003675205835691,0.04268982095444139,4.651543736689283,26.782300100227996,5.17978264094227,0.0015895443863789297,0.17075928381776556,0.16522801158346626,99.46241379374631,103.75672201330659,4.4941828036826337e-13,-7.105427357601002e-15
2021-08-18T00:00:00.0,0.1,0.1,0.0,0.065994,0.0,0.03400600000000001,0.0,0.0,0.03400600000000001,0.0,1.9592632180433378,0.065994,0.0,0.21696410279116035,0.0,14.966385296888415,1.9592632180433374,2.2422213208344983,0.18579412440165113,0.04258423775955153,0.007241118609565638,0.026764881390435858,0.005826823083067084,0.0023892316708123123,0.17033695103820612,0.2660269350837584,119.88765764263675,124.1337447690083,1.0658141036401503e-14,-2.1742607714259066e-12
2021-08-19T00:00:00.0,0.1,0.1,0.0,0.065994,0.0,0.03400600000000001,0.0,0.0,0.03400600000000001,0.0,2.0149204304745854,0.065994,0.0,0.21008639708184473,0.0,14.962526261235903,2.014920430474586,2.29100082755643,0.1871842792514381,0.043798309415404364,0.005952172203432142,0.028053827796572374,0.0040350100838378415,0.0020038593025507004,0.17519323766161746,0.3878161564538867,117.46395221335494,121.76314508601249,1.1013412404281553e-13,1.1590728377086634e-13
2021-08-20T00:00:00.0,0.0,0.0,0.0,0.0,0.0,0.0,0.0,0.0,0.0,0.0,2.646337570599528,0.0,0.0,0.1696923692308055,0.0,14.816317282208153,2.6463375705995276,2.8160299398303335,0.18386014907003975,0.04554098268442592,0.0,0.0,0.0,0.0016962183323360456,0.18216393073770368,0.39328518276839325,114.87314418775449,119.3411616697889,3.197442310920451e-13,3.1041835768519377e-13
2021-08-21T00:00:00.0,0.0,0.0,0.0,0.0,0.0,0.0,0.0,0.0,0.0,0.0,2.9972707039028297,0.0,0.0,0.16824223005624067,0.0,15.484199812899348,2.9972707039028306,3.16551293395907,0.18916946139317434,0.04694737720464413,0.0,0.0,0.0,0.0013799525745977848,0.18778950881857653,0.3465352276465746,111.66213284682377,116.29573059820444,-3.3795188869589765e-13,-3.388400671155978e-13
2021-08-22T00:00:00.0,0.0,0.0,0.0,0.0,0.0,0.0,0.0,0.0,0.0,0.0,3.2483915971321116,0.0,0.0,0.17682048704549147,0.0,16.50207868340243,3.2483915971321125,3.425212084177603,0.1920858970068226,0.047748516619535795,0.0,0.0,0.0,0.0010918305286793345,0.19099406647814318,0.2873991078681742,108.1487047326433,112.89410082564731,2.282618538629322e-13,2.402522625288839e-13
2021-08-23T00:00:00.0,7.2,7.2,0.0,3.8265316727013294,0.0,3.3734683272986707,0.0,0.0,3.3734683272986707,0.0,0.7962107319064023,3.8265316727013294,0.0,0.0690761694579803,0.0,11.260270036207977,0.7962107319064021,4.691818574065712,0.7565013939939623,0.04794661845900554,0.3318757808626007,3.041592546436181,0.23185820969500276,0.0009809296003362442,0.19178647383602215,0.23360584903152615,104.43500171006905,109.22905432784356,-2.0605739337042905e-13,-2.0383694732117874e-13
2021-08-24T00:00:00.0,0.0,0.0,0.0,0.0,0.0,0.0,0.0,0.0,0.0,0.0,1.3561368450653175,0.0,0.0,0.1142235641636235,0.0,11.907398473015373,1.3561368450653175,1.470360409228941,0.191857933475906,0.04772337670554776,0.0,0.0,0.0,0.0009644266537149216,0.19089350682219103,0.2050342533618072,106.14486236681395,110.93278774132497,2.5091040356528538e-14,-9.50350909079134e-14
2021-08-25T00:00:00.0,0.0,0.0,0.0,0.0,0.0,0.0,0.0,0.0,0.0,0.0,1.264595454677608,0.0,0.0,0.0817629881459228,0.0,10.016727974533058,1.2645954546776084,1.3463584428235307,0.19014682742879502,0.04732059621028898,0.0,0.0,0.0,0.0008644425876390699,0.18928238484115592,0.1897490255716539,104.46850327756943,109.2228460219145,6.461498003318411e-14,7.105427357601002e-14
2021-08-26T00:00:00.0,0.0,0.0,0.0,0.0,0.0,0.0,0.0,0.0,0.0,0.0,2.4398894962368978,0.0,0.0,0.12020086257654773,0.0,15.149373843543906,2.439889496236898,2.5600903588134454,0.18787366855644644,0.046781190825075855,0.0,0.0,0.0,0.0007489052561428539,0.18712476330030342,0.1726688632636827,102.93153136658657,107.63902015545186,3.2862601528904634e-14,3.197442310920451e-14
2021-08-27T00:00:00.0,3.7,3.7,0.0,2.4417780000000002,0.0,1.258222,0.0,0.0,1.258222,0.0,1.5241734153571764,2.4417780000000002,0.0,0.08558607076940869,0.0,15.470192996768791,1.5241734153571764,4.051537486126586,0.34520877115928367,0.04608988558584415,0.0953659658598038,1.1628560341403245,0.06482551966442719,0.0006577432916764185,0.1843595423433766,0.1532575187283916,100.19802323925308,104.84427493725667,2.2248869413488137e-13,2.2115642650533118e-13
2021-08-28T00:00:00.0,0.0,0.0,0.0,0.0,0.0,0.0,0.0,0.0,0.0,0.0,1.1750117245738674,0.0,0.0,0.07998915843718796,0.0,11.142654914651143,1.1750117245738676,1.2550008830110553,0.18159424600149995,0.04524754329618777,0.0,0.0,0.0,0.0006040728167488095,0.18099017318475108,0.13588291828320484,99.53237900558214,104.10143879438492,1.758593271006248e-13,3.907985046680551e-14
2021-08-29T00:00:00.0,2.8,2.8,0.0,1.8478319999999997,0.0,0.9521680000000001,0.0,0.0,0.9521680000000001,0.0,0.5173971322810106,1.8478319999999997,0.0,0.042249145845501115,0.0,7.971753776116946,0.5173971322810105,2.4074782781265114,0.29354645266529,0.04429741735772854,0.06741144617961177,0.884756553820352,0.04837449579408993,0.0005708412606743126,0.17718966943091416,0.12244440105663443,98.1408911314712,102.61959612207623,-5.839773109528323e-14,-5.573319583618286e-14
2021-08-30T00:00:00.0,15.1,15.1,0.0,2.5223392426622366,0.0,12.577660757337764,0.0,0.0,12.577660757337764,0.0,0.16790362401316555,2.003817349317829,0.0,0.01856713050604375,0.0,3.435115455973421,0.1679036240131654,2.1902881038370383,2.555976080675431,0.04328928682630051,1.2076917087716736,11.369969048565551,1.1742658794596732,0.0008613451388816159,0.17315714730520204,0.1165826512063435,98.29461166905364,102.67427397392667,-2.55351295663786e-15,2.708944180085382e-14
2021-08-31T00:00:00.0,2.4,2.4,0.0,1.583856,0.0,0.816144,0.0,0.0,0.816144,0.0,0.22338249263049736,2.102377893344407,0.0,0.04359421000978463,0.0,4.066619864226957,0.2233824926304972,2.369354595984689,0.3602387020683109,0.04241268926709922,0.10025324902612527,0.715890750973845,0.08914561777927173,0.0011890781945171184,0.16965075706839688,0.1431625381726432,108.18640008729511,112.9847205025874,-3.197442310920451e-14,5.115907697472721e-13
2021-09-01T00:00:00.0,1.8,1.8,0.0,1.187892,0.0,0.6121080000000001,0.0,0.0,0.6121080000000001,0.0,1.4196236919839884,1.1878920000000004,0.0,0.1050437785605703,0.0,9.947865182545293,1.4196236919839886,2.712559470544559,0.29496003276313465,0.04195697391890193,0.07111582876675297,0.5409921712332868,0.05488394674296323,0.001132361577810902,0.1678278956756077,0.18503327601446798,108.40181690148223,112.61271451526726,8.493206138382448e-15,3.730349362740526e-14
2021-09-02T00:00:00.0,0.0,0.0,0.0,0.0,0.0,0.0,0.0,0.0,0.0,0.0,2.3559400476443884,0.0,0.0,0.13876037858735016,0.0,13.903966696666352,2.355940047644389,2.4947004262317387,0.16831256394938218,0.04182776306588081,0.0,0.0,0.0,0.001001511685858887,0.16731105226352325,0.2030243587557022,107.17709201783563,111.3632380380406,8.748557434046234e-14,5.5289106626332796e-14
2021-09-03T00:00:00.0,0.0,0.0,0.0,0.0,0.0,0.0,0.0,0.0,0.0,0.0,2.88575250726412,0.0,0.0,0.14916188241846598,0.0,15.201769167050635,2.885752507264122,3.0349143896825863,0.16780606501851494,0.04174406329197288,0.0,0.0,0.0,0.0008298118506232392,0.16697625316789153,0.19445778260634036,104.47836572116229,108.65839728479357,4.263256414560601e-14,3.907985046680551e-14
2021-09-04T00:00:00.0,0.0,0.0,0.0,0.0,0.0,0.0,0.0,0.0,0.0,0.0,2.6912924162452776,0.0,0.0,0.12536024269929244,0.0,14.003380373037544,2.6912924162452785,2.81665265894457,0.1666474577226012,0.04149402069833914,0.0,0.0,0.0,0.0006713749292446558,0.16597608279335657,0.17044756474400571,101.24816373702213,105.41393276679987,6.159517340620368e-13,6.16839912481737e-13
2021-09-05T00:00:00.0,2.4,2.4,0.0,1.583856,0.0,0.816144,0.0,0.0,0.816144,0.0,1.7475209884031553,1.583856,0.0,0.07776726904900105,0.0,11.69602432716094,1.7475209884031553,3.409144257452156,0.2553841204009106,0.0409973773853524,0.05518364593400866,0.7609603540659321,0.03564473901030209,0.000566225915190168,0.1639895095414096,0.1432146759350751,98.26039213840427,102.38913862943434,3.419486915845482e-14,2.1760371282653068e-14
2021-09-06T00:00:00.0,0.0,0.0,0.0,0.0,0.0,0.0,0.0,0.0,0.0,0.0,3.039233381830745,0.0,0.0,0.12066434634207628,0.0,14.023772031387434,3.039233381830744,3.1598977281728216,0.1616011162629957,0.04028078032118442,0.0,0.0,0.0,0.00047799497825802665,0.16112312128473769,0.12110291613608824,97.01663859415764,101.08361287419602,-1.616484723854228e-13,-9.769962616701378e-14
2021-09-07T00:00:00.0,0.0,0.0,0.0,0.0,0.0,0.0,0.0,0.0,0.0,0.0,2.9560938118471194,0.0,0.0,0.09850572748442588,0.0,15.3906424088482,2.95609381184712,3.0545995393315453,0.15800265362363808,0.03940614465386223,0.0,0.0,0.0,0.00037807500818907286,0.15762457861544893,0.10266525732905638,93.73515995487084,97.72183324943938,-3.6504133049675147e-13,-3.6548541970660153e-13
2021-09-08T00:00:00.0,0.0,0.0,0.0,0.0,0.0,0.0,0.0,0.0,0.0,0.0,2.627137005349376,0.0,0.0,0.07822756570123104,0.0,15.325480184305716,2.627137005349375,2.705364571050607,0.153889356482851,0.03839769128926213,0.0,0.0,0.0,0.0002985913258023827,0.15359076515704853,0.0849902465117029,90.57751708320215,94.46982491183044,-1.056932319443149e-13,-1.0391687510491465e-13
2021-09-09T00:00:00.0,0.0,0.0,0.0,0.0,0.0,0.0,0.0,0.0,0.0,0.0,3.0912983286141458,0.0,0.0,0.07690384631321996,0.0,16.06646557372766,3.0912983286141453,3.168202174927366,0.14933501481685055,0.03727528024498562,0.0,0.0,0.0,0.0002338938369080942,0.1491011209799425,0.06941925727794135,87.78686367431392,91.57217329300761,1.199040866595169e-13,1.141309269314661e-13
2021-09-10T00:00:00.0,1.8,1.8,0.0,1.187892,0.0,0.6121080000000001,0.0,0.0,0.6121080000000001,0.0,1.78680202093526,1.187892,0.0,0.03647066429047626,0.0,10.95081553278527,1.7868020209352595,3.011164685225736,0.17907015660193612,0.03606865898326298,0.022467313176565445,0.5896406868233901,0.012140051979651614,0.00018815551266721003,0.14427463593305193,0.05645836853954232,84.5490083482711,88.2173608230178,6.039613253960852e-13,6.075140390748857e-13
2021-09-11T00:00:00.0,0.5,0.5,0.0,0.32997,0.0,0.17003000000000001,0.0,0.0,0.17003000000000001,0.0,2.2546944762805197,0.32997,0.0,0.04434042200488934,0.0,11.703903224562406,2.254694476280522,2.629004898285409,0.14837722662470718,0.03480792301673909,0.005849447072273856,0.164180552927725,0.0031386011957460734,0.0001574862897309032,0.13923169206695635,0.04630859136315647,83.24658977383704,86.79105732220697,-1.5010215292932116e-13,-1.0325074129013956e-13
2021-09-12T00:00:00.0,0.0,0.0,0.0,0.0,0.0,0.0,0.0,0.0,0.0,0.0,1.5573267240847097,0.0,0.0,0.03182561642898047,0.0,10.390133469881661,1.5573267240847093,1.5891523405136903,0.13422254164506575,0.03352299455632074,0.0,0.0,0.0,0.00013056341978278984,0.13409197822528296,0.03869433960971563,81.06213074963075,84.47886727428015,-2.6645352591003757e-14,-3.597122599785507e-14
2021-09-13T00:00:00.0,0.0,0.0,0.0,0.0,0.0,0.0,0.0,0.0,0.0,0.0,2.6283542304544483,0.0,0.0,0.0366604226495522,0.0,14.540677671421797,2.6283542304544505,2.6650146531040004,0.1290453568523862,0.03223462308316515,0.0,0.0,0.0,0.00010686451972557673,0.1289384923326606,0.032633203328302336,79.4341535060877,82.72196939756519,-1.3145040611561853e-13,-1.1790568521519162e-13
2021-09-14T00:00:00.0,0.0,0.0,0.0,0.0,0.0,0.0,0.0,0.0,0.0,0.0,2.6677161373899105,0.0,0.0,0.03125267386486303,0.0,14.786252767617468,2.6677161373899088,2.6989688112547734,0.12390647808232877,0.03095564841784864,0.0,0.0,0.0,8.388441093419429e-5,0.12382259367139456,0.02763992581184835,76.73639878513603,79.895674764526,-3.6415315207705135e-13,-3.6903813338540203e-13
2021-09-15T00:00:00.0,0.0,0.0,0.0,0.0,0.0,0.0,0.0,0.0,0.0,0.0,2.7852981744719427,0.0,0.0,0.02968707724431532,0.0,14.497068833521393,2.785298174471943,2.814985251716258,0.11883817417328213,0.02969337924541872,0.0,0.0,0.0,6.465719160722529e-5,0.11877351698167488,0.0232093604522855,74.00970616365817,77.04184382677074,3.1041835768519377e-13,3.113065361048939e-13
2021-09-16T00:00:00.0,4.1,4.1,0.0,2.7057539999999998,0.0,1.3942459999999999,0.0,0.0,1.3942459999999999,0.0,1.0185105522937858,2.7057539999999998,0.0,0.013924160324072603,0.0,9.337774216162659,1.0185105522937856,3.738188712617858,0.1606730902207359,0.028451720404860718,0.032536645146466966,1.3617093548536272,0.014276382108925281,5.318134590081996e-5,0.11380688161944287,0.01926457713389499,71.1714468942982,74.07832702163597,-1.8474111129762605e-13,-1.8562928971732617e-13
2021-09-17T00:00:00.0,7.7,7.7,0.0,2.686829974925301,0.0,5.013170025074699,0.0,0.0,5.013170025074699,0.0,0.20441280028058678,2.5795349122385525,0.0,0.005949529443183636,0.0,4.422059849551805,0.20441280028058725,2.789897241962323,0.31654343113735495,0.027235914890984893,0.12962253502102256,4.883547490054643,0.07791503987128956,6.219668110331914e-5,0.10894365956393957,0.016188357110379994,71.46712739594517,74.25101349839252,7.749356711883593e-14,-7.993605777301127e-15
2021-09-18T00:00:00.0,0.1,0.1,0.0,0.065994,0.0,0.03400600000000001,0.0,0.0,0.03400600000000001,0.0,1.6321383891385768,0.17328906268674837,0.0,0.030842287679366313,0.0,11.005341070031099,1.632138389138577,1.8362697395046914,0.10579690369923209,0.026056648268162494,0.0009340620543580097,0.03307193794564531,0.0005655256502098993,7.072292201418464e-5,0.10422659307264998,0.014665698797651536,76.04614696261324,78.8173369104028,3.375077994860476e-14,-9.396927680427325e-13
2021-09-19T00:00:00.0,0.0,0.0,0.0,0.0,0.0,0.0,0.0,0.0,0.0,0.0,2.3154348559078026,0.0,0.0,0.03397330650827296,0.0,13.533522588545662,2.3154348559078017,2.3494081624160756,0.09976411567965113,0.024926478779319552,0.0,0.0,0.0,5.8200562372941094e-5,0.09970591511727821,0.014245644870212622,74.40093627637091,76.94921361893057,1.4876988529977098e-13,1.4410694859634532e-13
2021-09-20T00:00:00.0,15.2,15.2,0.0,3.2109357362485467,0.0,11.989064263751452,0.0,0.0,11.989064263751452,0.0,0.338345458248499,3.2109357362485462,0.0,0.00896488080718418,0.0,7.566694417491279,0.33834545824849993,3.5582460753042295,0.778568549117039,0.023848021186061028,0.3683687718115109,11.620695491941191,0.3147055101791128,0.0001021823821712575,0.09539208474424411,0.013922316635112992,72.03722426852248,74.47511486205576,-2.26929586233382e-13,-2.3669954885008337e-13
2021-09-21T00:00:00.0,0.9,0.9,0.0,0.593946,0.0,0.30605400000000005,0.0,0.0,0.30605400000000005,0.0,0.5707411638837793,0.5939460000000004,0.0,0.033977413180097366,0.0,4.969553551852378,0.5707411638837792,1.198664577063877,0.11343462493878553,0.02282423782236208,0.011666381119038763,0.2943876188807802,0.010306736843600582,0.00016455568669781267,0.09129695128944831,0.015073411554596168,82.98187941221157,85.31445221644965,2.1316282072803006e-14,-1.2221335055073723e-12
2021-09-22T00:00:00.0,0.0,0.0,0.0,0.0,0.0,0.0,0.0,0.0,0.0,0.0,1.7009655743769234,0.0,0.0,0.05947875061699676,0.0,12.228223962243431,1.7009655743769234,1.7604443249939201,0.08763374803443015,0.021873543408016467,0.0,0.0,0.0,0.000139574402364288,0.08749417363206587,0.01839525419824317,82.64600374994393,84.8795287766248,-3.5149660959632456e-13,-1.6753265441593612e-13
2021-09-23T00:00:00.0,0.0,0.0,0.0,0.0,0.0,0.0,0.0,0.0,0.0,0.0,1.765658408743421,0.0,0.0,0.04714266255375004,0.0,12.959671227216232,1.7656584087434208,1.8128010712971712,0.08412431963475649,0.02100203625514788,0.0,0.0,0.0,0.00011617461416500851,0.08400814502059152,0.02134474701714404,80.8670245963495,83.00957716018853,-9.303668946358812e-14,-9.903189379656396e-14
2021-09-24T00:00:00.0,0.0,0.0,0.0,0.0,0.0,0.0,0.0,0.0,0.0,0.0,3.0095808586582082,0.0,0.0,0.06692906833821138,0.0,17.684168498809594,3.009580858658208,3.07650992699642,0.08086309621731536,0.020192310152033523,0.0,0.0,0.0,9.385560918130658e-5,0.08076924060813409,0.022296309120580563,79.03276260342068,81.0916497330011,3.3595348725157237e-13,3.4638958368304884e-13
2021-09-25T00:00:00.0,0.0,0.0,0.0,0.0,0.0,0.0,0.0,0.0,0.0,0.0,2.786946507973089,0.0,0.0,0.03954458829405329,0.0,15.647408002684449,2.786946507973089,2.826491096267142,0.07776049846562953,0.019421950555196542,0.0,0.0,0.0,7.269624484331938e-5,0.07768780222078617,0.021409774142653236,75.93386251169406,77.9140843996349,4.3787196091216174e-13,4.347633364432113e-13
2021-09-26T00:00:00.0,0.0,0.0,0.0,0.0,0.0,0.0,0.0,0.0,0.0,0.0,3.114977029140872,0.0,0.0,0.03535862026971534,0.0,13.434239112219657,3.1149770291408716,3.150335649410587,0.07475021362215117,0.018673622115397377,0.0,0.0,0.0,5.572516056164329e-5,0.0746944884615895,0.01923907419415707,73.08588894503993,74.99041085434745,-5.058176100192213e-13,-5.115907697472721e-13
2021-09-27T00:00:00.0,9.2,9.2,0.0,2.9792641884232722,0.0,6.220735811576727,0.0,0.0,6.220735811576727,0.0,0.49231177573801155,2.9792641884232713,0.0,0.006482228060123022,0.0,6.176665130539632,0.49231177573801155,3.4780581922214058,0.3107296025439349,0.017937634828935012,0.15410811021108453,6.06662770136449,0.08481379422556955,5.715879154068165e-5,0.07175053931574005,0.016638061973916773,69.91625849627452,71.74665136919921,9.725553695716371e-14,9.547918011776346e-14
2021-09-28T00:00:00.0,0.1,0.1,0.0,0.065994,0.0,0.03400600000000001,0.0,0.0,0.03400600000000001,0.0,1.7905424876088698,0.06599400000000089,0.0,0.0409085833763978,0.0,9.675072103470422,1.7905424876088698,1.8974450709852686,0.07035902104099614,0.017215613318401476,0.0009058871860103499,0.033100112813988336,0.0005252125151452415,6.546806623462119e-5,0.0688624532736059,0.014929999144726388,75.38258317884993,77.13992593960386,-7.638334409421077e-14,1.0809131367750524e-12
2021-09-29T00:00:00.0,10.3,10.3,0.0,3.6475334169689932,0.0,6.652466583031007,0.0,0.0,6.652466583031007,0.0,1.3420292611742755,3.6475334169689932,0.0,0.025563855639082273,0.0,10.330266101813958,1.3420292611742755,5.015126533782351,0.3853102782742901,0.016517585346024693,0.18972124526867634,6.462745337763148,0.12944005546273596,7.863615877891226e-5,0.06607034138409877,0.014241704516252911,73.56871154095262,75.25490623425927,-7.815970093361102e-14,-7.638334409421077e-14
2021-09-30T00:00:00.0,2.1,2.1,0.0,1.35227736,0.0,0.7477226400000001,0.0,0.0,0.7477226400000001,0.0,0.8852467554508627,1.35227736,0.0,0.03531980807308904,0.0,10.17753270545453,0.8852467554508631,2.2728439235239515,0.10361923961987977,0.015851839444614532,0.02343528742041086,0.7242873525795636,0.016676821851942476,9.977256906831959e-5,0.06340735777845813,0.014631850359335126,78.52010336576447,80.13795183685724,1.723066134218243e-13,-6.394884621840902e-13
2021-10-01T00:00:00.0,0.0,0.0,0.0,0.0,0.0,0.0,0.0,0.0,0.0,0.0,1.264732898474787,0.0,0.0,0.03813916631158158,0.0,10.20827717576698,1.2647328984747883,1.3028720647863685,0.060999262291938465,0.015226994929576621,0.0,0.0,0.0,9.128257363196944e-5,0.060907979718306485,0.01579350851793416,78.29241571003979,79.84563683426883,-5.484501741648273e-14,-3.552713678800501e-14
2021-10-02T00:00:00.0,0.0,0.0,0.0,0.0,0.0,0.0,0.0,0.0,0.0,0.0,1.9761769351783074,0.0,0.0,0.041518764578523236,0.0,11.311733199901258,1.9761769351783074,2.0176956997568305,0.05865055399588593,0.014643248644893905,0.0,0.0,0.0,7.755941631033517e-5,0.05857299457957562,0.016653037763935223,76.97365885416183,78.46653851226091,2.9976021664879227e-14,3.6193270602780103e-14
2021-10-03T00:00:00.0,0.0,0.0,0.0,0.0,0.0,0.0,0.0,0.0,0.0,0.0,1.7248935063237247,0.0,0.0,0.03440201104900903,0.0,11.719737410375005,1.7248935063237256,1.7592955173727338,0.05643314789786915,0.014092131962196141,0.0,0.0,0.0,6.462004908456192e-5,0.056368527848784565,0.016616245300384264,74.93923255722484,76.37554900986339,-9.103828801926284e-14,-9.103828801926284e-14
2021-10-04T00:00:00.0,0.0,0.0,0.0,0.0,0.0,0.0,0.0,0.0,0.0,0.0,1.673061383939754,0.0,0.0,0.036072728842965016,0.0,14.351095990152345,1.6730613839397561,1.7091341127827189,0.05430655179085464,0.013563087600008286,0.0,0.0,0.0,5.42013908215004e-5,0.05425235040003314,0.015721136555902675,73.16325617450283,74.54572821263079,-1.9562129693895258e-13,-1.9939605522267811e-13
2021-10-05T00:00:00.0,1.9,1.9,0.0,1.1474966400000002,0.0,0.7525033599999997,0.0,0.0,0.7525033599999997,0.0,0.7367633240363858,1.1474966400000002,0.0,0.017122988739337264,0.0,8.968614265221673,0.7367633240363839,1.9013829527757233,0.07884840830843444,0.013048444522783446,0.017874603242039978,0.7346287567579427,0.00873177007435177,4.825690090889146e-5,0.052193778091133784,0.014358027854486071,71.43834672377376,72.76872446045758,-3.710365348297273e-13,-3.6703973194107675e-13
2021-10-06T00:00:00.0,4.7,4.7,0.0,2.17762646398053,0.0,2.52237353601947,0.0,0.0,2.52237353601947,0.0,0.11507477212706993,1.4692554239318556,0.0,0.0022228715056935864,0.0,2.518723583883181,0.11507477212706987,1.5865530675646191,0.14906573073177376,0.012545258918678744,0.06281958467328198,2.459553951346117,0.03601229467528317,5.281570849358113e-5,0.05018103567471498,0.01301216245802124,71.39595111292627,72.67544465485066,-3.452793606584237e-14,-2.9531932455029164e-14
2021-10-07T00:00:00.0,1.5,1.5,0.0,0.8819207999999998,0.0,0.6180792000000002,0.0,0.0,0.6180792000000002,0.0,0.21514017177328085,1.5902918400486743,0.0,0.012322613931928154,0.0,5.789954622383856,0.21514017177327985,1.8177546257538832,0.0744825978567282,0.012055844024040347,0.016235621460273054,0.6018435785397627,0.009963051764906914,6.054853538688048e-5,0.04822337609616139,0.012216750887648706,73.68913014779781,75.6272805976355,1.3322676295501878e-14,8.881784197001252e-14
2021-10-08T00:00:00.0,0.0,0.0,0.0,0.0,0.0,0.0,0.0,0.0,0.0,0.0,0.2368546794944511,0.0,0.0,0.008807384808283738,0.0,4.3982887355944245,0.2368546794944512,0.24566206430273485,0.04640372424065982,0.01158572163866232,0.0,0.0,0.0,6.0837686010555864e-5,0.04634288655464928,0.012020462843251997,74.0412705894444,75.22298753000086,2.842170943040401e-14,-1.176836406102666e-14
2021-10-09T00:00:00.0,0.0,0.0,0.0,0.0,0.0,0.0,0.0,0.0,0.0,0.0,1.0178939749460476,0.0,0.0,0.018595631912417997,0.0,8.485515123119738,1.017893974946048,1.0364896068584657,0.04460898668110789,0.011138059653001109,0.0,0.0,0.0,5.6748069103451435e-5,0.044552238612004434,0.012054535832891441,73.78352722461246,74.91933601981886,-5.889733145636455e-14,-4.979350265443827e-14
2021-10-10T00:00:00.0,0.0,0.0,0.0,0.0,0.0,0.0,0.0,0.0,0.0,0.0,1.0393238772722286,0.0,0.0,0.01981266455090277,0.0,10.43414966125613,1.0393238772722295,1.0591365418231313,0.04290017235498569,0.010712363731495889,0.0,0.0,0.0,5.071742900213831e-5,0.042849454925983556,0.01200851688672468,72.7349263338518,73.8270993666261,1.9273471707492718e-13,1.8185453143360064e-13
2021-10-11T00:00:00.0,0.0,0.0,0.0,0.0,0.0,0.0,0.0,0.0,0.0,0.0,0.9095270632746859,0.0,0.0,0.018920582719098324,0.0,9.322522069071638,0.9095270632746858,0.9284476459937843,0.04126864150550924,0.010305801322178785,0.0,0.0,0.0,4.543621679410846e-5,0.04122320528871514,0.011708871007475542,71.66373055771277,72.7143502887163,1.7696955012524995e-13,1.8385293287792592e-13
2021-10-12T00:00:00.0,0.0,0.0,0.0,0.0,0.0,0.0,0.0,0.0,0.0,0.0,1.0668755009364523,0.0,0.0,0.024728596096038523,0.0,11.588036899929959,1.0668755009364514,1.091604097032491,0.03970012167892624,0.009914902471120599,0.0,0.0,0.0,4.0511794443855176e-5,0.039659609884482395,0.011172035075944909,70.72352860449452,71.73432819989463,1.9539925233402755e-13,1.9773072068574038e-13
2021-10-13T00:00:00.0,3.8,2.495522388059702,1.304477611940298,1.3474623044776122,0.46957019701492525,1.1480600835820898,0.8349074149253728,0.0,1.1480600835820898,0.6233588224730554,0.16422975747354973,1.3474623044776122,0.46957019701492525,0.0,0.0,5.5039496848595055,0.16422975747355015,1.9812622589660873,0.10117289535845753,0.009537100414485475,0.04114134214298791,1.7302775639119898,0.021842315920564584,4.0835636963132146e-5,0.0381484016579419,0.01051128926251461,69.62071196059163,70.59310907871209,3.9968028886505635e-15,6.439293542825908e-15
2021-10-14T00:00:00.0,0.2,0.14242424242424245,0.05757575757575757,0.07576107857588867,0.020417879332508996,0.06666316384835379,0.03715787824324858,0.0,0.06666316384835379,0.19856590805286126,0.20951155478711997,0.07576107857588867,0.020417879332508996,0.0,0.05014056264270469,4.604507665574899,0.20951155478711989,0.35583107533822234,0.046646673775893065,0.00917165457762762,0.006351723031913613,0.25887734886932146,0.0035640635124476907,4.4268921021263166e-5,0.03668661831051048,0.009975459132682387,71.15436532621005,72.30113682397293,-2.220446049250313e-14,1.3367085216486885e-13
2021-10-15T00:00:00.0,0.0,0.0,0.0,0.0,0.0,0.0,0.0,0.0,0.0,0.0,0.550782572328869,0.0,0.0,0.022425731940434367,0.0,8.577075968983811,0.5507825723288688,0.5732083042693034,0.03532309338631717,0.008820049790406157,0.0,0.0,0.0,4.289422469255281e-5,0.03528019916162463,0.009683940436184545,71.19014732872607,72.08948742028116,3.497202527569243e-14,2.275957200481571e-14
2021-10-16T00:00:00.0,0.0,0.0,0.0,0.0,0.0,0.0,0.0,0.0,0.0,0.0,1.1365821104185483,0.0,0.0,0.026267064800519012,0.0,10.101969659027842,1.1365821104185498,1.1628491752190673,0.03397280982469338,0.00848347714056962,0.0,0.0,0.0,3.8901262414901494e-5,0.03393390856227848,0.009510235609894573,70.60721218979596,71.4721359728352,-6.94999613415348e-14,-7.16093850883226e-14
2021-10-17T00:00:00.0,0.0,0.0,0.0,0.0,0.0,0.0,0.0,0.0,0.0,0.0,1.2538254057095877,0.0,0.0,0.022211739442896096,0.0,9.807000490356405,1.2538254057095863,1.2760371451524837,0.03267973179837991,0.008161454777768196,0.0,0.0,0.0,3.391268730712717e-5,0.03264581911107278,0.009276449062634261,69.43481387770444,70.26683051065073,1.396660564978447e-13,1.3922196728799463e-13
2021-10-18T00:00:00.0,0.0,0.0,0.0,0.0,0.0,0.0,0.0,0.0,0.0,0.0,1.611754566900946,0.0,0.0,0.026425994338362836,0.0,12.761282026998948,1.611754566900945,1.638180561239309,0.03143711363326586,0.00785208595861733,0.0,0.0,0.0,2.8769798796535945e-5,0.03140834383446932,0.008877659454156512,68.14946637080178,68.94995217892186,2.4202861936828413e-13,2.41140440948584e-13
2021-10-19T00:00:00.0,0.0,0.0,0.0,0.0,0.0,0.0,0.0,0.0,0.0,0.0,1.698716934562007,0.0,0.0,0.021978105910022618,0.0,10.88538122665113,1.6987169345620075,1.7206950404720296,0.030235908419433258,0.007553054296413822,0.0,0.0,0.0,2.36912337779688e-5,0.03021221718565529,0.008307862485999783,66.5023793803092,67.27248241809035,3.199662756969701e-13,3.2152058793144533e-13
2021-10-20T00:00:00.0,0.0,0.0,0.0,0.0,0.0,0.0,0.0,0.0,0.0,0.0,1.0020193995303908,0.0,0.0,0.014903400012972207,0.0,7.239721851454271,1.0020193995303885,1.016922799543363,0.029069104646011912,0.007262350127681862,0.0,0.0,0.0,1.9704135284472226e-5,0.02904940051072745,0.0076045784693050695,64.7733527861174,65.51399841490249,-1.354472090042691e-14,-1.6653345369377348e-14
2021-10-21T00:00:00.0,0.0,0.0,0.0,0.0,0.0,0.0,0.0,0.0,0.0,0.0,2.134841200632917,0.0,0.0,0.026901217077675756,0.0,16.3777131414015,2.1348412006329185,2.161742417710593,0.027930415677724457,0.006978588313455325,0.0,0.0,0.0,1.6062423903149422e-5,0.0279143532538213,0.006839763526507691,63.74880570396931,64.46074416058529,1.3677947663381929e-13,1.389999226830696e-13
2021-10-22T00:00:00.0,0.0,0.0,0.0,0.0,0.0,0.0,0.0,0.0,0.0,0.0,0.4650492041027818,0.0,0.0,0.005082429415036614,0.0,7.950688103694554,0.4650492041027826,0.4701316335178184,0.026818006545445142,0.006701238942007477,0.0,0.0,0.0,1.3050777415258862e-5,0.02680495576802991,0.006089720294711691,61.58020746030806,62.26409273888327,2.4646951146678475e-13,2.4913404672588513e-13
2021-10-23T00:00:00.0,0.0,0.0,0.0,0.0,0.0,0.0,0.0,0.0,0.0,0.0,0.7597420269446095,0.0,0.0,0.007164004506509461,0.0,9.305924949391157,0.7597420269446105,0.7669060314511189,0.02573241186729423,0.006430288978881669,0.0,0.0,0.0,1.1255951767573045e-5,0.025721155915526674,0.005382518187197674,61.103973055718036,61.76044185987792,7.821521208484228e-14,7.782663402622347e-14
2021-10-24T00:00:00.0,0.0,0.0,0.0,0.0,0.0,0.0,0.0,0.0,0.0,0.0,0.7899533014594324,0.0,0.0,0.00868201058371245,0.0,8.130092108647448,0.7899533014594349,0.7986353120431449,0.024673825585973398,0.006166047075224783,0.0,0.0,0.0,9.63728507426565e-6,0.024664188300899132,0.004763160391813427,60.331673250127906,60.96137312758058,4.5852210917018965e-14,4.807265696626928e-14
2021-10-25T00:00:00.0,0.0,0.0,0.0,0.0,0.0,0.0,0.0,0.0,0.0,0.0,1.6110526100174551,0.0,0.0,0.015964108043464074,0.0,12.345015493586159,1.611052610017455,1.6270167180609192,0.023644578630287922,0.00590917603174629,0.0,0.0,0.0,7.874503302750076e-6,0.02363670412698516,0.0042476576513551115,59.528265140407804,60.131897942876165,6.994405055138486e-14,7.083222897108499e-14
2021-10-26T00:00:00.0,0.0,0.0,0.0,0.0,0.0,0.0,0.0,0.0,0.0,0.0,1.1674116328387447,0.0,0.0,0.011298856794991013,0.0,9.580561021788165,1.1674116328387443,1.1787104896337357,0.022646908789429095,0.005660192644748415,0.0,0.0,0.0,6.138210435435387e-6,0.02264077057899366,0.003804414637121223,57.896992890192706,58.475327470153694,-4.793943020331426e-13,-4.82058837292243e-13
2021-10-27T00:00:00.0,0.0,0.0,0.0,0.0,0.0,0.0,0.0,0.0,0.0,0.0,0.40047891002621344,0.0,0.0,0.004634710837209193,0.0,6.4902378080758005,0.400478910026214,0.4051136208634226,0.02168183079237439,0.005419222805292357,0.0,0.0,0.0,4.939571204962166e-6,0.021676891221169427,0.003395947400021069,56.71447184771138,57.26830987908575,3.397282455352979e-14,3.219646771412954e-14
2021-10-28T00:00:00.0,0.0,0.0,0.0,0.0,0.0,0.0,0.0,0.0,0.0,0.0,1.1964935167677648,0.0,0.0,0.009817047152309837,0.0,9.194660785200483,1.1964935167677637,1.2063105639200746,0.020748680221724703,0.005186157357918598,0.0,0.0,0.0,4.050790050309477e-6,0.02074462943167439,0.0030183919446968447,56.305957339876734,56.83609520462466,-2.942091015256665e-15,-3.164135620181696e-15
