time,cum_d_prec,cum_d_rfal,cum_d_sfal,cum_d_rint,cum_d_sint,cum_d_rthr,cum_d_sthr,cum_d_rsno,cum_d_rnet,cum_d_smlt,cum_d_tran,cum_d_irvp,cum_d_isvp,cum_d_slvp,cum_d_snvp,cum_d_pint,cum_d_ptran,evap,flow,seep,srfl,slfl,byfl,dsfl,gwfl,vrfln,StorageSWAT,StorageWATER,BALERD_SWAT,BALERD_total
2010-01-01T00:00:00.0,0.0,0.0,0.0,0.0,0.0,0.0,0.0,0.0,0.0,0.0,0.0,0.0,0.0,0.0,0.0,0.0,0.0,0.0,0.0,0.0,0.0,0.0,0.0,0.0,0.0,0.0,1100.8514442354913,1101.8514442354913,0.0,0.0
2010-01-02T00:00:00.0,0.0,0.0,0.0,0.0,0.0,0.0,0.0,0.0,0.0,0.0,1.541093677683974,0.0,0.0,0.010628230561805322,0.0,5.052301917658028,1.541093677683974,1.5517219082457794,0.009950222329876017,0.0,0.0,0.0,0.0,0.0,0.009950222329876017,1.1253225977617546e-5,1100.8514442354913,1101.8514442354913,0.0,0.0
2010-01-03T00:00:00.0,0.0,0.0,0.0,0.0,0.0,0.0,0.0,0.0,0.0,0.0,1.4199182588099233,0.0,0.0,0.005790052307305775,0.0,5.063614361959904,1.5469014872867237,1.425708311117229,0.009851327934930326,0.0,0.0,0.0,0.0,0.0,0.009851327934930326,1.1253225977617522e-5,1099.2997110740193,1100.2897721049155,1.7252865802674933e-13,8.837375276016246e-14
2010-01-04T00:00:00.0,0.0,0.0,0.0,0.0,0.0,0.0,0.0,0.0,0.0,0.0,1.0923385039625666,0.0,0.0,0.004169771066259403,0.0,5.075600656683293,1.5525740784346704,1.096508275028826,0.009753417555655659,0.0,0.0,0.0,0.0,0.0,0.009753417555655659,1.1253225977617543e-5,1097.8739915096762,1098.8542124658634,-8.08242361927114e-14,-1.532107773982716e-14
2010-01-05T00:00:00.0,0.0,0.0,0.0,0.0,0.0,0.0,0.0,0.0,0.0,0.0,0.8731732801656825,0.0,0.0,0.003476188369252134,0.0,5.088496674303486,1.5585034105001752,0.8766494685349346,0.009656481400932436,0.0,0.0,0.0,0.0,0.0,0.009656481400932436,1.1253225977617543e-5,1096.7774719814213,1097.7479507732787,1.2656542480726785e-13,1.851852005074761e-13
2010-01-06T00:00:00.0,0.0,0.0,0.0,0.0,0.0,0.0,0.0,0.0,0.0,0.0,0.7282570587012605,0.0,0.0,0.003069038491163684,0.0,5.102356457832804,1.5648194490255303,0.7313260971924241,0.009560509777064366,0.0,0.0,0.0,0.0,0.0,0.009560509777064366,1.1253225977617465e-5,1095.9008112596605,1096.861644823343,-1.1246559239452836e-13,-2.630118345336996e-13
2010-01-07T00:00:00.0,0.0,0.0,0.0,0.0,0.0,0.0,0.0,0.0,0.0,0.0,0.6265379545529043,0.0,0.0,0.002793725760945494,0.0,5.117185889763457,1.5715526321728701,0.6293316803138498,0.009465493086809204,0.0,0.0,0.0,0.0,0.0,0.009465493086809204,1.1253225977617465e-5,1095.169473909242,1096.1207582163734,6.927791673660977e-14,2.639000129533997e-13
2010-01-08T00:00:00.0,0.0,0.0,0.0,0.0,0.0,0.0,0.0,0.0,0.0,0.0,0.551346507408277,0.0,0.0,0.002592342228875231,0.0,5.132981145453232,1.5787121730538076,0.5539388496371522,0.00937142182841869,0.0,0.0,0.0,0.0,0.0,0.00937142182841869,1.1253225977617465e-5,1094.5401309757021,1095.4819610429727,4.674038933671909e-14,3.064215547965432e-14
2010-01-09T00:00:00.0,0.0,0.0,0.0,0.0,0.0,0.0,0.0,0.0,0.0,0.0,0.4934789958565331,0.0,0.0,0.00243752795447922,0.0,5.149735053129692,1.5863003481916125,0.4959165238110123,0.009278286594688582,0.0,0.0,0.0,0.0,0.0,0.009278286594688582,1.1253225977617465e-5,1093.9861808728392,1094.9186507715074,-2.0239365738916604e-13,-2.731148640577885e-13
2010-01-10T00:00:00.0,0.0,0.0,0.0,0.0,0.0,0.0,0.0,0.0,0.0,0.0,0.44752255749356984,0.0,0.0,0.002314394331707917,0.0,5.1674387796564565,1.5943164807264723,0.4498369518252778,0.009186078072017967,0.0,0.0,0.0,0.0,0.0,0.009186078072017967,1.1253225977617543e-5,1093.490253095802,1094.4134559611014,2.0555779300934773e-13,3.093081346605686e-13
2010-01-11T00:00:00.0,0.0,0.0,0.0,0.0,0.0,0.0,0.0,0.0,0.0,0.0,0.4101033548323041,0.0,0.0,0.002214028351123368,0.0,5.186082422096826,1.6027583739348157,0.4123173831834275,0.009094787039477603,0.0,0.0,0.0,0.0,0.0,0.009094787039477603,1.1253225977617543e-5,1093.0404048907508,1093.954432931204,-1.6042722705833512e-14,-4.29101199017623e-14
2010-01-12T00:00:00.0,0.0,0.0,0.0,0.0,0.0,0.0,0.0,0.0,0.0,0.0,0.3790132188001929,0.0,0.0,0.0021307130845700955,0.0,5.205655259857035,1.6116229221882454,0.381143931884763,0.009004404367888231,0.0,0.0,0.0,0.0,0.0,0.009004404367888231,1.1253225977617543e-5,1092.6280762543413,1093.5330207609811,7.87148124459236e-14,8.809619700400617e-14
2010-01-13T00:00:00.0,0.0,0.0,0.0,0.0,0.0,0.0,0.0,0.0,0.0,0.0,0.3527470901147356,0.0,0.0,0.002060584385603038,0.0,5.226145880234221,1.6209064052596207,0.3548076745003386,0.00891492101890736,0.0,0.0,0.0,0.0,0.0,0.00891492101890736,1.1253225977617543e-5,1092.2469210692307,1093.1428724247287,-1.1185496973098452e-13,-2.2803980925800715e-13
2010-01-14T00:00:00.0,0.0,0.0,0.0,0.0,0.0,0.0,0.0,0.0,0.0,0.0,0.3302438094080662,0.0,0.0,0.0020009204913391393,0.0,5.247542250182912,1.6306046442437765,0.33224472989940534,0.008826328044125534,0.0,0.0,0.0,0.0,0.0,0.008826328044125534,1.1253225977617543e-5,1091.8921021415044,1092.7791498292095,-8.809619700400617e-14,-2.525757381022231e-14
2010-01-15T00:00:00.0,0.0,0.0,0.0,0.0,0.0,0.0,0.0,0.0,0.0,0.0,0.3107335217274548,0.0,0.0,0.0019497392595729925,0.0,5.2698317629299805,1.6407130909242158,0.31268326098702776,0.008738616584171436,0.0,0.0,0.0,0.0,0.0,0.008738616584171436,1.1253225977617543e-5,1091.559846158379,1092.438078771266,-4.551914400963142e-15,-2.1871393585115584e-14
2010-01-16T00:00:00.0,0.0,0.0,0.0,0.0,0.0,0.0,0.0,0.0,0.0,0.0,0.29364394856529175,0.0,0.0,0.0019055567938454196,0.0,5.293001271943584,1.6512268826472534,0.29554950535913715,0.00865177786782599,0.0,0.0,0.0,0.0,0.0,0.00865177786782599,1.1253225977617543e-5,1091.247151644166,1092.1166568936947,2.992051051364797e-14,1.1152190282359697e-13
2010-01-17T00:00:00.0,0.0,0.0,0.0,0.0,0.0,0.0,0.0,0.0,0.0,0.0,0.27854067206371086,0.0,0.0,0.0018672360776415679,0.0,5.317037118185504,1.6621408782192968,0.2804079081413524,0.00856580321114519,0.0,0.0,0.0,0.0,0.0,0.00856580321114519,1.1253225977617543e-5,1090.951590885581,1091.8124556104679,-1.1723955140041653e-13,-1.603162047558726e-13
2010-01-18T00:00:00.0,0.0,0.0,0.0,0.0,0.0,0.0,0.0,0.0,0.0,0.0,0.2650878629905854,0.0,0.0,0.0018338883966824674,0.0,5.3419251536474555,1.673449682845084,0.26692175138726787,0.008480684016591489,0.0,0.0,0.0,0.0,0.0,0.008480684016591489,1.1253225977617236e-5,1090.6711717242138,1091.5234818991155,-6.716849298982197e-14,-1.4244161405940758e-13
2010-01-19T00:00:00.0,0.0,0.0,0.0,0.0,0.0,0.0,0.0,0.0,0.0,0.0,0.25302172862978545,0.0,0.0,0.0018048070509137457,0.0,5.3676507627709835,1.6851476664815865,0.2548265356806992,0.008396411772174968,0.0,0.0,0.0,0.0,0.0,0.008396411772174968,1.1253225977617236e-5,1090.4042387196002,1091.2480794637113,2.7461366514103247e-13,3.4372504842394846e-13
2010-01-20T00:00:00.0,0.0,0.0,0.0,0.0,0.0,0.0,0.0,0.0,0.0,0.0,0.24213211861066236,0.0,0.0,0.0017794215372147779,0.0,5.394198882638937,1.6972289781060437,0.24391154014787714,0.00831297805060072,0.0,0.0,0.0,0.0,0.0,0.00831297805060072,1.1253225977617236e-5,1090.149400930694,1090.9848565162588,-3.336775300510908e-13,-3.6942671144402084e-13
2010-01-21T00:00:00.0,0.0,0.0,0.0,0.0,0.0,0.0,0.0,0.0,0.0,0.0,0.2322495048137524,0.0,0.0,0.0017572651162042392,0.0,5.421554022447339,1.709687557381724,0.23400676992995664,0.008230374508427065,0.0,0.0,0.0,0.0,0.0,0.008230374508427065,1.1253225977617236e-5,1089.90547813732,1090.7326319980602,8.554268404736831e-14,6.755707104844078e-14
2010-01-22T00:00:00.0,0.0,0.0,0.0,0.0,0.0,0.0,0.0,0.0,0.0,0.0,0.22323558681129213,0.0,0.0,0.001737951367882671,0.0,5.4497002825548195,1.7225171446321084,0.22497353817917481,0.008148592885230944,0.0,0.0,0.0,0.0,0.0,0.008148592885230944,1.1253225977617236e-5,1089.671460114164,1090.4903948536216,1.3375411889171573e-13,2.2074009287109675e-13
2010-01-23T00:00:00.0,0.0,0.0,0.0,0.0,0.0,0.0,0.0,0.0,0.0,0.0,0.2149763957661356,0.0,0.0,0.0017211569283844957,0.0,5.478621373285204,1.735711289698842,0.21669755269452007,0.008067625002781888,0.0,0.0,0.0,0.0,0.0,0.008067625002781888,1.1253225977617236e-5,1089.4464753227587,1090.2572727225572,2.4591439995447217e-14,1.3822276656583199e-14
2010-01-24T00:00:00.0,0.0,0.0,0.0,0.0,0.0,0.0,0.0,0.0,0.0,0.0,0.20737715337385396,0.0,0.0,0.0017066085669731033,0.0,5.508300633586121,1.7492633600559906,0.20908376194082706,0.007987462764224174,0.0,0.0,0.0,0.0,0.0,0.007987462764224174,1.1253225977617236e-5,1089.2297665168385,1090.0325075448602,-2.6345592374354965e-13,-2.931821452278882e-13
2010-01-25T00:00:00.0,0.0,0.0,0.0,0.0,0.0,0.0,0.0,0.0,0.0,0.0,0.20035838506085457,0.0,0.0,0.001694073368120388,0.0,5.538721049602303,1.763166548426837,0.20205245842897496,0.007908098153267155,0.0,0.0,0.0,0.0,0.0,0.007908098153267155,1.1253225977617236e-5,1089.0206715016716,1089.8154363201552,9.020562075079397e-14,-2.7977620220553945e-14
2010-01-26T00:00:00.0,0.0,0.0,0.0,0.0,0.0,0.0,0.0,0.0,0.0,0.0,0.19385294375363296,0.0,0.0,0.0016833511725871842,0.0,5.569865273194781,1.7774138800689352,0.19553629492622016,0.007829523233383592,0.0,0.0,0.0,0.0,0.0,0.007829523233383592,1.1253225977617236e-5,1088.8186077900168,1089.605475763573,-1.7935652962819404e-13,3.6637359812630166e-15
2010-01-27T00:00:00.0,0.0,0.0,0.0,0.0,0.0,0.0,0.0,0.0,0.0,0.0,0.1878037042017498,0.0,0.0,0.0016742686870913222,0.0,5.601715640419446,1.7919982198403568,0.18947797288884113,0.007751730147016009,0.0,0.0,0.0,0.0,0.0,0.007751730147016009,1.1253225977617236e-5,1088.6230602418646,1089.4021099454135,6.483702463810914e-14,-1.4910295220715852e-13
2010-01-28T00:00:00.0,0.0,0.0,0.0,0.0,0.0,0.0,0.0,0.0,0.0,0.0,0.1821617575902591,0.0,0.0,0.0016666748435236526,0.0,5.634254189967599,1.806912279125005,0.18382843243378275,0.007674711114790951,0.0,0.0,0.0,0.0,0.0,0.007674711114790951,1.1253225977617236e-5,1088.4335710157497,1089.2048802423776,-1.7180701306074297e-14,1.6042722705833512e-14
2010-01-29T00:00:00.0,0.0,0.0,0.0,0.0,0.0,0.0,0.0,0.0,0.0,0.0,0.17688498395223345,0.0,0.0,0.0016604371057597188,0.0,5.6674626815635065,1.822148622670827,0.17854542105799318,0.0075984584347410095,0.0,0.0,0.0,0.0,0.0,0.0075984584347410095,1.1253225977617236e-5,1088.2497313300898,1089.0133770988289,1.4435674877688598e-13,1.6983636719203332e-13
2010-01-30T00:00:00.0,0.0,0.0,0.0,0.0,0.0,0.0,0.0,0.0,0.0,0.0,0.17193691301884817,0.0,0.0,0.0016554385033718756,0.0,5.701322614309643,1.8376996753782024,0.17359235152222005,0.007522964481534637,0.0,0.0,0.0,0.0,0.0,0.007522964481534637,1.1253225977617236e-5,1088.0711746558059,1088.827233219336,1.1129985821867194e-14,1.4027667916138853e-13
2010-01-31T00:00:00.0,0.0,0.0,0.0,0.0,0.0,0.0,0.0,0.0,0.0,0.0,0.16728580758022324,0.0,0.0,0.0016515752289031121,0.0,5.735815244967132,1.8535577290641145,0.16893738280912635,0.007448221705713602,0.0,0.0,0.0,0.0,0.0,0.007448221705713602,1.1253225977617236e-5,1087.8975710510576,1088.6461179033322,2.5340840537069198e-14,4.2799097599299785e-14
2010-02-01T00:00:00.0,0.0,0.0,0.0,0.0,0.0,0.0,0.0,0.0,0.0,0.0,0.16290392011824859,0.0,0.0,0.0016487546763228045,0.0,5.770921606157078,1.8697149492192326,0.1645526747945714,0.007374222632938036,0.0,0.0,0.0,0.0,0.0,0.007374222632938036,1.1253225977617236e-5,1087.7286224150225,1088.4697322988175,7.16093850883226e-15,-1.0499934255392418e-13
2010-02-02T00:00:00.0,0.0,0.0,0.0,0.0,0.0,0.0,0.0,0.0,0.0,0.0,0.15876688555823754,0.0,0.0,0.001646893828018185,0.0,5.8066225244674685,1.8861633817690469,0.16041377938625573,0.007300959863238992,0.0,0.0,0.0,0.0,0.0,0.007300959863238992,1.1253225977617236e-5,1087.564058487002,1088.29780540139,-7.85205234166142e-14,1.5543122344752192e-15
2010-02-03T00:00:00.0,0.0,0.0,0.0,0.0,0.0,0.0,0.0,0.0,0.0,0.0,0.15485322186803874,0.0,0.0,0.001645917919442429,0.0,5.842898638449521,1.9028949598455664,0.15649913978748117,0.0072284260702786445,0.0,0.0,0.0,0.0,0.0,0.0072284260702786445,1.1253225977617543e-5,1087.4036334543898,1088.1300906621404,4.9404924595819466e-15,9.686695889854491e-15
2010-02-04T00:00:00.0,0.0,0.0,0.0,0.0,0.0,0.0,0.0,0.0,0.0,0.0,0.15114391671678068,0.0,0.0,0.0016457593266689563,0.0,5.879730416487505,1.9199015105728892,0.15278967604344965,0.007156614000616858,0.0,0.0,0.0,0.0,0.0,0.007156614000616858,1.1253225977617543e-5,1087.2471230613764,1087.9663630962827,-8.146261443187086e-14,-6.161737786669619e-14
2010-02-05T00:00:00.0,0.0,0.0,0.0,0.0,0.0,0.0,0.0,0.0,0.0,0.0,0.14762208334899365,0.0,0.0,0.0016463566342274508,0.0,5.917098174525544,1.9371747618672233,0.14926843998322112,0.007085516472987024,0.0,0.0,0.0,0.0,0.0,0.007085516472987024,1.1253225977617543e-5,1087.094322132107,1087.8064168062388,3.327893516313907e-14,-7.618905506490137e-14
2010-02-06T00:00:00.0,0.0,0.0,0.0,0.0,0.0,0.0,0.0,0.0,0.0,0.0,0.14427267247913034,0.0,0.0,0.0016476538497294333,0.0,5.954982093635656,1.954706349250168,0.14592032632885976,0.007015126377577132,0.0,0.0,0.0,0.0,0.0,0.007015126377577132,1.1253225977617543e-5,1086.9450424388979,1087.6500628497827,-8.912315330178444e-14,-1.2118084313783584e-13
2010-02-07T00:00:00.0,0.0,0.0,0.0,0.0,0.0,0.0,0.0,0.0,0.0,0.0,0.141082229814662,0.0,0.0,0.001649599738768283,0.0,5.993362237411088,1.972487822672434,0.14273182955343028,0.006945436675318978,0.0,0.0,0.0,0.0,0.0,0.006945436675318978,1.1253225977617543e-5,1086.7991108593428,1087.497127397076,2.16382467499443e-13,3.0569990983053685e-13
2010-02-08T00:00:00.0,0.0,0.0,0.0,0.0,0.0,0.0,0.0,0.0,0.0,0.0,0.13803869098269927,0.0,0.0,0.0016521472589844494,0.0,6.032218569169805,1.9905106533441073,0.1396908382416837,0.006876440397184261,0.0,0.0,0.0,0.0,0.0,0.006876440397184261,1.1253225977617543e-5,1086.6563677765635,1087.3474501308472,-4.64628335805628e-14,1.4738210651898953e-14
2010-02-09T00:00:00.0,0.0,0.0,0.0,0.0,0.0,0.0,0.0,0.0,0.0,0.0,0.13513120728378214,0.0,0.0,0.0016552530763121187,0.0,6.07153096895316,2.0087662405666284,0.13678646036009426,0.006808130643487674,0.0,0.0,0.0,0.0,0.0,0.006808130643487674,1.1253225977617543e-5,1086.5166656850959,1087.2008828522085,-6.361577931102147e-14,-1.5487611193520934e-13
2010-02-10T00:00:00.0,0.0,0.0,0.0,0.0,0.0,0.0,0.0,0.0,0.0,0.0,0.1323499969689222,0.0,0.0,0.001658877149729683,0.0,6.111279250305416,2.0272459185609413,0.13400887411865187,0.006740500583196922,0.0,0.0,0.0,0.0,0.0,0.006740500583196922,1.1253225977617543e-5,1086.3798679715096,1087.0572882612048,1.7560952692008414e-13,6.608602554081244e-14
2010-02-11T00:00:00.0,0.0,0.0,0.0,0.0,0.0,0.0,0.0,0.0,0.0,0.0,0.12970031914853763,0.0,0.0,0.0016841547603563206,0.0,6.192516271178735,2.064717261607052,0.13138447390889396,0.006673543453249617,0.0,0.0,0.0,0.0,0.0,0.006673543453249617,1.1253225977617543e-5,1086.245847844165,1086.9165388865028,5.42343947529389e-14,1.0558220964185239e-13
2010-02-12T00:00:00.0,0.0,0.0,0.0,0.0,0.0,0.0,0.0,0.0,0.0,0.0,0.12712334026626818,0.0,0.0,0.0016555990862400986,0.0,6.168679867132935,2.054173364821207,0.12877893935250828,0.0066072525578769695,0.0,0.0,0.0,0.0,0.0,0.0066072525578769695,1.1253225977617543e-5,1086.1144521170304,1086.778480869141,-3.3995029014022293e-13,-3.435585149702547e-13
2010-02-13T00:00:00.0,0.0,0.0,0.0,0.0,0.0,0.0,0.0,0.0,0.0,0.0,0.12465143959379907,0.0,0.0,0.0016280858493092013,0.0,6.145033611398912,2.043701250201711,0.12627952544310828,0.006541621267934195,0.0,0.0,0.0,0.0,0.0,0.006541621267934195,1.1253225977617543e-5,1085.9856619244517,1086.6430946772305,1.7685852782278744e-13,1.986188991054405e-13
2010-02-14T00:00:00.0,0.0,0.0,0.0,0.0,0.0,0.0,0.0,0.0,0.0,0.0,0.12227768817841657,0.0,0.0,0.0016015601073508402,0.0,6.121586371053069,2.033304950057628,0.12387924828576741,0.006476643020237608,0.0,0.0,0.0,0.0,0.0,0.006476643020237608,1.1253225977617543e-5,1085.8593711457827,1086.5102735305195,-4.107825191113079e-14,-7.568945470382005e-14
2010-02-15T00:00:00.0,0.0,0.0,0.0,0.0,0.0,0.0,0.0,0.0,0.0,0.0,0.11999577542277046,0.0,0.0,0.001575971097863765,0.0,6.098346131069611,2.022988126491459,0.12157174652063422,0.006412311316908287,0.0,0.0,0.0,0.0,0.0,0.006412311316908287,1.1253225977617543e-5,1085.7354806442709,1086.3799176392133,7.843725668976731e-14,1.7560952692008414e-13
2010-02-16T00:00:00.0,0.0,0.0,0.0,0.0,0.0,0.0,0.0,0.0,0.0,0.0,0.11779994176180071,0.0,0.0,0.0015512718092458477,0.0,6.075320039955545,2.012754089818003,0.11935121357104655,0.0063486197247222915,0.0,0.0,0.0,0.0,0.0,0.0063486197247222915,1.1253225977617543e-5,1085.6138976445243,1086.2519335813759,-3.290423489232808e-14,-7.649436639667329e-14
2010-02-17T00:00:00.0,0.0,0.0,0.0,0.0,0.0,0.0,0.0,0.0,0.0,0.0,0.11568491992865113,0.0,0.0,0.0015274186062595382,0.0,6.052514454846095,2.002605816808932,0.11721233853491067,0.006285561874467331,0.0,0.0,0.0,0.0,0.0,0.006285561874467331,1.1253225977617543e-5,1085.4945351777274,1086.1262337480803,-9.531264666406969e-14,-1.8429702208777599e-13
2010-02-18T00:00:00.0,0.0,0.0,0.0,0.0,0.0,0.0,0.0,0.0,0.0,0.0,0.11364588353331981,0.0,0.0,0.0015043709018260718,0.0,6.029934985855096,1.9925459686774847,0.11515025443514589,0.006223131460305825,0.0,0.0,0.0,0.0,0.0,0.006223131460305825,1.1253225977617543e-5,1085.3773115859663,1086.0027358476705,2.150224442942772e-13,4.2424397328488794e-13
2010-02-19T00:00:00.0,0.0,0.0,0.0,0.0,0.0,0.0,0.0,0.0,0.0,0.0,0.11167834667903731,0.0,0.0,0.001482063727734312,0.0,6.007586543803123,1.982576913168022,0.11316041040677162,0.006161322239144337,0.0,0.0,0.0,0.0,0.0,0.006161322239144337,1.1253225977617543e-5,1085.2621500783052,1085.8813624617753,-1.0931533456215448e-13,-3.116951141635127e-13
2010-02-20T00:00:00.0,0.0,0.0,0.0,0.0,0.0,0.0,0.0,0.0,0.0,0.0,0.10977821945260312,0.0,0.0,0.0014604520668062859,0.0,5.985473375464966,1.9727007345088998,0.1112386715194094,0.0061001280300092406,0.0,0.0,0.0,0.0,0.0,0.0061001280300092406,1.1253225977617543e-5,1085.1489784146725,1085.7620407291292,3.4514058278034554e-14,1.6940615576999107e-13
2010-02-21T00:00:00.0,0.0,0.0,0.0,0.0,0.0,0.0,0.0,0.0,0.0,0.0,0.10794175891834684,0.0,0.0,0.0014395056566015912,0.0,5.963599105574062,1.9629192510407794,0.10938126457494843,0.006039542713428621,0.0,0.0,0.0,0.0,0.0,0.006039542713428621,1.1253225977617543e-5,1085.0377284899273,1085.6447019295802,-2.34631758466719e-13,-3.302080830991372e-13
2010-02-22T00:00:00.0,0.0,0.0,0.0,0.0,0.0,0.0,0.0,0.0,0.0,0.0,0.10616551075280112,0.0,0.0,0.001419196084773647,0.0,5.9419667787296655,1.9532340336128966,0.10758470683757476,0.005979560230820344,0.0,0.0,0.0,0.0,0.0,0.005979560230820344,1.1253225977617543e-5,1084.9283359721264,1085.5292811222919,-5.570544026056723e-14,-1.0318135235110049e-13
2010-02-23T00:00:00.0,0.0,0.0,0.0,0.0,0.0,0.0,0.0,0.0,0.0,0.0,0.1044462819020236,0.0,0.0,0.0013994966346237768,0.0,5.920578897905786,1.9436464213696736,0.10584577853664737,0.005920174583886151,0.0,0.0,0.0,0.0,0.0,0.005920174583886151,1.1253225977617543e-5,1084.8207400120627,1085.4157168552233,1.3827827771706325e-13,1.732641807805635e-13
2010-02-24T00:00:00.0,0.0,0.0,0.0,0.0,0.0,0.0,0.0,0.0,0.0,0.0,0.10278109235992151,0.0,0.0,0.0013803821496470052,0.0,5.8994374615343705,1.9341575369860853,0.10416147450956852,0.005861379834011872,0.0,0.0,0.0,0.0,0.0,0.005861379834011872,1.1253225977617543e-5,1084.7148829803,1085.3039509021025,1.277589145587399e-13,2.3291091277855003e-13
2010-02-25T00:00:00.0,0.0,0.0,0.0,0.0,0.0,0.0,0.0,0.0,0.0,0.0,0.10116707446930169,0.0,0.0,0.001361828918099645,0.0,5.878543999120929,1.924768301332203,0.10252890338740134,0.005803170101673515,0.0,0.0,0.0,0.0,0.0,0.005803170101673515,1.1253225977617543e-5,1084.6107102525646,1085.193928047759,-1.1494971641212715e-13,-1.1080025785759062e-13
2010-02-26T00:00:00.0,0.0,0.0,0.0,0.0,0.0,0.0,0.0,0.0,0.0,0.0,0.09960169881233484,0.0,0.0,0.0013438145353238196,0.0,5.8578996053660095,1.915479447553631,0.10094551334765867,0.00574553956584934,0.0,0.0,0.0,0.0,0.0,0.00574553956584934,1.1253225977617543e-5,1084.5081700959513,1085.08559597427,-1.202926647181357e-13,-6.543376951384516e-14
2010-02-27T00:00:00.0,0.0,0.0,0.0,0.0,0.0,0.0,0.0,0.0,0.0,0.0,0.09808256259363166,0.0,0.0,0.0013263178253286388,0.0,5.83750497277928,1.9062915345599638,0.09940888041896029,0.00568848246343774,0.0,0.0,0.0,0.0,0.0,0.00568848246343774,1.1253225977617543e-5,1084.4072133293776,1084.9789049213566,1.0869083411080283e-13,-6.050715484207103e-14
2010-02-28T00:00:00.0,0.0,0.0,0.0,0.0,0.0,0.0,0.0,0.0,0.0,0.0,0.09660735021836804,0.0,0.0,0.001309318752776931,0.0,5.817360422784828,1.8972049599185117,0.09791666897114497,0.005631993088680926,0.0,0.0,0.0,0.0,0.0,0.005631993088680926,1.1253225977617543e-5,1084.3077931957325,1084.873807558474,8.809619700400617e-14,1.9061141554033156e-13
2010-03-01T00:00:00.0,0.0,0.0,0.0,0.0,0.0,0.0,0.0,0.0,0.0,0.0,0.09480967424886524,0.0,0.0,0.0012929162485174686,0.0,5.797465935326362,1.8878557181062174,0.0961025904973827,0.005576065792594349,0.0,0.0,0.0,0.0,0.0,0.005576065792594349,1.1253225977617543e-5,1084.2098652735356,1084.7702588964144,-1.6346646258824649e-13,-1.6016354908998665e-13
2010-03-02T00:00:00.0,0.0,0.0,0.0,0.0,0.0,0.0,0.0,0.0,0.0,0.0,0.0937447516263361,0.0,0.0,0.001276750711027653,0.0,5.777821177012219,1.8792970981236286,0.09502150233736374,0.005520694982401795,0.0,0.0,0.0,0.0,0.0,0.005520694982401795,1.1253225977617543e-5,1084.113751429812,1084.6685802401244,1.5462631175466868e-13,2.811639809863209e-14
2010-03-03T00:00:00.0,0.0,0.0,0.0,0.0,0.0,0.0,0.0,0.0,0.0,0.0,0.09271070767481973,0.0,0.0,0.0012610314730652763,0.0,5.758425527689936,1.870837614428263,0.09397173914788501,0.005465875120976099,0.0,0.0,0.0,0.0,0.0,0.005465875120976099,1.1253225977617543e-5,1084.0187186742487,1084.5680380428046,1.0755285551056204e-14,1.7111312367035225e-14
2010-03-04T00:00:00.0,0.0,0.0,0.0,0.0,0.0,0.0,0.0,0.0,0.0,0.0,0.09253881284483861,0.0,0.0,0.0012652495507342904,0.0,5.7610693397260775,1.866629529461486,0.0938040623955729,0.005411600726285434,0.0,0.0,0.0,0.0,0.0,0.005411600726285434,1.1253225977617543e-5,1083.924735681875,1084.4686004285359,-2.229050277691158e-13,-1.5232259897857148e-13
2010-03-05T00:00:00.0,0.0,0.0,0.0,0.0,0.0,0.0,0.0,0.0,0.0,0.0,0.09298756787278142,0.0,0.0,0.0012738045856627044,0.0,5.768921992698843,1.863903949181165,0.09426137245844413,0.0053578663708451066,0.0,0.0,0.0,0.0,0.0,0.0053578663708451066,1.1253225977617543e-5,1083.8309203662534,1084.3693847654138,1.1804446309326977e-13,2.36727304425699e-13
2010-03-06T00:00:00.0,0.0,0.0,0.0,0.0,0.0,0.0,0.0,0.0,0.0,0.0,0.09339759818194279,0.0,0.0,0.0012818405197715893,0.0,5.776441681777211,1.8611702913184553,0.09467943870171439,0.0053046666811747915,0.0,0.0,0.0,0.0,0.0,0.0053046666811747915,1.1253225977617543e-5,1083.736647740569,1084.2697655265845,3.552713678800501e-15,1.9012569296705806e-15
2010-03-07T00:00:00.0,0.0,0.0,0.0,0.0,0.0,0.0,0.0,0.0,0.0,0.0,0.09376949107751206,0.0,0.0,0.001289375912532131,0.0,5.783635894237668,1.8584294025584005,0.09505886699004419,0.005251996337260618,0.0,0.0,0.0,0.0,0.0,0.005251996337260618,1.1253225977616316e-5,1083.6419570486414,1084.1697814212018,-1.3858358904883517e-13,-2.4338864257344994e-13
2010-03-08T00:00:00.0,0.0,0.0,0.0,0.0,0.0,0.0,0.0,0.0,0.0,0.0,0.09410447052478144,0.0,0.0,0.001296282942562321,0.0,5.790512159588277,1.855682129463168,0.09540075346734375,0.005199850072025455,0.0,0.0,0.0,0.0,0.0,0.005199850072025455,1.1253225977616316e-5,1083.5468869284252,1084.0694705578744,1.5630552407941423e-13,1.1753098494438063e-13
2010-03-09T00:00:00.0,0.0,0.0,0.0,0.0,0.0,0.0,0.0,0.0,0.0,0.0,0.09440395911783334,0.0,0.0,0.00130258554050346,0.0,5.797077981311542,1.8529292722830508,0.09570654465833679,0.005148222670798743,0.0,0.0,0.0,0.0,0.0,0.005148222670798743,1.1253225977616316e-5,1083.451474921732,1083.968869954335,1.4710455076283324e-15,-6.35463903719824e-14
2010-03-10T00:00:00.0,0.0,0.0,0.0,0.0,0.0,0.0,0.0,0.0,0.0,0.0,0.09466933732324123,0.0,0.0,0.0013083072284223443,0.0,5.8033408449190045,1.8501716097351892,0.09597764455166358,0.0050971089707973335,0.0,0.0,0.0,0.0,0.0,0.0050971089707973335,1.1253225977616316e-5,1083.3557571238475,1083.8680151870058,7.575884364285912e-14,2.0231039066231915e-13
2010-03-11T00:00:00.0,0.0,0.0,0.0,0.0,0.0,0.0,0.0,0.0,0.0,0.0,0.09490194352479008,0.0,0.0,0.0013134710793238629,0.0,5.809308203264114,1.8474098996283876,0.09621541460411394,0.00504650386060863,0.0,0.0,0.0,0.0,0.0,0.00504650386060863,1.1253225977616316e-5,1083.25976822607,1083.7669404334836,-1.5309975509580909e-13,-2.62831423292198e-13
2010-03-12T00:00:00.0,0.0,0.0,0.0,0.0,0.0,0.0,0.0,0.0,0.0,0.0,0.09510307423137146,0.0,0.0,0.0013180996828597328,0.0,5.814987463435924,1.8446448795256496,0.09642117391423119,0.004996402279679451,0.0,0.0,0.0,0.0,0.0,0.004996402279679451,1.1253225977616316e-5,1083.16354155824,1083.6656785150187,-6.76819711387111e-14,1.2032042029375134e-13
2010-03-13T00:00:00.0,0.0,0.0,0.0,0.0,0.0,0.0,0.0,0.0,0.0,0.0,0.0952739844284057,0.0,0.0,0.0013222151167153764,0.0,5.820385975122549,1.8418772674391322,0.09659619954512108,0.004946799217809947,0.0,0.0,0.0,0.0,0.0,0.004946799217809947,1.1253225977616316e-5,1083.0671091310996,1083.5642609388246,1.6234236177581352e-13,1.6989187834326458e-13
2010-03-14T00:00:00.0,0.0,0.0,0.0,0.0,0.0,0.0,0.0,0.0,0.0,0.0,0.09541588806019544,0.0,0.0,0.0013258389231744242,0.0,5.8255110203379505,1.8391077625526402,0.09674172698336986,0.004897689714652593,0.0,0.0,0.0,0.0,0.0,0.004897689714652593,1.1253225977616316e-5,1082.9705016783287,1083.462717940062,-1.307565167252278e-13,-3.0618563240381036e-13
2010-03-15T00:00:00.0,0.0,0.0,0.0,0.0,0.0,0.0,0.0,0.0,0.0,0.0,0.09552995862429224,0.0,0.0,0.0013289920903864323,0.0,5.83036980441101,1.8363370459671593,0.09685895071467868,0.004849068859216151,0.0,0.0,0.0,0.0,0.0,0.004849068859216151,1.1253225977616316e-5,1082.8737486981192,1083.3610785233639,8.298917109073045e-14,1.4022116801015727e-13
2010-03-16T00:00:00.0,0.0,0.0,0.0,0.0,0.0,0.0,0.0,0.0,0.0,0.0,0.09561732985153634,0.0,0.0,0.0013316950378919272,0.0,5.834969448140552,1.8335657814652513,0.09694902488942828,0.004800931789374558,0.0,0.0,0.0,0.0,0.0,0.004800931789374558,1.1253225977616316e-5,1082.7768784941786,1083.25937050379,-3.1002977962657496e-14,-6.036837696399289e-14
2010-03-17T00:00:00.0,0.0,0.0,0.0,0.0,0.0,0.0,0.0,0.0,0.0,0.0,0.0956790964738752,0.0,0.0,0.0013339676059862969,0.0,5.8393169810253065,1.830794616290525,0.09701306407986149,0.004753273691380715,0.0,0.0,0.0,0.0,0.0,0.004753273691380715,1.1253225977616316e-5,1082.6799182160635,1083.1576205471115,-2.579325641960395e-13,-2.7101931809880853e-13
2010-03-18T00:00:00.0,0.0,0.0,0.0,0.0,0.0,0.0,0.0,0.0,0.0,0.0,0.09571631504978886,0.0,0.0,0.0013358290485298847,0.0,5.843419335482783,1.828024181938688,0.09705214409831875,0.004706089799385114,0.0,0.0,0.0,0.0,0.0,0.004706089799385114,1.1253225977616316e-5,1082.5828938987574,1083.05585420934,1.8346435481930712e-13,3.085448563311388e-13
2010-03-19T00:00:00.0,0.0,0.0,0.0,0.0,0.0,0.0,0.0,0.0,0.0,0.0,0.09573000485174854,0.0,0.0,0.0013372980288410804,0.0,5.847283341975974,1.8252550949569957,0.09706730288058962,0.00465937539495923,0.0,0.0,0.0,0.0,0.0,0.00465937539495923,1.1253225977616316e-5,1082.4858305014332,1082.9540959754422,-5.218048215738236e-15,2.245426067304379e-14
2010-03-20T00:00:00.0,0.0,0.0,0.0,0.0,0.0,0.0,0.0,0.0,0.0,0.0,0.09572114878801799,0.0,0.0,0.0013383926183294906,0.0,5.850915724971671,1.8224879577492197,0.09705954140634748,0.004613125806623691,0.0,0.0,0.0,0.0,0.0,0.004613125806623691,1.1253225977616316e-5,1082.3887519453265,1082.8523692971667,1.1324274851176597e-13,5.3013149425851225e-15
2010-03-21T00:00:00.0,0.0,0.0,0.0,0.0,0.0,0.0,0.0,0.0,0.0,0.0,0.09569069436673797,0.0,0.0,0.0013391302975585629,0.0,5.854323099658957,1.8197233593834934,0.09702982466429654,0.004567336409381122,0.0,0.0,0.0,0.0,0.0,0.004567336409381122,1.1253225977616316e-5,1082.2916811506943,1082.7506966299538,-1.7968959653558159e-13,-1.468686283701004e-13
2010-03-22T00:00:00.0,0.0,0.0,0.0,0.0,0.0,0.0,0.0,0.0,0.0,0.0,0.09563955468266877,0.0,0.0,0.001339527959451678,0.0,5.857511969360903,1.8169618764006747,0.09697908264212045,0.004522002624253643,0.0,0.0,0.0,0.0,0.0,0.004522002624253643,1.1253225977616316e-5,1082.194640072804,1082.6490994688802,-2.085831507514513e-14,-3.617939281497229e-14
2010-03-23T00:00:00.0,0.0,0.0,0.0,0.0,0.0,0.0,0.0,0.0,0.0,0.0,0.09556860941980388,0.0,0.0,0.0013396019143651914,0.0,5.860488723576997,1.8142040736210756,0.09690821133416908,0.004477119917824962,0.0,0.0,0.0,0.0,0.0,0.004477119917824962,1.1253225977616316e-5,1082.097649736936,1082.5475983836138,-1.1228518115302677e-13,-1.0505485370515544e-14
2010-03-24T00:00:00.0,0.0,0.0,0.0,0.0,0.0,0.0,0.0,0.0,0.0,0.0,0.09547870587175603,0.0,0.0,0.001339367896797543,0.0,5.863259636597955,1.8114505049476297,0.09681807376855357,0.004432683801787033,0.0,0.0,0.0,0.0,0.0,0.004432683801787033,1.1253225977616316e-5,1082.0007302723757,1082.4462130523616,2.680911048713597e-13,2.3744894939170536e-13
2010-03-25T00:00:00.0,0.0,0.0,0.0,0.0,0.0,0.0,0.0,0.0,0.0,0.0,0.09537065996126987,0.0,0.0,0.0013388410735036375,0.0,5.865830866638689,1.8087017141637587,0.0967095010347735,0.0043886898324912195,0.0,0.0,0.0,0.0,0.0,0.0043886898324912195,1.1253225977616316e-5,1081.9039009453813,1082.3449622947915,-1.9241552795534744e-13,-1.9859114352982488e-13
2010-03-26T00:00:00.0,0.0,0.0,0.0,0.0,0.0,0.0,0.0,0.0,0.0,0.0,0.0952452572679946,0.0,0.0,0.0013380360528119364,0.0,5.868208455438882,1.8059582357243928,0.09658329332080653,0.0043451336105039375,0.0,0.0,0.0,0.0,0.0,0.0043451336105039375,1.1253225977616316e-5,1081.8071801911206,1082.2438641039241,3.5513259000197195e-14,6.823708265102368e-14
2010-03-27T00:00:00.0,0.0,0.0,0.0,0.0,0.0,0.0,0.0,0.0,0.0,0.0,0.09510325404822707,0.0,0.0,0.0013369668949664586,0.0,5.870398328284463,1.8032205955387313,0.09644022094319353,0.004302010780166687,0.0,0.0,0.0,0.0,0.0,0.004302010780166687,1.1253225977616316e-5,1081.7105856445737,1082.142935676993,5.5261351050717167e-14,-1.0573486530773835e-13
2010-03-28T00:00:00.0,0.0,0.0,0.0,0.0,0.0,0.0,0.0,0.0,0.0,0.0,0.09494537824739428,0.0,0.0,0.0013356471233187356,0.0,5.872406294406429,1.8004893117435237,0.09628102537071302,0.004259317029160498,0.0,0.0,0.0,0.0,0.0,0.004259317029160498,1.1253225977616316e-5,1081.6141341704047,1082.0421934452697,-1.2749523659039141e-13,-1.7169599075828046e-13
2010-03-29T00:00:00.0,0.0,0.0,0.0,0.0,0.0,0.0,0.0,0.0,0.0,0.0,0.09477233050761405,0.0,0.0,0.0013340897362247547,0.0,5.87423804771697,1.7977648954657122,0.09610642024383881,0.004217048088074691,0.0,0.0,0.0,0.0,0.0,0.004217048088074691,1.1253225977616316e-5,1081.517841891808,1081.9416531028699,-9.768574837920596e-14,7.896461262646426e-15
2010-03-30T00:00:00.0,0.0,0.0,0.0,0.0,0.0,0.0,0.0,0.0,0.0,0.0,0.09458478515678664,0.0,0.0,0.001332307219508766,0.0,5.875899167845752,1.79504785157348,0.09591709237629541,0.004175199729979936,0.0,0.0,0.0,0.0,0.0,0.004175199729979936,1.1253225977616316e-5,1081.421724218338,1081.8413296345377,1.4560574967958928e-13,2.217392935932594e-13
2010-03-31T00:00:00.0,0.0,0.0,0.0,0.0,0.0,0.0,0.0,0.0,0.0,0.0,0.09438339118378869,0.0,0.0,0.0013303115593760796,0.0,5.877395121441996,1.792338679414772,0.09571370274316476,0.004133767770005549,0.0,0.0,0.0,0.0,0.0,0.004133767770005549,1.1253225977616316e-5,1081.3257958727359,1081.7412373424315,-1.264266469291897e-14,-9.248157795127554e-14
2010-04-01T00:00:00.0,0.0,0.0,0.0,0.0,0.0,0.0,0.0,0.0,0.0,0.0,0.09416877319767059,0.0,0.0,0.0013281142556571003,0.0,5.878731263710903,1.7896378735425071,0.09549688745332768,0.004092748064921002,0.0,0.0,0.0,0.0,0.0,0.004092748064921002,1.1253225977616316e-5,1081.2300709167669,1081.6413898719186,-1.5248913243226525e-13,-2.292332990094792e-13
2010-04-02T00:00:00.0,10.0,10.0,0.0,1.5694854583591964,0.0,8.430514541640804,0.0,0.0,8.430514541640804,0.0,0.06886635302529631,1.5694854583591964,0.0,0.0011839456365760333,0.0,5.879912840155178,1.30996850664713,1.639535757021069,0.004052136512721607,0.0,0.0,8.430514541639887,0.0,0.0,0.004052136512721607,1.1253225977616316e-5,1081.1345627760875,1081.5418002364001,7.988054662178001e-14,1.926653281358881e-13
2010-04-03T00:00:00.0,0.0,0.0,0.0,0.0,0.0,0.0,0.0,0.0,0.0,0.0,0.4327298822579516,0.0,0.0,0.003599744666316229,0.0,5.880386495762823,1.7839439855808776,0.43632962692426785,0.004011929052218301,0.0,0.0,0.0,0.0,0.0,0.004011929052218301,1.1253225977616316e-5,1089.4950157658398,1089.8982123428657,-2.3803181647963356e-13,6.679101716144942e-13
2010-04-04T00:00:00.0,0.0,0.0,0.0,0.0,0.0,0.0,0.0,0.0,0.0,0.0,0.3989495719505788,0.0,0.0,0.0034380895365823134,0.0,5.881311649488148,1.7812952099161687,0.4023876614871611,0.003972121662631526,0.0,0.0,0.0,0.0,0.0,0.003972121662631526,1.1253225977616316e-5,1089.0586748856895,1089.457870786889,3.735900477863652e-14,1.155742168634788e-13
2010-04-05T00:00:00.0,0.0,0.0,0.0,0.0,0.0,0.0,0.0,0.0,0.0,0.0,0.3705497569401237,0.0,0.0,0.00329921696666287,0.0,5.882091794433106,1.778653160757804,0.37384897390678656,0.003932710363189151,0.0,0.0,0.0,0.0,0.0,0.003932710363189151,1.1253225977616316e-5,1088.6562759709764,1089.0515110037395,-3.5416114485542494e-14,-2.099431739566171e-13
2010-04-06T00:00:00.0,0.0,0.0,0.0,0.0,0.0,0.0,0.0,0.0,0.0,0.0,0.3463282520391515,0.0,0.0,0.0031780850658395757,0.0,5.882733016476738,1.7760191223320152,0.34950633710499107,0.0038936912127283886,0.0,0.0,0.0,0.0,0.0,0.0038936912127283886,1.1253225977616316e-5,1088.2824157438436,1088.6737293194694,4.490852134608758e-14,1.0014211682118912e-13
2010-04-07T00:00:00.0,0.0,0.0,0.0,0.0,0.0,0.0,0.0,0.0,0.0,0.0,0.32542079128884593,0.0,0.0,0.0030710921969597767,0.0,5.883240935405469,1.7733941460044698,0.3284918834858057,0.0038550603093016776,0.0,0.0,0.0,0.0,0.0,0.0038550603093016776,1.1253225977616316e-5,1087.9328981535127,1088.320329291152,-1.350586309456503e-13,-1.8207657603852567e-13
2010-04-08T00:00:00.0,0.0,0.0,0.0,0.0,0.0,0.0,0.0,0.0,0.0,0.0,0.30718853036833116,0.0,0.0,0.002975586453427639,0.0,5.883620834589886,1.7707791307550833,0.3101641168217588,0.0038168137897864815,0.0,0.0,0.0,0.0,0.0,0.0038168137897864815,1.1253225977616316e-5,1087.604395016801,1087.9879823473568,4.773959005888173e-15,-3.391731340229853e-14
2010-04-09T00:00:00.0,0.0,0.0,0.0,0.0,0.0,0.0,0.0,0.0,0.0,0.0,0.2911481644312012,0.0,0.0,0.0028895655021459036,0.0,5.883877740711554,1.7681748723746225,0.2940377299333471,0.0037789478294989773,0.0,0.0,0.0,0.0,0.0,0.0037789478294989773,1.1253225977616316e-5,1087.2942196467534,1087.6740014167453,-1.908473379330644e-13,-6.683542608243442e-14
2010-04-10T00:00:00.0,0.0,0.0,0.0,0.0,0.0,0.0,0.0,0.0,0.0,0.0,0.2769267926868904,0.0,0.0,0.0028114850436464387,0.0,5.884016475224901,1.7655820949034788,0.27973827773053683,0.003741458641811582,0.0,0.0,0.0,0.0,0.0,0.003741458641811582,1.1253225977616316e-5,1087.000170663594,1087.3761847389824,1.0302869668521453e-13,1.2062573162552326e-13
2010-04-11T00:00:00.0,0.0,0.0,0.0,0.0,0.0,0.0,0.0,0.0,0.0,0.0,0.2642317930550947,0.0,0.0,0.0027401322073345854,0.0,5.884041689048751,1.7630014714987257,0.2669719252624293,0.003704342477774288,0.0,0.0,0.0,0.0,0.0,0.003704342477774288,1.1253225977616316e-5,1086.7204211326375,1087.09270500261,-6.339373470609644e-14,-2.015054789694659e-14
2010-04-12T00:00:00.0,0.0,0.0,0.0,0.0,0.0,0.0,0.0,0.0,0.0,0.0,0.25283014265165416,0.0,0.0,0.0026745393234309644,0.0,5.883957886899973,1.7604336387496544,0.25550468197508514,0.0036675956257397535,0.0,0.0,0.0,0.0,0.0,0.0036675956257397535,1.1253225977616316e-5,1086.4534379541492,1086.82202873487,-8.970602038971265e-14,-1.0336176359260207e-13
2010-04-13T00:00:00.0,0.0,0.0,0.0,0.0,0.0,0.0,0.0,0.0,0.0,0.0,0.24253387345537686,0.0,0.0,0.002613923658759675,0.0,5.883769445003877,1.7578792067903886,0.24514779711413653,0.0036312144109921585,0.0,0.0,0.0,0.0,0.0,0.0036312144109921585,1.1253225977616316e-5,1086.1979220189482,1086.5628564572694,-1.1590728377086634e-13,-2.6950663922775675e-13
2010-04-14T00:00:00.0,0.0,0.0,0.0,0.0,0.0,0.0,0.0,0.0,0.0,0.0,0.23318962353490386,0.0,0.0,0.0025576443403491,0.0,5.883480624438062,1.755338766633519,0.23574726787525296,0.003595195195379708,0.0,0.0,0.0,0.0,0.0,0.003595195195379708,1.1253225977616316e-5,1085.952762968608,1086.3140774457443,2.070565940925917e-14,1.3600232051658168e-15
2010-04-15T00:00:00.0,0.0,0.0,0.0,0.0,0.0,0.0,0.0,0.0,0.0,0.0,0.22467098885401282,0.0,0.0,0.0025051709496464424,0.0,5.883095581517075,1.7528128956162534,0.22717615980365927,0.003559534376950826,0.0,0.0,0.0,0.0,0.0,0.003559534376950826,1.1253225977616316e-5,1085.717004447507,1086.0747349826736,-6.955547249276606e-14,3.774758283725532e-14
2010-04-16T00:00:00.0,0.0,0.0,0.0,0.0,0.0,0.0,0.0,0.0,0.0,0.0,0.2168728312382593,0.0,0.0,0.002456060220544208,0.0,5.882618376120395,1.7503021615331833,0.2193288914588035,0.0035242283895939534,0.0,0.0,0.0,0.0,0.0,0.0035242283895939534,1.1253225977616316e-5,1085.4898170344775,1085.8439992884933,-1.6778245459647678e-13,-2.709776847353851e-13
2010-04-17T00:00:00.0,0.0,0.0,0.0,0.0,0.0,0.0,0.0,0.0,0.0,0.0,0.20970697881055367,0.0,0.0,0.00240993847744448,0.0,5.882052978556192,1.7478071258346062,0.21211691728799814,0.0034892737026809314,0.0,0.0,0.0,0.0,0.0,0.0034892737026809314,1.1253225977616316e-5,1085.2704768897927,1085.6211461686448,1.1796119636642288e-14,2.5923707624997405e-14
2010-04-18T00:00:00.0,0.0,0.0,0.0,0.0,0.0,0.0,0.0,0.0,0.0,0.0,0.20309893454673494,0.0,0.0,0.0023664882120614573,0.0,5.8814032753584335,1.7453283461460747,0.2054654227587964,0.0034546668207139377,0.0,0.0,0.0,0.0,0.0,0.0034546668207139377,1.1253225977616316e-5,1085.058348719279,1085.4055399776541,-1.96787031114809e-13,4.829470157119431e-15
2010-04-19T00:00:00.0,0.0,0.0,0.0,0.0,0.0,0.0,0.0,0.0,0.0,0.0,0.19698532598561275,0.0,0.0,0.0023254376925556782,0.0,5.880673074288915,1.7428663782850793,0.1993107636781684,0.0034204042829759397,0.0,0.0,0.0,0.0,0.0,0.0034204042829759397,1.1253225977616316e-5,1084.8528720432942,1085.1966198880748,-1.8735013540549517e-14,-1.5928924845809433e-13
2010-04-20T00:00:00.0,0.0,0.0,0.0,0.0,0.0,0.0,0.0,0.0,0.0,0.0,0.19131190737112225,0.0,0.0,0.0022865528267679187,0.0,5.879866108732799,1.7404217778979982,0.19359846019789018,0.0033864826631846106,0.0,0.0,0.0,0.0,0.0,0.0033864826631846106,1.1253225977616316e-5,1084.65355002639,1084.9938887201135,1.1551870571224754e-13,1.023348072948238e-13
2010-04-21T00:00:00.0,0.0,0.0,0.0,0.0,0.0,0.0,0.0,0.0,0.0,0.0,0.18603197880417197,0.0,0.0,0.0022496307232808257,0.0,5.8789860416205455,1.73799510180485,0.1882816095274528,0.003352898569149703,0.0,0.0,0.0,0.0,0.0,0.003352898569149703,1.1253225977616316e-5,1084.4599403129664,1084.7969037772527,-3.835820550079916e-13,-2.662037257294969e-13
2010-04-22T00:00:00.0,0.0,0.0,0.0,0.0,0.0,0.0,0.0,0.0,0.0,0.0,0.1811051238306228,0.0,0.0,0.0022144945468076838,0.0,5.878036468970872,1.7355869091148957,0.1833196183774305,0.003319648642433826,0.0,0.0,0.0,0.0,0.0,0.003319648642433826,1.1253225977616316e-5,1084.2716474502126,1084.6052692691558,3.390343561449072e-13,3.6520786395044524e-13
2010-04-23T00:00:00.0,0.0,0.0,0.0,0.0,0.0,0.0,0.0,0.0,0.0,0.0,0.1764961927563266,0.0,0.0,0.002180989371240164,0.0,5.8770209231230615,1.7331977621591237,0.17867718212756678,0.0032867295580166,0.0,0.0,0.0,0.0,0.0,0.0032867295580166,1.1253225977616316e-5,1084.0883165786095,1084.4186300021363,-2.3292479056635784e-13,-3.915756607852927e-13
2010-04-24T00:00:00.0,0.0,0.0,0.0,0.0,0.0,0.0,0.0,0.0,0.0,0.0,0.17217447744540965,0.0,0.0,0.002148978809528839,0.0,5.875942875708077,1.7308282272734885,0.17432345625493847,0.0032541380239621506,0.0,0.0,0.0,0.0,0.0,0.0032541380239621506,1.1253225977616316e-5,1083.909628143256,1084.2366660904506,-6.561418075534675e-14,8.723577415992168e-14
2010-04-25T00:00:00.0,0.0,0.0,0.0,0.0,0.0,0.0,0.0,0.0,0.0,0.0,0.1681130366897176,0.0,0.0,0.00211834225417069,0.0,5.874805740394773,1.7284788754580565,0.1702313789438883,0.0032218707810899127,0.0,0.0,0.0,0.0,0.0,0.0032218707810899127,1.1253225977616316e-5,1083.735293433775,1084.0590884961719,2.9004576518332215e-14,-1.2745360322696797e-13
2010-04-26T00:00:00.0,0.0,0.0,0.0,0.0,0.0,0.0,0.0,0.0,0.0,0.0,0.16428814094080832,0.0,0.0,0.002088972601808793,0.0,5.873612875437736,1.7261502829309545,0.1663771135426171,0.00318992460264871,0.0,0.0,0.0,0.0,0.0,0.00318992460264871,1.1253225977616316e-5,1083.5650508016051,1083.8856352464468,3.630429290524262e-14,9.295342273674123e-14
2010-04-27T00:00:00.0,0.0,0.0,0.0,0.0,0.0,0.0,0.0,0.0,0.0,0.0,0.16067881243855683,0.0,0.0,0.002060774364789585,0.0,5.872367586046337,1.7238430315912034,0.1627395868033464,0.003158296293994074,0.0,0.0,0.0,0.0,0.0,0.003158296293994074,1.1253225977616316e-5,1083.3986624348368,1083.7160682083017,-2.0708434966820732e-13,-2.3311907959566724e-13
2010-04-28T00:00:00.0,0.0,0.0,0.0,0.0,0.0,0.0,0.0,0.0,0.0,0.0,0.1572664420906633,0.0,0.0,0.002033662094329778,0.0,5.871073126589318,1.7215577094011876,0.15930010418499307,0.003126982692268787,0.0,0.0,0.0,0.0,0.0,0.003126982692268787,1.1253225977616316e-5,1083.2359115948072,1083.5501703252041,1.7877366254026583e-13,2.733924198139448e-13
2010-04-29T00:00:00.0,0.0,0.0,0.0,0.0,0.0,0.0,0.0,0.0,0.0,0.0,0.15403446856731864,0.0,0.0,0.0020075590564068773,0.0,5.869732702645376,1.7192949106967428,0.15604202762372552,0.003095980666086576,0.0,0.0,0.0,0.0,0.0,0.003095980666086576,1.1253225977616316e-5,1083.0766002373964,1083.3877432383272,-1.2778667013435552e-13,-3.019251515468113e-13
2010-04-30T00:00:00.0,0.0,0.0,0.0,0.0,0.0,0.0,0.0,0.0,0.0,0.0,0.1509681080942333,0.0,0.0,0.0019823961139367624,0.0,5.8683494729073855,1.7170552364309584,0.15295050420817008,0.003065287115218991,0.0,0.0,0.0,0.0,0.0,0.003065287115218991,1.1253225977616316e-5,1082.9205469565466,1083.2286052300371,1.4335754805472334e-13,2.165767565287524e-13
2010-05-01T00:00:00.0,0.0,0.0,0.0,0.0,0.0,0.0,0.0,0.0,0.0,0.0,0.14805412585236438,0.0,0.0,0.0019581107784087067,0.0,5.866926550945513,1.714839294356185,0.1500122366307731,0.0030348989702853684,0.0,0.0,0.0,0.0,0.0,0.0030348989702853684,1.1253225977616316e-5,1082.7675851991125,1083.0725894387137,-1.3405943022348765e-13,8.854028621385623e-15
2010-05-02T00:00:00.0,0.0,0.0,0.0,0.0,0.0,0.0,0.0,0.0,0.0,0.0,0.14528064169034505,0.0,0.0,0.001934646401504352,0.0,5.865467006832982,1.712647699147591,0.1472152880918494,0.0030048131924458894,0.0,0.0,0.0,0.0,0.0,0.0030048131924458894,1.1253225977616316e-5,1082.6175617092556,1082.9195423031126,1.9809154316874356e-13,6.913913885853162e-14
2010-05-03T00:00:00.0,0.0,0.0,0.0,0.0,0.0,0.0,0.0,0.0,0.0,0.0,0.14263696427216274,0.0,0.0,0.001911951482993492,0.0,5.86397386863699,1.7104810724706971,0.14454891575515624,0.0029750267730976995,0.0,0.0,0.0,0.0,0.0,0.0029750267730976995,1.1253225977616316e-5,1082.4703351679377,1082.7693222018283,5.0487392044828994e-14,-1.917910275039958e-14
2010-05-04T00:00:00.0,0.0,0.0,0.0,0.0,0.0,0.0,0.0,0.0,0.0,0.0,0.14011344894338468,0.0,0.0,0.001889979075726749,0.0,5.862450123776064,1.7083400429945772,0.14200342801911142,0.0029455367335740395,0.0,0.0,0.0,0.0,0.0,0.0029455367335740395,1.1253225977616316e-5,1082.3257749989566,1082.6217982593,-1.8290924330699454e-14,6.952771691715043e-14
2010-05-05T00:00:00.0,0.0,0.0,0.0,0.0,0.0,0.0,0.0,0.0,0.0,0.0,0.1377013754297134,0.0,0.0,0.001868686272064618,0.0,5.860898720244741,1.7062252463518908,0.13957006170177802,0.0029163401248463853,0.0,0.0,0.0,0.0,0.0,0.0029163401248463853,1.1253225977616316e-5,1082.1837603177114,1082.4768492945473,1.1129985821867194e-13,7.163714066393823e-14
2010-05-06T00:00:00.0,0.0,0.0,0.0,0.0,0.0,0.0,0.0,0.0,0.0,0.0,0.13539284223010375,0.0,0.0,0.0018480337589750436,0.0,5.859322567705652,1.7041373250464587,0.1372408759890788,0.00288743402722953,0.0,0.0,0.0,0.0,0.0,0.00288743402722953,1.1253225977616316e-5,1082.0441790027835,1082.3343628927205,1.5362711103250604e-13,1.4824252936307403e-13
2010-05-07T00:00:00.0,0.0,0.0,0.0,0.0,0.0,0.0,0.0,0.0,0.0,0.0,0.13318067509709286,0.0,0.0,0.0018279854312440898,0.0,5.857724538448776,1.7020769283087545,0.13500866052833696,0.0028588155500896273,0.0,0.0,0.0,0.0,0.0,0.0028588155500896273,1.1253225977616316e-5,1081.9069268735689,1082.1942345827047,-4.2615910800236634e-13,-4.830580380144056e-13
2010-05-08T00:00:00.0,0.0,0.0,0.0,0.0,0.0,0.0,0.0,0.0,0.0,0.0,0.1310583474641983,0.0,0.0,0.0018085080540893664,0.0,5.856107468217398,1.700044711899473,0.13286685551828767,0.002830481831555109,0.0,0.0,0.0,0.0,0.0,0.002830481831555109,1.1253225977616316e-5,1081.7719069598145,1082.056367106626,6.225575610585565e-14,1.2773115898312426e-13
2010-05-09T00:00:00.0,0.0,0.0,0.0,0.0,0.0,0.0,0.0,0.0,0.0,0.0,0.12901991104026156,0.0,0.0,0.0017895709679300442,0.0,5.854474156900001,1.6980413378611154,0.1308094820081916,0.0028024300382305163,0.0,0.0,0.0,0.0,0.0,0.0028024300382305163,1.1253225977616316e-5,1081.6390288510702,1081.9206697692762,4.232725281383409e-14,9.584000260076664e-14
2010-05-10T00:00:00.0,0.0,0.0,0.0,0.0,0.0,0.0,0.0,0.0,0.0,0.0,0.12705993508848018,0.0,0.0,0.0017711458292768182,0.0,5.852827369087313,1.6960674742174038,0.128831080917757,0.002774657364913437,0.0,0.0,0.0,0.0,0.0,0.002774657364913437,1.1253225977617543e-5,1081.508208115836,1081.7870578572297,6.866729407306593e-14,6.791789353144395e-14
2010-05-11T00:00:00.0,0.0,0.0,0.0,0.0,0.0,0.0,0.0,0.0,0.0,0.0,0.1251734531435914,0.0,0.0,0.0017532063826593692,0.0,5.85116983449368,1.6941237946203136,0.12692665952625076,0.0027471610343127884,0.0,0.0,0.0,0.0,0.0,0.0027471610343127884,1.1253225977617543e-5,1081.3793657816923,1081.655452118947,-7.907563492892677e-14,-8.296141551511482e-14
2010-05-12T00:00:00.0,0.0,0.0,0.0,0.0,0.0,0.0,0.0,0.0,0.0,0.0,0.123355916136364,0.0,0.0,0.001735728259340175,0.0,5.849504248241943,1.6922109779444017,0.12509164439570417,0.002719938296772903,0.0,0.0,0.0,0.0,0.0,0.002719938296772903,1.1253225977617543e-5,1081.25242786894,1081.5257782983865,5.412337245047638e-14,1.9845236565174673e-14
2010-05-13T00:00:00.0,0.0,0.0,0.0,0.0,0.0,0.0,0.0,0.0,0.0,0.0,0.12160315102963534,0.0,0.0,0.001718688799190494,0.0,5.847833271011199,1.6903297078282093,0.12332183982882583,0.0026929864299973442,0.0,0.0,0.0,0.0,0.0,0.0026929864299973442,1.1253225977617543e-5,1081.1273249713183,1081.397966715694,-8.743006318923108e-15,-7.482903185973555e-14
2010-05-14T00:00:00.0,0.0,0.0,0.0,0.0,0.0,0.0,0.0,0.0,0.0,0.0,0.11991132423522566,0.0,0.0,0.001702066892696164,0.0,5.846159529046818,1.688480672162453,0.12161339112792183,0.002666302738776971,0.0,0.0,0.0,0.0,0.0,0.002666302738776971,1.1253225977617543e-5,1081.0039918782636,1081.2719518894353,-7.80486786311485e-14,1.3600232051658168e-15
2010-05-15T00:00:00.0,0.0,0.0,0.0,0.0,0.0,0.0,0.0,0.0,0.0,0.0,0.1182769091762409,0.0,0.0,0.0016858428404677268,0.0,5.844485614032499,1.6866645625249066,0.11996275201670863,0.0026398845547204288,0.0,0.0,0.0,0.0,0.0,0.0026398845547204288,1.1253225977617543e-5,1080.8823672339097,1081.1476721955685,1.5404344466674047e-14,1.1191048088221578e-13
2010-05-16T00:00:00.0,0.0,0.0,0.0,0.0,0.0,0.0,0.0,0.0,0.0,0.0,0.11669665744990279,0.0,0.0,0.0016699982280492683,0.0,5.8428140828243,1.6848820735618943,0.11836665567795206,0.002613729235987292,0.0,0.0,0.0,0.0,0.0,0.002613729235987292,1.1253225977617543e-5,1080.762393228667,1081.025069558997,5.247191570134646e-14,-2.8477220581635265e-14
2010-05-17T00:00:00.0,0.0,0.0,0.0,0.0,0.0,0.0,0.0,0.0,0.0,0.0,0.11516757313811166,0.0,0.0,0.0016545158141113507,0.0,5.841147457046877,1.6831339023165144,0.11682208895222301,0.002587834167023894,0.0,0.0,0.0,0.0,0.0,0.002587834167023894,1.1253225977617543e-5,1080.6440153197632,1080.9040891740833,-1.6257828416854636e-13,-1.7506829319557937e-13
2010-05-18T00:00:00.0,0.0,0.0,0.0,0.0,0.0,0.0,0.0,0.0,0.0,0.0,0.11368688986674996,0.0,0.0,0.0016393794304056586,0.0,5.839488222552705,1.6814207475038514,0.11532626929715561,0.00256219675830176,0.0,0.0,0.0,0.0,0.0,0.00256219675830176,1.1253225977617543e-5,1080.5271819775849,1080.784679250964,1.2390088954816747e-13,4.53109771925142e-14
2010-05-19T00:00:00.0,0.0,0.0,0.0,0.0,0.0,0.0,0.0,0.0,0.0,0.0,0.11225205027954054,0.0,0.0,0.0016245738920573404,0.0,5.837838828745215,1.6797433087336215,0.11387662417159787,0.0025368144460586506,0.0,0.0,0.0,0.0,0.0,0.0025368144460586506,1.1253225977617543e-5,1080.4118444550618,1080.6667907849085,-5.573319583618286e-14,8.944234242136417e-14
2010-05-20T00:00:00.0,0.0,0.0,0.0,0.0,0.0,0.0,0.0,0.0,0.0,0.0,0.11086068762696065,0.0,0.0,0.0016100849169826802,0.0,5.836201687767534,1.6781022856809544,0.11247077254394333,0.0025116846920421906,0.0,0.0,0.0,0.0,0.0,0.0025116846920421906,1.1253225977617543e-5,1080.297956577664,1080.5503773462908,1.257466353266068e-13,-8.881784197001252e-16
2010-05-21T00:00:00.0,0.0,0.0,0.0,0.0,0.0,0.0,0.0,0.0,0.0,0.0,0.10951060922347872,0.0,0.0,0.0015958990533778321,0.0,5.834579173558836,1.6764983772062254,0.11110650827685654,0.002486804983256036,0.0,0.0,0.0,0.0,0.0,0.002486804983256036,1.1253225977617543e-5,1080.1854745518945,1080.435394889055,-2.9809488211185453e-13,-2.0258794641847544e-13
2010-05-22T00:00:00.0,0.0,0.0,0.0,0.0,0.0,0.0,0.0,0.0,0.0,0.0,0.10819978154562199,0.0,0.0,0.0015820036143534139,0.0,5.8329736207809315,1.6749322804251239,0.1097817851599754,0.002462172831708577,0.0,0.0,0.0,0.0,0.0,0.002462172831708577,1.1253225977617543e-5,1080.0743567903914,1080.3218015757948,1.759564716152795e-13,1.40540357129737e-13
2010-05-23T00:00:00.0,0.0,0.0,0.0,0.0,0.0,0.0,0.0,0.0,0.0,0.0,0.10692631679654216,0.0,0.0,0.0015683866189223012,0.0,5.831387323618397,1.6734046897304637,0.10849470341546447,0.00243778577416413,0.0,0.0,0.0,0.0,0.0,0.00243778577416413,1.1253225977617543e-5,1079.9645637520057,1080.2095576178033,-1.928596171651975e-13,-1.886407696716219e-13
2010-05-24T00:00:00.0,0.0,0.0,0.0,0.0,0.0,0.0,0.0,0.0,0.0,0.0,0.10568846074903726,0.0,0.0,0.0015550367386364993,0.0,5.829822534456031,1.671916295767508,0.10724349748767376,0.002413641371896619,0.0,0.0,0.0,0.0,0.0,0.002413641371896619,1.1253225977617543e-5,1079.856057795364,1080.0986251286133,2.5096591471651664e-13,3.3463509740983e-13
2010-05-25T00:00:00.0,0.0,0.0,0.0,0.0,0.0,0.0,0.0,0.0,0.0,0.0,0.10448458174433273,0.0,0.0,0.0015419432492564218,0.0,5.828281462438312,1.6704677843649622,0.10602652499358915,0.0023897372104456967,0.0,0.0,0.0,0.0,0.0,0.0023897372104456967,1.1253225977617543e-5,1079.7488030446507,1079.9889679897542,-3.4189318043331696e-13,-4.5027870321234786e-13
2010-05-26T00:00:00.0,0.0,0.0,0.0,0.0,0.0,0.0,0.0,0.0,0.0,0.0,0.10331316070074228,0.0,0.0,0.001529095986926372,0.0,5.826766271916056,1.6690598354240695,0.10484225668766865,0.002366070899375299,0.0,0.0,0.0,0.0,0.0,0.002366070899375299,1.1253225977617543e-5,1079.642765266431,1079.88055172755,4.8808179720083444e-14,1.3826439992925543e-13
2010-05-27T00:00:00.0,0.0,0.0,0.0,0.0,0.0,0.0,0.0,0.0,0.0,0.0,0.10217278204020006,0.0,0.0,0.0015164853083667158,0.0,5.825279080786324,1.6676931217686684,0.10368926734856677,0.002342640072034593,0.0,0.0,0.0,0.0,0.0,0.002342640072034593,1.1253225977617543e-5,1079.5379117565174,1079.7733433999629,6.351863479636677e-14,1.151995165926678e-13
2010-05-28T00:00:00.0,0.0,0.0,0.0,0.0,0.0,0.0,0.0,0.0,0.0,0.0,0.10106212541321064,0.0,0.0,0.0015041020546796744,0.0,5.823821958732333,1.6663683079593887,0.1025662274678903,0.0023194423853213236,0.0,0.0,0.0,0.0,0.0,0.0023194423853213236,1.1253225977617543e-5,1079.434211235943,1079.6673114925425,-1.2358170042858774e-13,-1.996736109788344e-13
2010-05-29T00:00:00.0,0.0,0.0,0.0,0.0,0.0,0.0,0.0,0.0,0.0,0.0,0.09997995816487396,0.0,0.0,0.0014919375183913488,0.0,5.822396925370865,1.6650860490755326,0.1014718956832653,0.002296475519447485,0.0,0.0,0.0,0.0,0.0,0.002296475519447485,1.1253225977617543e-5,1079.3316337552487,1079.562425822689,3.402139681085714e-13,2.902678097882472e-13
2010-05-30T00:00:00.0,0.0,0.0,0.0,0.0,0.0,0.0,0.0,0.0,0.0,0.0,0.09892512843018189,0.0,0.0,0.0014799834133997468,0.0,5.821005948315595,1.6638469894686185,0.10040511184358164,0.002273737177707353,0.0,0.0,0.0,0.0,0.0,0.002273737177707353,1.1253225977617543e-5,1079.2301506063397,1079.4586574514865,-2.6000035457940385e-13,-2.3550605909861133e-13
2010-05-31T00:00:00.0,0.0,0.0,0.0,0.0,0.0,0.0,0.0,0.0,0.0,0.0,0.0978965588323936,0.0,0.0,0.0014682318475475221,0.0,5.819650941165242,1.6626517614918488,0.09936479067994111,0.0022512250862478022,0.0,0.0,0.0,0.0,0.0,0.0022512250862478022,1.1253225977617543e-5,1079.1297342412702,1079.3559786024653,1.8041124150158794e-14,-5.784261958297066e-14
2010-06-01T00:00:00.0,0.0,0.0,0.0,0.0,0.0,0.0,0.0,0.0,0.0,0.0,0.09689324068933691,0.0,0.0,0.0014566752975493002,0.0,5.818333761426502,1.661500984210203,0.09834991598688621,0.0022289369938409288,0.0,0.0,0.0,0.0,0.0,0.0022289369938409288,1.1253225977617543e-5,1079.030358197364,1079.2543625866988,2.8563262866043715e-13,2.7826352333448767e-13
2010-06-02T00:00:00.0,10.0,10.0,0.0,1.5590093530637057,0.0,8.440990646936294,0.0,0.0,8.440990646936294,0.0,0.07020858407994987,1.5590093530637055,0.0,0.0013010455011968846,0.0,5.817056208382233,1.2153984027464988,1.630518982644852,0.0022068706716589183,0.0,0.0,8.440990646936294,0.0,0.0,0.0022068706716589183,1.1253225977617543e-5,1078.9319970281513,1079.1537837337182,-1.6960044479930048e-13,-1.657840531521515e-13
2010-06-03T00:00:00.0,10.0,10.0,0.0,1.558683719122208,0.0,8.441316280877793,0.0,0.0,8.441316280877793,0.0,0.32395535329860004,1.5586837191222083,0.0,0.0035478705595999097,0.0,5.815102404733248,1.2143311982722822,1.8861869429804083,0.0021850239130511615,0.0,0.0,8.441316280877787,0.0,0.0,0.0021850239130511615,1.1253225977617543e-5,1087.3014667922803,1087.5210578804015,1.616484723854228e-13,2.3092638912203256e-13
2010-06-04T00:00:00.0,10.0,10.0,0.0,1.5581964173538918,0.0,8.441803582646108,0.0,0.0,8.441803582646108,0.0,1.179732501840613,1.558196417353892,0.0,0.008486080245030506,0.0,5.812178594123352,1.2129414419774167,2.7464149994395357,0.0021633945333235953,0.0,0.0,8.441803582646108,0.0,0.0,0.0021633945333235953,1.1253225977617543e-5,1095.415268596074,1095.632685913508,-3.907985046680551e-14,-8.526512829121202e-14
2010-06-05T00:00:00.0,3.0,3.0,0.0,0.707399982,0.0,2.292600018,0.0,0.0,2.292600018,0.0,1.453335891372587,0.7073999819999998,0.0,0.01843941561817434,0.0,5.807938231313312,1.4533358913725862,2.179175288990761,0.0021419803695202203,0.0,0.0,2.2926000179999986,0.0,0.0,0.0021419803695202203,1.1253225977617543e-5,1102.6688423434084,1102.8841075195353,8.881784197001252e-16,-3.907985046680551e-14
2010-06-06T00:00:00.0,3.0,3.0,0.0,0.707399982,0.0,2.292600018,0.0,0.0,2.292600018,0.0,1.4527167739718208,0.707399982,0.0,0.016770167068710897,0.0,5.807370473321944,1.452716773971821,2.1768869230405317,0.0021207792802068097,0.0,0.0,2.2926000179999986,0.0,0.0,0.0021207792802068097,1.1253225977617543e-5,1103.4896558011917,1103.702790250175,-2.842170943040401e-14,2.531308496145357e-14
2010-06-07T00:00:00.0,3.0,3.0,0.0,0.707399982,0.0,2.292600018,0.0,0.0,2.292600018,0.0,1.45202433168053,0.707399982,0.0,0.015958660489528195,0.0,5.806572932008303,1.45202433168053,2.1753829741700583,0.0020997891452567683,0.0,0.0,2.2926000179999986,0.0,0.0,0.0020997891452567683,1.1253225977617543e-5,1104.3127576249253,1104.5237825478544,-1.3367085216486885e-13,-1.0613732115416497e-13
2010-06-08T00:00:00.0,3.0,3.0,0.0,0.707399982,0.0,2.292600018,0.0,0.0,2.292600018,0.0,1.451321811271412,0.707399982,0.0,0.015544684736084094,0.0,5.805696073972593,1.4513218112714124,2.174266478007496,0.0020790078656391054,0.0,0.0,2.2926000179999986,0.0,0.0,0.0020790078656391054,1.1253225977617543e-5,1105.137363397529,1105.3462997845388,2.4491519923230953e-13,2.233768725545815e-13
2010-06-09T00:00:00.0,3.0,3.0,0.0,0.707399982,0.0,2.292600018,0.0,0.0,2.292600018,0.0,1.4506359427454878,0.707399982,0.0,0.015335574786398971,0.0,5.8048035510968825,1.4506359427454878,2.173371499531887,0.002058433363208545,0.0,0.0,2.2926000179999986,0.0,0.0,0.002058433363208545,1.1253225977617543e-5,1105.9630856662957,1106.1699542986657,-1.1501910535116622e-13,-6.394884621840902e-14
2010-06-10T00:00:00.0,3.0,3.0,0.0,0.707399982,0.0,2.292600018,0.0,0.0,2.292600018,0.0,1.449979701036503,0.707399982,0.0,0.015239320060331777,0.0,5.803926364222919,1.4499797010365028,2.172619003096835,0.0020380635804976956,0.0,0.0,2.2926000179999986,0.0,0.0,0.0020380635804976956,1.1253225977617543e-5,1106.789702913538,1106.9945243657708,-7.72715225139109e-14,-1.1013412404281553e-13
2010-06-11T00:00:00.0,0.0,0.0,0.0,0.0,0.0,0.0,0.0,0.0,0.0,0.0,1.6505652098061763,0.0,0.0,0.015792290321123705,0.0,5.803081289713573,1.6505652098061767,1.6663575001272999,0.0020178964805113143,0.0,0.0,0.0,0.0,0.0,0.0020178964805113143,1.1253225977617543e-5,1107.617072657215,1107.8198672990934,1.0436096431476471e-13,2.2648549702353193e-14
2010-06-12T00:00:00.0,0.0,0.0,0.0,0.0,0.0,0.0,0.0,0.0,0.0,0.0,1.6504709750832507,0.0,0.0,0.011903617748947675,0.0,5.803493218709722,1.6504709750832514,1.6623745928321985,0.001997930046522593,0.0,0.0,0.0,0.0,0.0,0.001997930046522593,1.1253225977617543e-5,1105.9507039038617,1106.1514919024855,-2.375877272697835e-14,5.995204332975845e-14
2010-06-13T00:00:00.0,0.0,0.0,0.0,0.0,0.0,0.0,0.0,0.0,0.0,0.0,1.6502050642887538,0.0,0.0,0.009635380485544708,0.0,5.803453836353097,1.6502050642887536,1.6598404447742985,0.001978162281871496,0.0,0.0,0.0,0.0,0.0,0.001978162281871496,1.1253225977617543e-5,1104.2883180578037,1104.487119379607,-1.894040480010517e-13,-2.5490720645393594e-13
2010-06-14T00:00:00.0,0.0,0.0,0.0,0.0,0.0,0.0,0.0,0.0,0.0,0.0,1.6498881383849575,0.0,0.0,0.008109197803556258,0.0,5.803239124191189,1.6498881383849575,1.6579973361885139,0.0019585912097650855,0.0,0.0,0.0,0.0,0.0,0.0019585912097650855,1.1253225977617543e-5,1102.6284663598033,1102.8253007725507,1.8984813721090177e-13,2.0516921495072893e-13
2010-06-15T00:00:00.0,0.0,0.0,0.0,0.0,0.0,0.0,0.0,0.0,0.0,0.0,1.649566367285843,0.0,0.0,0.006990368630963827,0.0,5.802954445268998,1.649566367285843,1.6565567359168067,0.0019392148730798403,0.0,0.0,0.0,0.0,0.0,0.0019392148730798403,1.1253225977617543e-5,1100.9704577703887,1101.1653448451523,2.9753977059954195e-14,1.3522516439934407e-13
2010-06-16T00:00:00.0,0.0,0.0,0.0,0.0,0.0,0.0,0.0,0.0,0.0,0.0,1.5487773520784098,0.0,0.0,0.006164647355530061,0.0,5.80264896494972,1.6492613093613584,1.55494199943394,0.0019200313341659453,0.0,0.0,0.0,0.0,0.0,0.0019200313341659453,1.1253225977617543e-5,1099.313889781246,1099.5068488943625,1.7763568394002505e-15,-1.3011813848606835e-13
2010-06-17T00:00:00.0,0.0,0.0,0.0,0.0,0.0,0.0,0.0,0.0,0.0,0.0,1.40083071287464,0.0,0.0,0.005554010164482092,0.0,5.802337496538893,1.648979425258991,1.406384723039122,0.0019010386746535237,0.0,0.0,0.0,0.0,0.0,0.0019010386746535237,1.1253225977617543e-5,1097.7589365285862,1097.9499868635944,-1.745270594710746e-13,9.992007221626409e-15
2010-06-18T00:00:00.0,0.0,0.0,0.0,0.0,0.0,0.0,0.0,0.0,0.0,0.0,1.2583430078420568,0.0,0.0,0.005087968572057623,0.0,5.802036621958516,1.6487279751245758,1.2634309764141145,0.0018822349952607959,0.0,0.0,0.0,0.0,0.0,0.0018822349952607959,1.1253225977617543e-5,1096.352540552321,1096.5417011018806,1.305622276959184e-13,6.59472476627343e-14
2010-06-19T00:00:00.0,0.0,0.0,0.0,0.0,0.0,0.0,0.0,0.0,0.0,0.0,1.1294680721354322,0.0,0.0,0.004720440149424058,0.0,5.801761406504632,1.6485135634426893,1.1341885122848563,0.0018636184156041523,0.0,0.0,0.0,0.0,0.0,0.0018636184156041523,1.1253225977617543e-5,1095.089098322681,1095.2763878904711,-1.509903313490213e-14,4.529709940470639e-14
2010-06-20T00:00:00.0,0.0,0.0,0.0,0.0,0.0,0.0,0.0,0.0,0.0,0.0,1.016723532689309,0.0,0.0,0.004421361388632758,0.0,5.801522142299706,1.64834069786973,1.0211448940779417,0.0018451870740101145,0.0,0.0,0.0,0.0,0.0,0.0018451870740101145,1.1253225977617543e-5,1093.95489855717,1094.1403357597708,2.3092638912203256e-14,-9.681144774731365e-14
2010-06-21T00:00:00.0,0.0,0.0,0.0,0.0,0.0,0.0,0.0,0.0,0.0,0.0,0.920050130615264,0.0,0.0,0.004171719244659459,0.0,5.801325581466932,1.6482123309579026,0.9242218498599234,0.0018269391273291631,0.0,0.0,0.0,0.0,0.0,0.0018269391273291631,1.1253225977617543e-5,1092.9337424098662,1093.117345678619,-9.214851104388799e-14,-7.72715225139109e-14
2010-06-22T00:00:00.0,0.0,0.0,0.0,0.0,0.0,0.0,0.0,0.0,0.0,0.0,0.8363540485785712,0.0,0.0,0.003959558369324938,0.0,5.801176250846436,1.6481304394409935,0.8403136069478961,0.0018088727507514243,0.0,0.0,0.0,0.0,0.0,0.0018088727507514243,1.1253225977617543e-5,1092.0095093067803,1092.1912968896315,5.218048215738236e-14,1.2045919817182948e-13
2010-06-23T00:00:00.0,0.0,0.0,0.0,0.0,0.0,0.0,0.0,0.0,0.0,0.0,0.7625086898050484,0.0,0.0,0.003776601853448639,0.0,5.80107728678524,1.6480963923925702,0.766285291658497,0.0017909861376241834,0.0,0.0,0.0,0.0,0.0,0.0017909861376241834,1.1253225977617543e-5,1091.1691844466063,1091.3491744099329,7.682743330406083e-14,2.5868196473766147e-14
2010-06-24T00:00:00.0,0.0,0.0,0.0,0.0,0.0,0.0,0.0,0.0,0.0,0.0,0.6969277587362064,0.0,0.0,0.003616642978850716,0.0,5.801030878996244,1.6481111470985783,0.700544401715057,0.0017732774992712235,0.0,0.0,0.0,0.0,0.0,0.0017732774992712235,1.1253225977617543e-5,1090.402887901722,1090.5810981321367,-4.851674617611934e-14,5.10702591327572e-15
2010-06-25T00:00:00.0,0.0,0.0,0.0,0.0,0.0,0.0,0.0,0.0,0.0,0.0,0.6389747813692432,0.0,0.0,0.00347501233029703,0.0,5.80103853353383,1.6481753651726443,0.6424497936995403,0.0017557450648139502,0.0,0.0,0.0,0.0,0.0,0.0017557450648139502,1.1253225977617543e-5,1089.7023322467808,1089.8787804529225,9.203748874142548e-14,-5.340172748447003e-14
2010-06-26T00:00:00.0,0.0,0.0,0.0,0.0,0.0,0.0,0.0,0.0,0.0,0.0,0.5879810753867034,0.0,0.0,0.003348290394484649,0.0,5.801101254100118,1.6482894926494773,0.5913293657811881,0.0017383870809943099,0.0,0.0,0.0,0.0,0.0,0.0017383870809943099,1.1253225977617543e-5,1089.059871199855,1089.2345749141577,2.2803980925800715e-13,3.54605234065275e-13
2010-06-27T00:00:00.0,0.0,0.0,0.0,0.0,0.0,0.0,0.0,0.0,0.0,0.0,0.5429393819161499,0.0,0.0,0.0032339768698767682,0.0,5.801219670405227,1.6484538167232856,0.5461733587860267,0.0017212018119994532,0.0,0.0,0.0,0.0,0.0,0.0017212018119994532,1.1253225977617543e-5,1088.468530580848,1088.6415071612957,-1.2390088954816747e-13,-1.8429702208777599e-13
2010-06-28T00:00:00.0,0.0,0.0,0.0,0.0,0.0,0.0,0.0,0.0,0.0,0.0,0.502720563142381,0.0,0.0,0.0031301744450076075,0.0,5.8013941244106055,1.6486685039085502,0.5058507375873886,0.0017041875392881604,0.0,0.0,0.0,0.0,0.0,0.0017041875392881604,1.1253225977617543e-5,1087.922345968836,1088.0936126006977,-1.9872992140790302e-14,-1.7763568394002505e-15
2010-06-29T00:00:00.0,0.0,0.0,0.0,0.0,0.0,0.0,0.0,0.0,0.0,0.0,0.4663577363956318,0.0,0.0,0.0030353668474578255,0.0,5.801624725933738,1.6489336246872446,0.4693931032430896,0.0016873425614189826,0.0,0.0,0.0,0.0,0.0,0.0016873425614189826,1.1253225977617543e-5,1087.4164839780228,1087.5860576755713,-1.9306778398231472e-13,-2.348121697082206e-13
2010-06-30T00:00:00.0,0.0,0.0,0.0,0.0,0.0,0.0,0.0,0.0,0.0,0.0,0.4331892042413638,0.0,0.0,0.0029482934723848012,0.0,5.801911388899234,1.6492491696222515,0.4361374977137486,0.0016706651938800958,0.0,0.0,0.0,0.0,0.0,0.0016706651938800958,1.1253225977617543e-5,1086.9470796215537,1087.1149772297667,4.5630166312093934e-14,3.730349362740526e-14
2010-07-01T00:00:00.0,0.0,0.0,0.0,0.0,0.0,0.0,0.0,0.0,0.0,0.0,0.40284999217640755,0.0,0.0,0.002867888738515176,0.0,5.802253856313071,1.649615060502173,0.4057178809149227,0.0016541537689208452,0.0,0.0,0.0,0.0,0.0,0.0016541537689208452,1.1253225977617543e-5,1086.5109308706142,1086.6771690668593,-1.8879342533750787e-13,-1.7008616737257398e-13
2010-07-02T00:00:00.0,0.0,0.0,0.0,0.0,0.0,0.0,0.0,0.0,0.0,0.0,0.3751716872837271,0.0,0.0,0.002793254805592748,0.0,5.802651718773955,1.6500311586436671,0.3779649420893198,0.001637806635384978,0.0,0.0,0.0,0.0,0.0,0.001637806635384978,1.1253225977617543e-5,1086.1052017364732,1086.2697970321753,8.3322237998118e-14,8.731904088676856e-14
2010-07-03T00:00:00.0,0.0,0.0,0.0,0.0,0.0,0.0,0.0,0.0,0.0,0.0,0.3500629684836519,0.0,0.0,0.002723645074764834,0.0,5.803104429144583,1.6504972715106725,0.3527866135584168,0.001621622158545517,0.0,0.0,0.0,0.0,0.0,0.001621622158545517,1.1253225977617543e-5,1085.7272255411576,1085.8901942834502,2.7106095146223197e-13,4.1466829969749597e-13
2010-07-04T00:00:00.0,0.0,0.0,0.0,0.0,0.0,0.0,0.0,0.0,0.0,0.0,0.3274237762732236,0.0,0.0,0.002658446323189653,0.0,5.803611314692167,1.6510131582300431,0.3300822225964133,0.0016055987199412925,0.0,0.0,0.0,0.0,0.0,0.0016055987199412925,1.1253225977617543e-5,1085.3744276743732,1085.5357860477334,-8.992806499463768e-15,-1.159627949220976e-13
2010-07-05T00:00:00.0,0.0,0.0,0.0,0.0,0.0,0.0,0.0,0.0,0.0,0.0,0.30710947291151924,0.0,0.0,0.002597156937249657,0.0,5.804171587295487,1.6515785342681841,0.3097066298487689,0.0015897347172150885,0.0,0.0,0.0,0.0,0.0,0.0015897347172150885,1.1253225977617543e-5,1085.044334198551,1085.2040982264173,-1.9528823003156504e-13,-2.456368441983159e-13
2010-07-06T00:00:00.0,0.0,0.0,0.0,0.0,0.0,0.0,0.0,0.0,0.0,0.0,0.28893251936753184,0.0,0.0,0.0025393641000299168,0.0,5.804784352024248,1.652193075403921,0.29147188346756175,0.0015740285639534153,0.0,0.0,0.0,0.0,0.0,0.0015740285639534153,1.1253225977617543e-5,1084.7346163154762,1084.892801861851,1.351696532481128e-13,2.7633451082920146e-13
2010-07-07T00:00:00.0,0.0,0.0,0.0,0.0,0.0,0.0,0.0,0.0,0.0,0.0,0.27268079554728,0.0,0.0,0.0024847234109058205,0.0,5.805448614340294,1.6528564211075596,0.2751655189581858,0.0015584786895278561,0.0,0.0,0.0,0.0,0.0,0.0015584786895278561,1.1253225977617543e-5,1084.4431331787825,1084.5997559498196,7.477352070850429e-14,-1.1252110354575962e-13
2010-07-08T00:00:00.0,0.0,0.0,0.0,0.0,0.0,0.0,0.0,0.0,0.0,0.0,0.25813735169375196,0.0,0.0,0.002432942693313609,0.0,5.806163286182225,1.6535681774411395,0.2605702943870656,0.00154308353893801,0.0,0.0,0.0,0.0,0.0,0.00154308353893801,1.1253225977617543e-5,1084.1679564065985,1084.323031952172,-9.553469126899472e-14,-6.333822355486518e-14
2010-07-09T00:00:00.0,0.0,0.0,0.0,0.0,0.0,0.0,0.0,0.0,0.0,0.0,0.24509491197450578,0.0,0.0,0.002383770039714828,0.0,5.806927191189361,1.6543279195924188,0.2474786820142206,0.0015278415726559915,0.0,0.0,0.0,0.0,0.0,0.0015278415726559915,1.1253225977617543e-5,1083.9073748589856,1084.060918574246,-1.4221956945448255e-13,-3.2807090377673376e-14
2010-07-10T00:00:00.0,0.0,0.0,0.0,0.0,0.0,0.0,0.0,0.0,0.0,0.0,0.23336413142808116,0.0,0.0,0.0023369852919645447,0.0,5.807739069284993,1.655135194139187,0.2357011167200457,0.0015127512664724668,0.0,0.0,0.0,0.0,0.0,0.0015127512664724668,1.1253225977617543e-5,1083.6598849237453,1083.811912050659,1.1171619185290638e-13,1.3677947663381929e-13
2010-07-11T00:00:00.0,0.0,0.0,0.0,0.0,0.0,0.0,0.0,0.0,0.0,0.0,0.22277697122856852,0.0,0.0,0.0022923939984698808,0.0,5.8085975807888985,1.6559895211185434,0.2250693652270384,0.0014978111113442447,0.0,0.0,0.0,0.0,0.0,0.0014978111113442447,1.1253225977617543e-5,1083.4241725537993,1083.5746981826726,-3.710920459809586e-14,-1.343924971308752e-13
2010-07-12T00:00:00.0,0.0,0.0,0.0,0.0,0.0,0.0,0.0,0.0,0.0,0.0,0.21318696512477803,0.0,0.0,0.002249823050873526,0.0,5.809501310181563,1.6568903959547372,0.21543678817565157,0.0014830196132433616,0.0,0.0,0.0,0.0,0.0,0.0014830196132433616,1.1253225977617543e-5,1083.1990919353461,1083.3481310063341,1.3239409568654992e-13,6.625255899450622e-14
2010-07-13T00:00:00.0,0.0,0.0,0.0,0.0,0.0,0.0,0.0,0.0,0.0,0.0,0.20446780069073156,0.0,0.0,0.0022091174329494766,0.0,5.810448769603976,1.6578372912821797,0.20667691812368102,0.0014683752930076815,0.0,0.0,0.0,0.0,0.0,0.0014683752930076815,1.1253225977617543e-5,1082.9836438939446,1083.1312111985453,-1.4219181387886692e-13,-6.813993813636898e-14
2010-07-14T00:00:00.0,0.0,0.0,0.0,0.0,0.0,0.0,0.0,0.0,0.0,0.0,0.19651115681830716,0.0,0.0,0.002170137708840056,0.0,5.811438402149044,1.6588296586879459,0.19868129452714722,0.0014538766861929766,0.0,0.0,0.0,0.0,0.0,0.0014538766861929766,1.1253225977617543e-5,1082.776955722595,1082.9230659051286,3.8219427622721014e-14,3.164135620181696e-15
2010-07-15T00:00:00.0,0.0,0.0,0.0,0.0,0.0,0.0,0.0,0.0,0.0,0.0,0.1892243478210829,0.0,0.0,0.0021327580149323624,0.0,5.812468584981042,1.6598669303893878,0.19135710583601528,0.0014395223429264834,0.0,0.0,0.0,0.0,0.0,0.0014395223429264834,1.1253225977617543e-5,1082.5782631748418,1082.7229307339153,9.992007221626409e-16,-7.41073868937292e-15
2010-07-16T00:00:00.0,0.0,0.0,0.0,0.0,0.0,0.0,0.0,0.0,0.0,0.0,0.18252806208486075,0.0,0.0,0.002096864407939799,0.0,5.813537632306352,1.6609485208567343,0.18462492649280055,0.0014253108277619128,0.0,0.0,0.0,0.0,0.0,0.0014253108277619128,1.1253225977617543e-5,1082.3868948157797,1082.5301341057361,1.602051824534101e-13,2.250977182427505e-13
2010-07-17T00:00:00.0,0.0,0.0,0.0,0.0,0.0,0.0,0.0,0.0,0.0,0.0,0.17635432509103297,0.0,0.0,0.0020623534760420633,0.0,5.814643798209913,1.6620738283865706,0.17841667856707502,0.001411240719535906,0.0,0.0,0.0,0.0,0.0,0.001411240719535906,1.1253225977617543e-5,1082.202258636061,1082.3440838684157,-1.6903145549918008e-13,-1.752764600126966e-13
2010-07-18T00:00:00.0,0.0,0.0,0.0,0.0,0.0,0.0,0.0,0.0,0.0,0.0,0.17064472872767542,0.0,0.0,0.002029131152597271,0.0,5.815785279365606,1.6632422366294788,0.17267385988027267,0.0013973106112259155,0.0,0.0,0.0,0.0,0.0,0.0013973106112259155,1.1253225977617543e-5,1082.0238307042678,1082.1642559491288,2.4155677458281843e-13,3.249345237321677e-13
2010-07-19T00:00:00.0,0.0,0.0,0.0,0.0,0.0,0.0,0.0,0.0,0.0,0.0,0.16534892375699378,0.0,0.0,0.0019971116915359272,0.0,5.816960217625106,1.6644531160734042,0.16734603544852972,0.0013835191098095013,0.0,0.0,0.0,0.0,0.0,0.0013835191098095013,1.1253225977617543e-5,1081.8511455911616,1081.9901847786375,-1.2362333379201118e-13,-2.1030399643962028e-13
2010-07-20T00:00:00.0,0.0,0.0,0.0,0.0,0.0,0.0,0.0,0.0,0.0,0.0,0.16042335179732203,0.0,0.0,0.001966216775504992,0.0,5.818166702486752,1.6657058254830863,0.16238956857282702,0.001369864836125029,0.0,0.0,0.0,0.0,0.0,0.001369864836125029,1.1253225977617543e-5,1081.6837883024873,1081.8214552240793,-1.6869838859179254e-13,-9.908740494779522e-14
2010-07-21T00:00:00.0,0.0,0.0,0.0,0.0,0.0,0.0,0.0,0.0,0.0,0.0,0.15583018590419823,0.0,0.0,0.001936374735257994,0.0,5.819402773444379,1.6669997132951933,0.1577665606394562,0.001356346424733751,0.0,0.0,0.0,0.0,0.0,0.001356346424733751,1.1253225977617543e-5,1081.5213874806884,1081.6576957906702,7.840950111415168e-14,8.881784197001252e-14
2010-07-22T00:00:00.0,0.0,0.0,0.0,0.0,0.0,0.0,0.0,0.0,0.0,0.0,0.15153644825784957,0.0,0.0,0.0019075198636399327,0.0,5.820666422214871,1.6683341189682872,0.1534439681214895,0.0013429625237832642,0.0,0.0,0.0,0.0,0.0,0.0013429625237832642,1.1253225977617543e-5,1081.3636096668229,1081.498572883606,1.1651790643441018e-13,1.3944401189291966e-13
2010-07-23T00:00:00.0,0.0,0.0,0.0,0.0,0.0,0.0,0.0,0.0,0.0,0.0,0.14751327598411118,0.0,0.0,0.001879591810833671,0.0,5.821955594842518,1.669708374286502,0.14939286779494484,0.0013297117948723194,0.0,0.0,0.0,0.0,0.0,0.0013297117948723194,1.1253225977617543e-5,1081.2101544454756,1081.3437859529608,-2.0913826226376386e-13,-2.1344037648418634e-13
2010-07-24T00:00:00.0,0.0,0.0,0.0,0.0,0.0,0.0,0.0,0.0,0.0,0.0,0.14373530982202548,0.0,0.0,0.0018525350498888524,0.0,5.823268193677889,1.6711218046156664,0.14558784487191434,0.001316592912916983,0.0,0.0,0.0,0.0,0.0,0.001316592912916983,1.1253225977617543e-5,1081.0607503244546,1081.193063373371,8.462675005205256e-14,9.314771176605063e-14
2010-07-25T00:00:00.0,0.0,0.0,0.0,0.0,0.0,0.0,0.0,0.0,0.0,0.0,0.1401801841729781,0.0,0.0,0.0018262984033334266,0.0,5.8246020792288515,1.6725737301106227,0.14200648257631152,0.0013036045660181268,0.0,0.0,0.0,0.0,0.0,0.0013036045660181268,1.1253225977617543e-5,1080.9151512263566,1081.046158935586,1.539879335155092e-13,1.6553425297161084e-13
2010-07-26T00:00:00.0,0.0,0.0,0.0,0.0,0.0,0.0,0.0,0.0,0.0,0.0,0.13682810066410786,0.0,0.0,0.0018008346230595602,0.0,5.82595507188138,1.674063466872511,0.1386289352871674,0.0012907454553302386,0.0,0.0,0.0,0.0,0.0,0.0012907454553302386,1.1253225977617543e-5,1080.7731334905543,1080.9028488484437,-3.35009797680641e-14,-7.57449658550513e-14
2010-07-27T00:00:00.0,0.0,0.0,0.0,0.0,0.0,0.0,0.0,0.0,0.0,0.0,0.13366147050621197,0.0,0.0,0.0017761000168025412,0.0,5.827324953488031,1.6755903280549251,0.1354375705230145,0.0012780142949315322,0.0,0.0,0.0,0.0,0.0,0.0012780142949315322,1.1253225977617543e-5,1080.6344933020414,1080.7629291677015,-2.3608892618653954e-13,-3.017863736687332e-13
2010-07-28T00:00:00.0,0.0,0.0,0.0,0.0,0.0,0.0,0.0,0.0,0.0,0.0,0.130664613553355,0.0,0.0,0.00175205411545814,0.0,5.828709468822103,1.6771536249180001,0.13241666766881316,0.0012654098116953597,0.0,0.0,0.0,0.0,0.0,0.0012654098116953597,1.1253225977617543e-5,1080.4990444782925,1080.6262135828836,-8.990030941902205e-14,-2.5146551507759796e-14
2010-07-29T00:00:00.0,0.0,0.0,0.0,0.0,0.0,0.0,0.0,0.0,0.0,0.0,0.12782350421633948,0.0,0.0,0.001728659376253501,0.0,5.8301063268960425,1.6787526678296398,0.12955216359259297,0.0012529307451628919,0.0,0.0,0.0,0.0,0.0,0.0012529307451628919,1.1253225977617543e-5,1080.3666165573975,1080.492531505403,2.066680160339729e-13,1.6253665080512292e-13
2010-07-30T00:00:00.0,0.0,0.0,0.0,0.0,0.0,0.0,0.0,0.0,0.0,0.0,0.12512555617405158,0.0,0.0,0.001705880917460399,0.0,5.831513202142714,1.6803867672133073,0.12683143709151198,0.0012405758474170782,0.0,0.0,0.0,0.0,0.0,0.0012405758474170782,1.1253225977617543e-5,1080.237053140579,1080.3617264110653,-1.4271916981556387e-13,-1.8116064204320992e-13
2010-07-31T00:00:00.0,0.0,0.0,0.0,0.0,0.0,0.0,0.0,0.0,0.0,0.0,0.12255943930093188,0.0,0.0,0.0016836862809014805,0.0,5.83292773545887,1.682055234442015,0.12424312558183337,0.0012283438829578475,0.0,0.0,0.0,0.0,0.0,0.0012283438829578475,1.1253225977617543e-5,1080.1102104502615,1080.2336543981264,2.7228219678931964e-14,-2.8033131371785203e-14
2010-08-01T00:00:00.0,0.0,0.0,0.0,0.0,0.0,0.0,0.0,0.0,0.0,0.0,0.12011492344416602,0.0,0.0,0.0016620452189710336,0.0,5.834347535110164,1.6837573826782715,0.12177696866313706,0.0012162336285785592,0.0,0.0,0.0,0.0,0.0,0.0012162336285785592,1.1253225977617543e-5,1079.9859560714535,1080.1081829286613,2.0738966099997924e-13,2.917110997202599e-13
2010-08-02T00:00:00.0,0.0,0.0,0.0,0.0,0.0,0.0,0.0,0.0,0.0,0.0,0.11778274463394803,0.0,0.0,0.0016409295033307785,0.0,5.83577017749786,1.6854925276600765,0.1194236741372788,0.0012042438732436855,0.0,0.0,0.0,0.0,0.0,0.0012042438732436855,1.1253225977617543e-5,1079.8641678495646,1079.9851897263698,-2.2296053892034706e-13,-1.3378187446733136e-13
2010-08-03T00:00:00.0,0.0,0.0,0.0,0.0,0.0,0.0,0.0,0.0,0.0,0.0,0.11555449011689362,0.0,0.0,0.001620312752788633,0.0,5.8371932077872986,1.687259988433072,0.11717480286968225,0.001192373417967701,0.0,0.0,0.0,0.0,0.0,0.001192373417967701,1.1253225977617543e-5,1079.7447329222014,1079.8645618083592,1.6014967130217883e-14,1.8693380177126073e-14
2010-08-04T00:00:00.0,0.0,0.0,0.0,0.0,0.0,0.0,0.0,0.0,0.0,0.0,0.11342249922830039,0.0,0.0,0.0016001702781818393,0.0,5.838614140398959,1.6890590880292928,0.11502266950648223,0.0011806210756951853,0.0,0.0,0.0,0.0,0.0,0.0011806210756951853,1.1253225977617543e-5,1079.6275468661056,1079.7461946320716,1.0129397320923772e-13,-2.9781732635569824e-14
2010-08-05T00:00:00.0,0.0,0.0,0.0,0.0,0.0,0.0,0.0,0.0,0.0,0.0,0.11137977763312028,0.0,0.0,0.001580478942358076,0.0,5.840030459362949,1.690889154093016,0.11296025657547835,0.0011689856711821177,0.0,0.0,0.0,0.0,0.0,0.0011689856711821177,1.1253225977617543e-5,1079.5125129433732,1079.6299913414894,-2.3217539002473586e-14,5.69266855876549e-14
2010-08-06T00:00:00.0,0.0,0.0,0.0,0.0,0.0,0.0,0.0,0.0,0.0,0.0,0.10941992290018145,0.0,0.0,0.0015612170335835935,0.0,5.8414396185383,1.6927495194544289,0.11098113993376504,0.0011574660408783513,0.0,0.0,0.0,0.0,0.0,0.0011574660408783513,1.1253225977617543e-5,1079.3995414335718,1079.515862099243,-1.0112743975554395e-13,-1.9743928714177628e-13
2010-08-07T00:00:00.0,0.0,0.0,0.0,0.0,0.0,0.0,0.0,0.0,0.0,0.0,0.10753705971386494,0.0,0.0,0.0015423641509136258,0.0,5.842839041698555,1.6946395226519144,0.10907942386477856,0.001146061032811255,0.0,0.0,0.0,0.0,0.0,0.001146061032811255,1.1253225977617543e-5,1079.288549040412,1079.403723493268,1.6150969450734465e-13,2.622624339920776e-13
2010-08-08T00:00:00.0,0.0,0.0,0.0,0.0,0.0,0.0,0.0,0.0,0.0,0.0,0.10572578329759821,0.0,0.0,0.0015239011002186925,0.0,5.8442261224855105,1.6965585084039367,0.1072496843978169,0.0011347695064705186,0.0,0.0,0.0,0.0,0.0,0.0011347695064705186,1.1253225977617543e-5,1079.1794583633211,1079.2934980083705,6.078471059822732e-15,-1.3450351943333771e-13
2010-08-09T00:00:00.0,0.0,0.0,0.0,0.0,0.0,0.0,0.0,0.0,0.0,0.0,0.10398110985965418,0.0,0.0,0.001505809799744607,0.0,5.845598224233174,1.6985058280315701,0.10548691965939878,0.0011235903326940978,0.0,0.0,0.0,0.0,0.0,0.0011235903326940978,1.1253225977617543e-5,1079.0721974256974,1079.1851135544662,-1.6653345369377348e-14,7.649436639667329e-14
2010-08-10T00:00:00.0,0.0,0.0,0.0,0.0,0.0,0.0,0.0,0.0,0.0,0.0,0.10229843308618704,0.0,0.0,0.0014880731941979604,0.0,5.846952679664088,1.7004808398328188,0.103786506280385,0.001112522393555299,0.0,0.0,0.0,0.0,0.0,0.001112522393555299,1.1253225977617543e-5,1078.966699252812,1079.0785030444742,-8.555656183517613e-14,-1.687677775308316e-13
2010-08-11T00:00:00.0,0.0,0.0,0.0,0.0,0.0,0.0,0.0,0.0,0.0,0.0,0.10067348581341679,0.0,0.0,0.001470675176458716,0.0,5.84828679046057,1.7024829094099698,0.1021441609898755,0.001101564582250985,0.0,0.0,0.0,0.0,0.0,0.001101564582250985,1.1253225977617543e-5,1078.8629014933058,1078.9736040158002,-8.415490526658687e-14,8.604228440844963e-14
2010-08-12T00:00:00.0,0.0,0.0,0.0,0.0,0.0,0.0,0.0,0.0,0.0,0.0,0.09910230618899224,0.0,0.0,0.0014536005161526378,0.0,5.849597826713399,1.7045114099512535,0.10055590670514487,0.0010907158029908953,0.0,0.0,0.0,0.0,0.0,0.0010907158029908953,1.1253225977617543e-5,1078.76074607909,1078.8703582902283,-9.475753515175711e-14,-2.0279611323559266e-13
2010-08-13T00:00:00.0,0.0,0.0,0.0,0.0,0.0,0.0,0.0,0.0,0.0,0.0,0.09758120771217214,0.0,0.0,0.0014368347943742585,0.0,5.850883026250613,1.7065657224681658,0.0990180425065464,0.0010799749708880616,0.0,0.0,0.0,0.0,0.0,0.0010799749708880616,1.1253225977617543e-5,1078.6601789191589,1078.76871166772,6.56558141187702e-14,1.337263633161001e-13
2010-08-14T00:00:00.0,0.0,0.0,0.0,0.0,0.0,0.0,0.0,0.0,0.0,0.0,0.09610675264368879,0.0,0.0,0.0014203643439508287,0.0,5.852139593849384,1.7086452359898294,0.09752711698763962,0.0010693410118503238,0.0,0.0,0.0,0.0,0.0,0.0010693410118503238,1.1253225977617543e-5,1078.5611496234262,1078.6686136502426,1.1061984661608903e-13,-1.3156142841808105e-14
2010-08-15T00:00:00.0,0.0,0.0,0.0,0.0,0.0,0.0,0.0,0.0,0.0,0.0,0.09467572834908008,0.0,0.0,0.0014041761946930902,0.0,5.8533647003338,1.7107493477157758,0.09607990454377317,0.0010588128624729153,0.0,0.0,0.0,0.0,0.0,0.0010588128624729153,1.1253225977617543e-5,1078.4636112532125,1078.570017192243,5.2388648974499574e-14,2.982336599899327e-14
2010-08-16T00:00:00.0,0.0,0.0,0.0,0.0,0.0,0.0,0.0,0.0,0.0,0.0,0.09328512620101279,0.0,0.0,0.0013882580231498166,0.0,5.854555481561654,1.7128774631285844,0.0946733842241626,0.0010483894699321256,0.0,0.0,0.0,0.0,0.0,0.0010483894699321256,1.1253225977617543e-5,1078.3675200954428,1078.4728784748368,-4.4672598953354736e-14,7.77572450871844e-14
2010-08-17T00:00:00.0,0.0,0.0,0.0,0.0,0.0,0.0,0.0,0.0,0.0,0.0,0.09193212271598691,0.0,0.0,0.0013725981064236724,0.0,5.8557090373033365,1.7150289960677814,0.09330472082241059,0.0010380697918800147,0.0,0.0,0.0,0.0,0.0,0.0010380697918800147,1.1253225977617543e-5,1078.272835457993,1078.3771567011431,-3.9479530755670567e-13,-4.547473508864641e-13
2010-08-18T00:00:00.0,0.0,0.0,0.0,0.0,0.0,0.0,0.0,0.0,0.0,0.0,0.09061406266065763,0.0,0.0,0.0013571852796722742,0.0,5.856822430016036,1.7172033687664263,0.0919712479403299,0.0010278527963401775,0.0,0.0,0.0,0.0,0.0,0.0010278527963401775,1.1253225977617543e-5,1078.1795194839447,1078.2828139105288,4.884981308350689e-14,9.159339953157541e-16
2010-08-19T00:00:00.0,40.0,40.0,0.0,1.565815432252749,0.0,38.43418456774725,0.0,0.0,38.43418456774725,0.0,0.0654509398839711,1.5658154322527493,0.0,0.001204420099985667,0.0,5.8578926835164955,1.2598041779525075,1.632470792236706,0.0010177374616045455,0.0,0.0,38.43418456774725,0.0,0.0,0.0010177374616045455,1.1253225977617543e-5,1078.0875369827781,1078.1898148097919,2.0500268149703516e-13,2.9073965457371287e-13
2010-08-20T00:00:00.0,40.0,40.0,0.0,1.5620313299899953,0.0,38.43796867001001,0.0,0.0,38.43796867001001,0.0,1.2525646469619247,1.5620313299899953,0.0,0.07356968999800084,0.0,5.8351880699399725,1.2525646469619252,2.888165666949921,0.0010077227761314568,0.0,0.0,38.43796867001922,0.0,0.0,0.0010077227761314568,1.1253225977620245e-5,1116.4550549373153,1116.5563262800933,2.1316282072803006e-13,2.1316282072803006e-13
2010-08-21T00:00:00.0,40.0,40.0,0.0,1.5365512537871682,0.0,38.46344874621283,0.0,0.0,38.46344874621283,0.0,1.2026309696815776,1.5365512537871682,0.0,0.504153908271867,0.0,5.68230761272301,1.2026309696815778,3.2433361317406124,2.2671849388019107,0.0,0.0,38.46344874621543,2.2661871310634667,0.0,0.0009978077384433608,1.125322597761829e-5,1153.528623663263,1153.628898536491,0.03825435388553444,0.03825435387621212
2010-08-22T00:00:00.0,40.0,40.0,0.0,1.5315091712534155,0.0,38.46849082874658,0.0,0.0,38.46849082874658,0.0,1.194194022481411,1.5315091712534152,0.0,0.5888857621213683,0.0,5.652055117520493,1.194194022481411,3.3145889558561947,14.933402857008016,0.0,0.0,38.468490828753254,14.932414865650987,0.0,0.0009879913570289226,1.1253225977619508e-5,1187.3785779497402,1187.4778662684557,0.6405111974953215,0.6405111974928275
2010-08-23T00:00:00.0,40.0,40.0,0.0,1.5316857618351498,0.0,38.46831423816485,0.0,0.0,38.46831423816485,0.0,1.1958270881464264,1.53168576183515,0.0,0.5888606307885544,0.0,5.6531146610109,1.1958270881464266,3.316373480770131,14.247117348022838,0.0,0.0,38.468314238164155,14.24613907537259,0.0,0.0009782726502412474,1.125322597761735e-5,1208.779771030294,1208.8780826108782,0.3517918447198696,0.3517918447133077
2010-08-24T00:00:00.0,40.0,40.0,0.0,1.531853868874464,0.0,38.468146131125536,0.0,0.0,38.468146131125536,0.0,1.19747274400136,1.531853868874464,0.0,0.5888234452555264,0.0,5.654123303246785,1.19747274400136,3.3181500581313506,10.888247043473212,0.0,0.0,38.468146131130375,10.887278392827007,0.0,0.000968650646202178,1.1253225977618956e-5,1230.9613224145828,1231.0586669757429,0.2559248063416817,0.25592480634236026
2010-08-25T00:00:00.0,40.0,40.0,0.0,1.5320129914035265,0.0,38.467987008596474,0.0,0.0,38.467987008596474,0.0,1.1991305438592432,1.5320129914035263,0.0,0.5887736617693318,0.0,5.655078038421159,1.1991305438592428,3.319917197032101,12.536520700870808,0.0,0.0,38.467987008595436,12.535561576488107,0.0,0.0009591243827026794,1.125322597761724e-5,1256.123633557726,1256.220020721466,0.6322491526773604,0.6322491526723475
2010-08-26T00:00:00.0,40.0,40.0,0.0,1.5321626210006298,0.0,38.46783737899937,0.0,0.0,38.46783737899937,0.0,1.200800045141524,1.53216262100063,0.0,0.5887107268279042,0.0,5.65597581600378,1.2008000451415237,3.3216733929700584,11.002160175361842,0.0,0.0,38.467837379001644,11.00121048245473,0.0,0.0009496929071089778,1.1253225977618202e-5,1279.8878781844278,1279.983317477011,0.3802653465509387,0.38026534655202227
2010-08-27T00:00:00.0,40.0,40.0,0.0,1.5323022414773912,0.0,38.46769775852261,0.0,0.0,38.46769775852261,0.0,1.202480808626095,1.5323022414773908,0.0,0.5886340768448971,0.0,5.656813538864347,1.2024808086260952,3.323417126948383,9.642966791657543,0.0,0.0,38.46769775852578,9.642026436381279,0.0,0.0009403552762653647,1.1253225977618474e-5,1305.0860474207916,1305.1805482736936,0.4789356349876961,0.4789356349855396
2010-08-28T00:00:00.0,40.0,40.0,0.0,1.5324313285551396,0.0,38.46756867144486,0.0,0.0,38.46756867144486,0.0,1.2041723981743686,1.5324313285551396,0.0,0.5885431378046063,0.0,5.657588061330837,1.204172398174369,3.3251468645341147,11.895618827641716,0.0,0.0,38.467568671451986,11.894687717085315,0.0,0.0009311105564011077,1.1253225977619637e-5,1331.4634622165336,1331.5570339673855,0.6571303877055605,0.6571303877022245
2010-08-29T00:00:00.0,40.0,40.0,0.0,1.532549349531193,0.0,38.467450650468805,0.0,0.0,38.467450650468805,0.0,1.2058743804380703,1.5325493495311935,0.0,0.5884373249077002,0.0,5.658296187187159,1.2058743804380703,3.3268610548769635,12.468336607970608,0.0,0.0,38.46745065046447,12.46741465014757,0.0,0.0009219578230360722,1.1253225977616279e-5,1355.712435398685,1355.8050872922065,0.5311809830101879,0.5311809830031109
2010-08-30T00:00:00.0,40.0,40.0,0.0,1.5326557629357465,0.0,38.46734423706425,0.0,0.0,38.46734423706425,0.0,1.2075863245463578,1.532655762935746,0.0,0.5883160422085196,0.0,5.658934667614478,1.2075863245463578,3.3285581296906237,10.501128290117554,0.0,0.0,38.467344237070826,10.500215393956664,0.0,0.0009128961608902017,1.1253225977619467e-5,1379.757430816754,1379.8491720056784,0.16071762367616316,0.1607176236805543
2010-08-31T00:00:00.0,40.0,40.0,0.0,1.5327500181801132,0.0,38.46724998181989,0.0,0.0,38.46724998181989,0.0,1.2093078017738528,1.5327500181801132,0.0,0.588178682244769,0.0,5.659500199080679,1.209307801773853,3.3302365021987352,10.30918977479078,0.0,0.0,38.46724998181972,10.308285850126996,0.0,0.000903924663788774,1.1253225977617495e-5,1405.6023050304573,1405.6931445764467,0.3263410094301271,0.3263410094235226
2010-09-01T00:00:00.0,40.0,40.0,0.0,1.5328315551971563,0.0,38.467168444802844,0.0,0.0,38.467168444802844,0.0,1.2110383851901516,1.5328315551971567,0.0,0.5880246256604835,0.0,5.659989421182939,1.2110383851901518,3.331894566047792,12.431944131335253,0.0,0.0,38.467168444808394,12.431049088900679,0.0,0.0008950424345753145,1.1253225977619169e-5,1431.5807231865151,1431.6706700610666,0.38304823839028046,0.38304823839053626
2010-09-02T00:00:00.0,40.0,40.0,0.0,1.5328998040747395,0.0,38.46710019592526,0.0,0.0,38.46710019592526,0.0,1.2127776492912992,1.532899804074739,0.0,0.587853240823218,0.0,5.660398914448436,1.2127776492912994,3.333530694189256,11.596466167126698,0.0,0.0,38.46710019593439,11.595579876336888,0.0,0.000886290789809444,0.00011382887426556261,1455.4701559535865,1455.5592190389295,0.34761232475969095,0.3476123247540457
2010-09-03T00:00:00.0,40.0,40.0,0.0,1.5329541846831367,0.0,38.467045815316865,0.0,0.0,38.467045815316865,0.0,1.2145251696137591,1.5329541846831372,0.0,0.5876638834365027,0.0,5.660725198098821,1.2145251696137591,3.335143237733399,1.0203478657626923,0.0,0.0,38.46704581531452,0.5834988296850437,0.0,0.436849036077648,68.9933995129838,1480.0198352152358,1480.1081258386632,0.5210963389594063,0.5210963389503611
2010-09-04T00:00:00.0,40.0,40.0,0.0,1.5329941062973769,0.0,38.46700589370262,0.0,0.0,38.46700589370262,0.0,1.2162805223312927,1.5329941062973766,0.0,0.5874558961486662,0.0,5.660964727784261,1.2162805223312927,3.3367305247773356,0.8663846112264177,0.0,0.0,38.46700589370367,0.0,0.0,0.8663846112264177,36.745436256154974,1446.8537738431355,1515.4986149434692,0.2540197916957396,0.2540197916979423
2010-09-05T00:00:00.0,0.0,0.0,0.0,0.0,0.0,0.0,0.0,0.0,0.0,0.0,1.670378680778978,0.0,0.0,0.6308208656116077,0.0,5.6611138932935,1.6703786807789782,2.3011995463905857,1.2093103924818867,0.0,0.0,0.0,0.0,0.0,1.2093103924818867,30.3915644150987,1446.771607062204,1551.2954998074663,1.3500311979441904e-13,-8.455458555545192e-13
2010-09-06T00:00:00.0,0.0,0.0,0.0,0.0,0.0,0.0,0.0,0.0,0.0,0.0,1.7013333702804867,0.0,0.0,0.4267361025635836,0.0,5.7307903743563,1.7013333702804874,2.12806947284407,1.4067325291753308,0.0,0.0,0.0,0.0,0.0,1.4067325291753308,13.960667885302179,1414.0788431007145,1547.7849898685936,3.268496584496461e-13,2.291500322826323e-13
2010-09-07T00:00:00.0,0.0,0.0,0.0,0.0,0.0,0.0,0.0,0.0,0.0,0.0,1.7263172006758905,0.0,0.0,0.26673919681038083,0.0,5.783857666126935,1.72631720067589,1.9930563974862712,1.5015727793729325,0.0,0.0,0.0,0.0,0.0,1.5015727793729325,8.754804345852028,1397.9901057425682,1544.250187866574,6.750155989720952e-14,2.5934809855243657e-13
2010-09-08T00:00:00.0,0.0,0.0,0.0,0.0,0.0,0.0,0.0,0.0,0.0,0.0,1.7448384066971854,0.0,0.0,0.15407644741227675,0.0,5.819735123155146,1.744838406697185,1.898914854109462,1.560876147307514,0.0,0.0,0.0,0.0,0.0,1.560876147307514,6.419913967006805,1387.24224499923,1540.755558689715,-1.474376176702208e-13,-1.9628743075372768e-13
2010-09-09T00:00:00.0,0.0,0.0,0.0,0.0,0.0,0.0,0.0,0.0,0.0,0.0,1.757209961035763,0.0,0.0,0.08577053562168283,0.0,5.84027890576365,1.7572099610357634,1.842980496657446,1.6020030675955477,0.0,0.0,0.0,0.0,0.0,1.6020030675955477,5.076001555728296,1378.9234161781137,1537.295767688298,4.618527782440651e-14,1.2434497875801753e-14
2010-09-10T00:00:00.0,0.0,0.0,0.0,0.0,0.0,0.0,0.0,0.0,0.0,0.0,1.7653709662776225,0.0,0.0,0.047365788687206034,0.0,5.850946138915593,1.7653709662776225,1.8127367549648286,1.6319123031297682,0.0,0.0,0.0,0.0,0.0,1.6319123031297682,4.196615741301875,1372.004434125728,1533.850784124045,-7.016609515630989e-14,-1.1368683772161603e-13
2010-09-11T00:00:00.0,0.0,0.0,0.0,0.0,0.0,0.0,0.0,0.0,0.0,0.0,1.7709365011768607,0.0,0.0,0.027072487595785684,0.0,5.855897528764598,1.7709365011768614,1.7980089887726465,1.654174612737829,0.0,0.0,0.0,0.0,0.0,1.654174612737829,3.5757528910331855,1365.9950816294613,1530.4061350659504,2.4868995751603507e-14,8.615330671091215e-14
2010-09-12T00:00:00.0,0.0,0.0,0.0,0.0,0.0,0.0,0.0,0.0,0.0,0.0,1.7749550043298403,0.0,0.0,0.017400123666585474,0.0,5.8576095742686904,1.7749550043298405,1.7923551279964258,1.6708905330607398,0.0,0.0,0.0,0.0,0.0,1.6708905330607398,3.1143526541553386,1360.6213197496556,1526.9539514644403,-1.616484723854228e-13,-3.610445276081009e-13
2010-09-13T00:00:00.0,0.0,0.0,0.0,0.0,0.0,0.0,0.0,0.0,0.0,0.0,1.778197630594625,0.0,0.0,0.013016898888838996,0.0,5.8576932997151285,1.7781976305946245,1.791214529483464,1.6834039012684812,0.0,0.0,0.0,0.0,0.0,1.6834039012684812,2.7576202050554808,1355.7146119675037,1523.4907058033828,1.3322676295501878e-13,3.33510996597397e-13
2010-09-14T00:00:00.0,0.0,0.0,0.0,0.0,0.0,0.0,0.0,0.0,0.0,0.0,1.7811416185707214,0.0,0.0,0.010696280918267303,0.0,5.857064422560282,1.7811416185707212,1.7918378994889888,1.692628486756456,0.0,0.0,0.0,0.0,0.0,1.692628486756456,2.473970541624635,1351.165777232965,1520.016087372631,-1.580957587066223e-13,-2.8377300509419e-13
2010-09-15T00:00:00.0,0.0,0.0,0.0,0.0,0.0,0.0,0.0,0.0,0.0,0.0,1.783966665280344,0.0,0.0,0.009231860832070091,0.0,5.856054453174394,1.783966665280344,1.7931985261124141,1.6992126887703527,0.0,0.0,0.0,0.0,0.0,1.6992126887703527,2.242579824544643,1346.8999687918513,1516.5316209863856,5.3290705182007514e-14,1.3322676295501878e-14
2010-09-16T00:00:00.0,0.0,0.0,0.0,0.0,0.0,0.0,0.0,0.0,0.0,0.0,1.7867403766760521,0.0,0.0,0.00816993710036183,0.0,5.854783546158547,1.7867403766760523,1.794910313776414,1.703633789048377,0.0,0.0,0.0,0.0,0.0,1.703633789048377,2.050498539947246,1342.8641904411952,1513.039209771504,-9.841016890277388e-13,-1.0538236949741986e-12
2010-09-17T00:00:00.0,0.0,0.0,0.0,0.0,0.0,0.0,0.0,0.0,0.0,0.0,1.7894918978128072,0.0,0.0,0.0073139875383509976,0.0,5.853300425838671,1.789491897812807,1.7968058853511581,1.7062554953099571,0.0,0.0,0.0,0.0,0.0,1.7062554953099571,1.8883819348477153,1339.0187815874722,1509.5406656686796,-6.31050767196939e-13,-4.654054919228656e-13
2010-09-18T00:00:00.0,0.0,0.0,0.0,0.0,0.0,0.0,0.0,0.0,0.0,0.0,1.7922298611254703,0.0,0.0,0.006603049521369036,0.0,5.851616944481363,1.7922298611254708,1.7988329106468395,1.707359305861113,0.0,0.0,0.0,0.0,0.0,1.707359305861113,1.7496989370952354,1335.3335937672741,1506.0376042880193,-8.211209490127658e-13,-8.593126210598712e-13
2010-09-19T00:00:00.0,0.0,0.0,0.0,0.0,0.0,0.0,0.0,0.0,0.0,0.0,1.794957193318302,0.0,0.0,0.006013726482945212,0.0,5.849734711861248,1.7949571933183024,1.8009709198012471,1.7071688157899356,0.0,0.0,0.0,0.0,0.0,1.7071688157899356,1.629721925797425,1331.7850619195328,1502.531412071512,-7.87370169064161e-13,-6.368239269249898e-13
2010-09-20T00:00:00.0,0.0,0.0,0.0,0.0,0.0,0.0,0.0,0.0,0.0,0.0,1.797678989139976,0.0,0.0,0.005509135657896375,0.0,5.847658490460986,1.7976789891399756,1.8031881247978725,1.7058645461671562,0.0,0.0,0.0,0.0,0.0,1.7058645461671562,1.5249123934952376,1328.354369073935,1499.0232723359218,-8.397726958264684e-13,-9.343636975245317e-13
2010-09-21T00:00:00.0,0.0,0.0,0.0,0.0,0.0,0.0,0.0,0.0,0.0,0.0,1.8003993241214409,0.0,0.0,0.005059481624592435,0.0,5.845390853258408,1.8003993241214409,1.8054588057460332,1.7035944584392972,0.0,0.0,0.0,0.0,0.0,1.7035944584392972,1.4325625191379008,1325.0262685556427,1495.5142196649574,-7.789324740770098e-13,-6.634692795159935e-13
2010-09-22T00:00:00.0,0.0,0.0,0.0,0.0,0.0,0.0,0.0,0.0,0.0,0.0,1.8031184794600805,0.0,0.0,0.004659412754170683,0.0,5.842927908138462,1.8031184794600807,1.8077778922142511,1.700481123998928,0.0,0.0,0.0,0.0,0.0,1.700481123998928,1.3505515872114573,1321.7882472307592,1492.0051664007726,-4.862776847858186e-13,-5.444533712761768e-13
2010-09-23T00:00:00.0,0.0,0.0,0.0,0.0,0.0,0.0,0.0,0.0,0.0,0.0,1.7690655078645032,0.0,0.0,0.004318419739713589,0.0,5.840264981167929,1.8058363281118002,1.773383927604217,1.6966273008069437,0.0,0.0,0.0,0.0,0.0,1.6966273008069437,1.2772416045582287,1318.6299177513342,1488.4969073845602,-7.158718062783009e-13,-8.01136934569513e-13
2010-09-24T00:00:00.0,0.0,0.0,0.0,0.0,0.0,0.0,0.0,0.0,0.0,0.0,1.6754068437898484,0.0,0.0,0.004034288860987853,0.0,5.837398292024106,1.808553399650228,1.6794411326508363,1.6921202324053557,0.0,0.0,0.0,0.0,0.0,1.6921202324053557,1.2113329768733883,1315.5792922191727,1485.0268961561499,-8.704148513061227e-13,-7.753797603982093e-13
2010-09-25T00:00:00.0,0.0,0.0,0.0,0.0,0.0,0.0,0.0,0.0,0.0,0.0,1.5777308254994695,0.0,0.0,0.0037851790162736773,0.0,5.834322822158159,1.8112695176672224,1.5815160045157433,1.6870345790307928,0.0,0.0,0.0,0.0,0.0,1.6870345790307928,1.1517594851906368,1312.688518109649,1481.6553347910944,-6.337153024560394e-13,-7.789324740770098e-13
2010-09-26T00:00:00.0,0.0,0.0,0.0,0.0,0.0,0.0,0.0,0.0,0.0,0.0,1.4881705744736382,0.0,0.0,0.003565863912289779,0.0,5.831033427507968,1.8139844946290176,1.491736438385928,1.6814346254632253,0.0,0.0,0.0,0.0,0.0,1.6814346254632253,1.0976457069363168,1309.9552426199434,1478.3867842075485,-7.323031070427533e-13,-6.332712132461893e-13
2010-09-27T00:00:00.0,0.0,0.0,0.0,0.0,0.0,0.0,0.0,0.0,0.0,0.0,1.3951326673444928,0.0,0.0,0.0033754283405989295,0.0,5.827525440220805,1.8166985438267844,1.3985080956850917,1.6753761193158838,0.0,0.0,0.0,0.0,0.0,1.6753761193158838,1.0482731958417908,1307.3658604746217,1475.2136131436998,-5.662137425588298e-13,-4.405364961712621e-13
2010-09-28T00:00:00.0,0.0,0.0,0.0,0.0,0.0,0.0,0.0,0.0,0.0,0.0,1.298978153153544,0.0,0.0,0.003208247523168464,0.0,5.82379425871235,1.8194120284549065,1.3021864006767125,1.6689077355862183,0.0,0.0,0.0,0.0,0.0,1.6689077355862183,1.0030447124224329,1304.9190791830956,1472.1397289286997,-7.607248164731573e-13,-8.411049634560186e-13
2010-09-29T00:00:00.0,0.0,0.0,0.0,0.0,0.0,0.0,0.0,0.0,0.0,0.0,1.2119471659673167,0.0,0.0,0.003057160137964315,0.0,5.819834820353591,1.822125101543481,1.215004326105281,1.6620722130145418,0.0,0.0,0.0,0.0,0.0,1.6620722130145418,0.9614581023285733,1302.613848069997,1469.1686347924372,-4.747313653297169e-13,-3.943512183468556e-13
2010-09-30T00:00:00.0,0.0,0.0,0.0,0.0,0.0,0.0,0.0,0.0,0.0,0.0,1.1386105761071441,0.0,0.0,0.0029186732720204722,0.0,5.81564158605311,1.8248376762894225,1.1415292493791647,1.6549072701205718,0.0,0.0,0.0,0.0,0.0,1.6549072701205718,0.9230893852383872,1300.4373856415637,1466.2915582533178,-5.577760475716786e-13,-4.791722574282176e-13
2010-10-01T00:00:00.0,0.0,0.0,0.0,0.0,0.0,0.0,0.0,0.0,0.0,0.0,1.0745056516644345,0.0,0.0,0.00279191056490491,0.0,5.811208757220368,1.8275495632425385,1.0772975622293395,1.647446363863413,0.0,0.0,0.0,0.0,0.0,1.647446363863413,0.8875791244710091,1298.3727670069468,1463.4951217338187,-6.883382752675971e-13,-5.977440764581843e-13
2010-10-02T00:00:00.0,0.0,0.0,0.0,0.0,0.0,0.0,0.0,0.0,0.0,0.0,1.0143363572850648,0.0,0.0,0.0026761323541230723,0.0,5.806530368264158,1.8302605289508171,1.0170124896391879,1.6397193120001934,0.0,0.0,0.0,0.0,0.0,1.6397193120001934,0.8546202256463867,1296.407890320247,1460.7703778077264,-4.671818487622659e-13,-4.649614027130156e-13
2010-10-03T00:00:00.0,0.0,0.0,0.0,0.0,0.0,0.0,0.0,0.0,0.0,0.0,0.9559664224418128,0.0,0.0,0.0025700058189528623,0.0,5.801600283510375,1.8329702875175682,0.9585364282607657,1.6317527984625042,0.0,0.0,0.0,0.0,0.0,1.6317527984625042,0.823948014109131,1294.5362576049617,1458.1136460060875,-4.154454558147336e-13,-4.831690603168681e-13
2010-10-04T00:00:00.0,0.0,0.0,0.0,0.0,0.0,0.0,0.0,0.0,0.0,0.0,0.900524121076897,0.0,0.0,0.0024718121357116775,0.0,5.796412191332901,1.8356784880638686,0.9029959332126087,1.623570787948578,0.0,0.0,0.0,0.0,0.0,1.623570787948578,0.7953328543624859,1292.7537731625926,1455.5233567793648,-7.009948177483238e-13,-5.808686864838819e-13
2010-10-05T00:00:00.0,0.0,0.0,0.0,0.0,0.0,0.0,0.0,0.0,0.0,0.0,0.8500570469838337,0.0,0.0,0.0023800040927808995,0.0,5.790959616326259,1.8383847140781637,0.8524370510766146,1.615194872850305,0.0,0.0,0.0,0.0,0.0,1.615194872850305,0.7685746090715181,1291.055444375018,1452.9967900582042,-4.847233725513433e-13,-5.524469770534779e-13
2010-10-06T00:00:00.0,0.0,0.0,0.0,0.0,0.0,0.0,0.0,0.0,0.0,0.0,0.8054009244608997,0.0,0.0,0.0022935484548591263,0.0,5.785235945918913,1.8410884935611438,0.8076944729157588,1.6066445674801202,0.0,0.0,0.0,0.0,0.0,1.6066445674801202,0.7434981841910979,1289.43443271487,1450.5291581342774,-9.037215420448774e-14,-1.4566126083082054e-13
2010-10-07T00:00:00.0,0.0,0.0,0.0,0.0,0.0,0.0,0.0,0.0,0.0,0.0,0.7659600626481766,0.0,0.0,0.0022118418962463896,0.0,5.779234459349923,1.8437893116177821,0.768171904544423,1.597937558775863,0.0,0.0,0.0,0.0,0.0,1.597937558775863,0.7199497904836767,1287.8832400577635,1448.114819093882,-4.445332990599127e-13,-5.173639294753229e-13
2010-10-08T00:00:00.0,0.0,0.0,0.0,0.0,0.0,0.0,0.0,0.0,0.0,0.0,0.7304882923295158,0.0,0.0,0.002134484438666995,0.0,5.772948350605897,1.846486618665009,0.7326227767681829,1.5890899203634306,0.0,0.0,0.0,0.0,0.0,1.5890899203634306,0.6977938064069503,1286.3951183627357,1445.748709630562,-3.4217073618947325e-13,-2.1405099914773018e-13
2010-10-09T00:00:00.0,0.0,0.0,0.0,0.0,0.0,0.0,0.0,0.0,0.0,0.0,0.6977554705063258,0.0,0.0,0.0020611303103099375,0.0,5.766370745964343,1.8491798340059782,0.6998166008166358,1.5801162959967179,0.0,0.0,0.0,0.0,0.0,1.5801162959967179,0.6769101740357898,1284.964701779561,1443.4269969334307,-3.863576125695545e-13,-3.526068326209497e-13
2010-10-10T00:00:00.0,0.0,0.0,0.0,0.0,0.0,0.0,0.0,0.0,0.0,0.0,0.6668756683732994,0.0,0.0,0.00199142769230793,0.0,5.7594947197395,1.8518683471234345,0.6688670960656073,1.571030057546485,0.0,0.0,0.0,0.0,0.0,1.571030057546485,0.6571922372736687,1283.5879750047088,1441.1470640366176,-2.6645352591003757e-13,-2.744471316873387e-13
2010-10-11T00:00:00.0,0.0,0.0,0.0,0.0,0.0,0.0,0.0,0.0,0.0,0.0,0.637398402404119,0.0,0.0,0.001925007484775075,0.0,5.75231331047127,1.8545515182721313,0.6393234098888941,1.5618434417214548,0.0,0.0,0.0,0.0,0.0,1.5618434417214548,0.6385449304301998,1282.26191567137,1438.907166883006,-3.8613556796462944e-13,-5.555556015224283e-13
2010-10-12T00:00:00.0,0.0,0.0,0.0,0.0,0.0,0.0,0.0,0.0,0.0,0.0,0.6092460458202119,0.0,0.0,0.0018614966908969978,0.0,5.74481953844597,1.857228678997338,0.6111075425111089,1.5525676688535304,0.0,0.0,0.0,0.0,0.0,1.5525676688535304,0.6208832481578754,1280.984047331051,1436.706000031396,-1.4765966227514582e-13,-1.5276668818842154e-13
2010-10-13T00:00:00.0,0.0,0.0,0.0,0.0,0.0,0.0,0.0,0.0,0.0,0.0,0.582980631771406,0.0,0.0,0.0018003395177965801,0.0,5.7370064248578485,1.8603268461189495,0.5847809712892026,1.5432130464789715,0.0,0.0,0.0,0.0,0.0,1.5432130464789715,0.6041309501207907,1279.7520565403825,1434.5423248200316,-4.5141668181258865e-13,-3.3217872896784684e-13
2010-10-14T00:00:00.0,0.0,0.0,0.0,0.0,0.0,0.0,0.0,0.0,0.0,0.0,0.5594410346422675,0.0,0.0,0.001771907564310849,0.0,5.7520644000369945,1.8679810455303811,0.5612129422065784,1.5337890600181048,0.0,0.0,0.0,0.0,0.0,1.5337890600181048,0.5882194642535066,1278.5631446189727,1432.4143308022637,-2.6689761511988763e-13,-3.4150460237469815e-13
2010-10-15T00:00:00.0,0.0,0.0,0.0,0.0,0.0,0.0,0.0,0.0,0.0,0.0,0.537639258053104,0.0,0.0,0.0017500107104604376,0.0,5.771133304798397,1.8763069882001058,0.5393892687635644,1.5243044524901534,0.0,0.0,0.0,0.0,0.0,1.5243044524901534,0.573086955177254,1277.413712212513,1430.3193288000393,-3.7547742692822794e-13,-2.6423307986078726e-13
2010-10-16T00:00:00.0,0.0,0.0,0.0,0.0,0.0,0.0,0.0,0.0,0.0,0.0,0.5175490430065427,0.0,0.0,0.0017293915099835496,0.0,5.790446443521932,1.8847300531303883,0.5192784345165262,1.5147672948577893,0.0,0.0,0.0,0.0,0.0,1.5147672948577893,0.5586775267253085,1276.3012359885724,1428.2556350787859,-2.4291679778798425e-13,-2.602362769721367e-13
2010-10-17T00:00:00.0,0.0,0.0,0.0,0.0,0.0,0.0,0.0,0.0,0.0,0.0,0.49964566643150454,0.0,0.0,0.0017096946737938223,0.0,5.810004669946963,1.8938411734558533,0.5013553611052983,1.505185048294999,0.0,0.0,0.0,0.0,0.0,1.505185048294999,0.5449405327536656,1275.2232800273307,1426.2215893494117,-9.325873406851315e-14,-1.5898393712632242e-13
2010-10-18T00:00:00.0,0.0,0.0,0.0,0.0,0.0,0.0,0.0,0.0,0.0,0.0,0.48288721754534153,0.0,0.0,0.001691230471318479,0.0,5.829808574894359,1.902781837305982,0.48457844801666,1.4955646194358734,0.0,0.0,0.0,0.0,0.0,1.4955646194358734,0.5318299772716224,1274.176984133472,1424.2150489400117,-1.949551631241775e-13,-2.660094367001875e-13
2010-10-19T00:00:00.0,0.0,0.0,0.0,0.0,0.0,0.0,0.0,0.0,0.0,0.0,0.46733920939458234,0.0,0.0,0.0016738139999336755,0.0,5.849858461979521,1.911822290511772,0.469013023394516,1.4859124094942198,0.0,0.0,0.0,0.0,0.0,1.4859124094942198,0.5193039909319762,1273.1605757081838,1422.2349058725595,-1.91402449445377e-13,-3.1530333899354446e-13
2010-10-20T00:00:00.0,0.0,0.0,0.0,0.0,0.0,0.0,0.0,0.0,0.0,0.0,0.4528026366448544,0.0,0.0,0.0016573880692670518,0.0,5.870154321503415,1.9209622899946273,0.45446002471412145,1.4762343580266208,0.0,0.0,0.0,0.0,0.0,1.4762343580266208,0.5073243746323097,1272.1722586938577,1420.279980439671,-3.0730973321624333e-13,-1.7763568394002505e-13
2010-10-21T00:00:00.0,0.0,0.0,0.0,0.0,0.0,0.0,0.0,0.0,0.0,0.0,0.4391037606181615,0.0,0.0,0.0016418984492545035,0.0,5.890695803016792,1.9302014432202783,0.440745659067416,1.466535982020898,0.0,0.0,0.0,0.0,0.0,1.466535982020898,0.4958562024935252,1271.2104742945114,1418.3492860569304,-1.8818280267396403e-13,-2.3026025530725747e-13
2010-10-22T00:00:00.0,0.0,0.0,0.0,0.0,0.0,0.0,0.0,0.0,0.0,0.0,0.4261016087740107,0.0,0.0,0.0016272924564027821,0.0,5.911482186348905,1.939539196271643,0.4277289012304135,1.4568224109101535,0.0,0.0,0.0,0.0,0.0,1.4568224109101535,0.4848674767658624,1270.2738724329506,1416.4420044158423,-1.3855583347321954e-13,-2.6623148130511254e-13
2010-10-23T00:00:00.0,0.0,0.0,0.0,0.0,0.0,0.0,0.0,0.0,0.0,0.0,0.41369110912067386,0.0,0.0,0.0016135182777507475,0.0,5.932512351135155,1.9489748213111042,0.4153046273984246,1.4470984180326585,0.0,0.0,0.0,0.0,0.0,1.4470984180326585,0.4743288272719923,1269.3612760549545,1414.5574531037018,-1.5198953207118393e-13,-6.505906924303417e-14
2010-10-24T00:00:00.0,0.0,0.0,0.0,0.0,0.0,0.0,0.0,0.0,0.0,0.0,0.40180112801027895,0.0,0.0,0.0016005250159635861,0.0,5.953784744842223,1.9585074034387375,0.40340165302624253,1.4373684489807594,0.0,0.0,0.0,0.0,0.0,1.4373684489807594,0.4642132484046465,1268.4716426002842,1412.695050058271,-1.4233059175694507e-13,-1.454392162258955e-13
2010-10-25T00:00:00.0,0.0,0.0,0.0,0.0,0.0,0.0,0.0,0.0,0.0,0.0,0.3903905927236293,0.0,0.0,0.0015882629617989313,0.0,5.97529734929821,1.968135826955721,0.39197885568542823,1.4276366472120614,0.0,0.0,0.0,0.0,0.0,1.4276366472120614,0.45449586755866955,1267.6040276988535,1410.854279956264,-2.1893598045608087e-13,-1.021405182655144e-13
2010-10-26T00:00:00.0,0.0,0.0,0.0,0.0,0.0,0.0,0.0,0.0,0.0,0.0,0.3794409329881107,0.0,0.0,0.0015766842823417542,0.0,5.997047645742605,1.9778587610430423,0.38101761727045247,1.4179068772370436,0.0,0.0,0.0,0.0,0.0,1.4179068772370436,0.44515373999840735,1266.7575529756095,1409.0346644533665,-9.736655925962623e-14,-1.2434497875801753e-14
2010-10-27T00:00:00.0,0.0,0.0,0.0,0.0,0.0,0.0,0.0,0.0,0.0,0.0,0.36894798914912597,0.0,0.0,0.0015657436950180042,0.0,6.019032578425097,1.9876746448718072,0.37051373284414396,1.4081827456500593,0.0,0.0,0.0,0.0,0.0,1.4081827456500593,0.4361656662842387,1265.931381618341,1407.2357399588593,-3.1041835768519377e-13,-2.773337115513641e-13
2010-10-28T00:00:00.0,0.0,0.0,0.0,0.0,0.0,0.0,0.0,0.0,0.0,0.0,0.35891438412883364,0.0,0.0,0.0015553990153979427,0.0,6.041248516794003,1.9975816721647557,0.36046978314423156,1.3984676202342836,0.0,0.0,0.0,0.0,0.0,1.3984676202342836,0.42751202930874826,1265.1247022192128,1405.4570434803654,-2.398081733190338e-13,-3.1863400806741993e-13
