time,cum_d_prec,cum_d_rfal,cum_d_sfal,cum_d_rint,cum_d_sint,cum_d_rthr,cum_d_sthr,cum_d_rsno,cum_d_rnet,cum_d_smlt,cum_d_tran,cum_d_irvp,cum_d_isvp,cum_d_slvp,cum_d_snvp,cum_d_pint,cum_d_ptran,evap,flow,seep,srfl,slfl,byfl,dsfl,gwfl,vrfln,StorageSWAT,StorageWATER,BALERD_SWAT,BALERD_total
2010-01-01T00:00:00.0,0.0,0.0,0.0,0.0,0.0,0.0,0.0,0.0,0.0,0.0,0.0,0.0,0.0,0.0,0.0,0.0,0.0,0.0,0.0,0.0,0.0,0.0,0.0,0.0,0.0,0.0,1100.8514442354913,1101.8514442354913,0.0,0.0
2010-01-02T00:00:00.0,0.0,0.0,0.0,0.0,0.0,0.0,0.0,0.0,0.0,0.0,1.541093677683974,0.0,0.0,0.010628230561805322,0.0,5.052301917658028,1.541093677683974,1.5517219082457794,0.039016681759296463,0.009754170439824116,0.0,0.0,0.0,0.0,0.039016681759296463,1.1253225977617546e-5,1100.8514442354913,1101.8514442354913,0.0,0.0
2010-01-03T00:00:00.0,0.0,0.0,0.0,0.0,0.0,0.0,0.0,0.0,0.0,0.0,1.4199182588099233,0.0,0.0,0.005790052307305775,0.0,5.063614361959904,1.5469014872867237,1.425708311117229,0.037114254796868716,0.009278563699217179,0.0,0.0,0.0,0.0,0.037114254796868716,1.1253225977617522e-5,1099.2997110740193,1100.2509514750461,1.7252865802674933e-13,2.495781359357352e-13
2010-01-04T00:00:00.0,0.0,0.0,0.0,0.0,0.0,0.0,0.0,0.0,0.0,0.0,1.0923385039625666,0.0,0.0,0.004169771066259403,0.0,5.075600656683293,1.5525740784346704,1.096508275028826,0.035304610292244076,0.008826152573061019,0.0,0.0,0.0,0.0,0.035304610292244076,1.1253225977617543e-5,1097.8739915096762,1098.778850345433,-8.08242361927114e-14,-2.495781359357352e-13
2010-01-05T00:00:00.0,0.0,0.0,0.0,0.0,0.0,0.0,0.0,0.0,0.0,0.0,0.8731732801656825,0.0,0.0,0.003476188369252134,0.0,5.088496674303486,1.5585034105001752,0.8766494685349346,0.03358322319155902,0.008395805797889755,0.0,0.0,0.0,0.0,0.03358322319155902,1.1253225977617543e-5,1096.7774719814213,1097.6382113075388,1.2656542480726785e-13,1.5765166949677223e-13
2010-01-06T00:00:00.0,0.0,0.0,0.0,0.0,0.0,0.0,0.0,0.0,0.0,0.0,0.7282570587012605,0.0,0.0,0.003069038491163684,0.0,5.102356457832804,1.5648194490255303,0.7313260971924241,0.03194578913043125,0.007986447282607813,0.0,0.0,0.0,0.0,0.03194578913043125,1.1253225977617465e-5,1095.9008112596605,1096.7195828100143,-1.1246559239452836e-13,3.9968028886505635e-14
2010-01-07T00:00:00.0,0.0,0.0,0.0,0.0,0.0,0.0,0.0,0.0,0.0,0.0,0.6265379545529043,0.0,0.0,0.002793725760945494,0.0,5.117185889763457,1.5715526321728701,0.6293316803138498,0.030388213670807015,0.007597053417701754,0.0,0.0,0.0,0.0,0.030388213670807015,1.1253225977617465e-5,1095.169473909242,1095.948324476409,6.927791673660977e-14,-8.915090887740007e-14
2010-01-08T00:00:00.0,0.0,0.0,0.0,0.0,0.0,0.0,0.0,0.0,0.0,0.0,0.551346507408277,0.0,0.0,0.002592342228875231,0.0,5.132981145453232,1.5787121730538076,0.5539388496371522,0.02890660206273222,0.007226650515683055,0.0,0.0,0.0,0.0,0.02890660206273222,1.1253225977617465e-5,1094.5401309757021,1095.2810075290065,4.674038933671909e-14,1.1035616864774056e-13
2010-01-09T00:00:00.0,0.0,0.0,0.0,0.0,0.0,0.0,0.0,0.0,0.0,0.0,0.4934789958565331,0.0,0.0,0.00243752795447922,0.0,5.149735053129692,1.5863003481916125,0.4959165238110123,0.027497249505449663,0.006874312376362416,0.0,0.0,0.0,0.0,0.027497249505449663,1.1253225977617465e-5,1093.9861808728392,1094.6909354267912,-2.0239365738916604e-13,-2.227107387398064e-13
2010-01-10T00:00:00.0,0.0,0.0,0.0,0.0,0.0,0.0,0.0,0.0,0.0,0.0,0.44752255749356984,0.0,0.0,0.002314394331707917,0.0,5.1674387796564565,1.5943164807264723,0.4498369518252778,0.02615663188346733,0.0065391579708668325,0.0,0.0,0.0,0.0,0.02615663188346733,1.1253225977617543e-5,1093.490253095802,1094.1606473410982,2.0555779300934773e-13,1.488809076022335e-13
2010-01-11T00:00:00.0,0.0,0.0,0.0,0.0,0.0,0.0,0.0,0.0,0.0,0.0,0.4101033548323041,0.0,0.0,0.002214028351123368,0.0,5.186082422096826,1.6027583739348157,0.4123173831834275,0.024881396954433383,0.006220349238608346,0.0,0.0,0.0,0.0,0.024881396954433383,1.1253225977617543e-5,1093.0404048907508,1093.6781145994184,-1.6042722705833512e-14,1.216249323476859e-13
2010-01-12T00:00:00.0,0.0,0.0,0.0,0.0,0.0,0.0,0.0,0.0,0.0,0.0,0.3790132188001929,0.0,0.0,0.0021307130845700955,0.0,5.205655259857035,1.6116229221882454,0.381143931884763,0.023668355966785206,0.0059170889916963015,0.0,0.0,0.0,0.0,0.023668355966785206,1.1253225977617543e-5,1092.6280762543413,1093.234695470042,7.87148124459236e-14,1.0547118733938987e-14
2010-01-13T00:00:00.0,0.0,0.0,0.0,0.0,0.0,0.0,0.0,0.0,0.0,0.0,0.3527470901147356,0.0,0.0,0.002060584385603038,0.0,5.226145880234221,1.6209064052596207,0.3548076745003386,0.022514475686208853,0.005628618921552213,0.0,0.0,0.0,0.0,0.022514475686208853,1.1253225977617543e-5,1092.2469210692307,1092.8239660931988,-1.1185496973098452e-13,-7.988054662178001e-14
2010-01-14T00:00:00.0,0.0,0.0,0.0,0.0,0.0,0.0,0.0,0.0,0.0,0.0,0.3302438094080662,0.0,0.0,0.0020009204913391393,0.0,5.247542250182912,1.6306046442437765,0.33224472989940534,0.021416870810973487,0.005354217702743372,0.0,0.0,0.0,0.0,0.021416870810973487,1.1253225977617543e-5,1091.8921021415044,1092.4410153240908,-8.809619700400617e-14,-1.071365218763276e-13
2010-01-15T00:00:00.0,0.0,0.0,0.0,0.0,0.0,0.0,0.0,0.0,0.0,0.0,0.3107335217274548,0.0,0.0,0.0019497392595729925,0.0,5.2698317629299805,1.6407130909242158,0.31268326098702776,0.020372796757174173,0.005093199189293543,0.0,0.0,0.0,0.0,0.020372796757174173,1.1253225977617543e-5,1091.559846158379,1092.0819995056777,-4.551914400963142e-15,4.718447854656915e-15
2010-01-16T00:00:00.0,0.0,0.0,0.0,0.0,0.0,0.0,0.0,0.0,0.0,0.0,0.29364394856529175,0.0,0.0,0.0019055567938454196,0.0,5.293001271943584,1.6512268826472534,0.29554950535913715,0.01937964279584253,0.0048449106989606324,0.0,0.0,0.0,0.0,0.01937964279584253,1.1253225977617543e-5,1091.247151644166,1091.7438502487441,2.992051051364797e-14,5.234701561107613e-14
2010-01-17T00:00:00.0,0.0,0.0,0.0,0.0,0.0,0.0,0.0,0.0,0.0,0.0,0.27854067206371086,0.0,0.0,0.0018672360776415679,0.0,5.317037118185504,1.6621408782192968,0.2804079081413524,0.018434925524764414,0.0046087313811911034,0.0,0.0,0.0,0.0,0.018434925524764414,1.1253225977617543e-5,1090.951590885581,1091.4240761898905,-1.1723955140041653e-13,-2.586264535864302e-13
2010-01-18T00:00:00.0,0.0,0.0,0.0,0.0,0.0,0.0,0.0,0.0,0.0,0.0,0.2650878629905854,0.0,0.0,0.0018338883966824674,0.0,5.3419251536474555,1.673449682845084,0.26692175138726787,0.017536282658680444,0.004384070664670111,0.0,0.0,0.0,0.0,0.017536282658680444,1.1253225977617236e-5,1090.6711717242138,1091.120624624843,-6.716849298982197e-14,1.4527268277220173e-13
2010-01-19T00:00:00.0,0.0,0.0,0.0,0.0,0.0,0.0,0.0,0.0,0.0,0.0,0.25302172862978545,0.0,0.0,0.0018048070509137457,0.0,5.3676507627709835,1.6851476664815865,0.2548265356806992,0.016681467122344192,0.004170366780586048,0.0,0.0,0.0,0.0,0.016681467122344192,1.1253225977617236e-5,1090.4042387196002,1090.8317825201323,2.7461366514103247e-13,1.2012613126444194e-13
2010-01-20T00:00:00.0,0.0,0.0,0.0,0.0,0.0,0.0,0.0,0.0,0.0,0.0,0.24213211861066236,0.0,0.0,0.0017794215372147779,0.0,5.394198882638937,1.6972289781060437,0.24391154014787714,0.015868341431660788,0.003967085357915197,0.0,0.0,0.0,0.0,0.015868341431660788,1.1253225977617236e-5,1090.149400930694,1090.556104150549,-3.336775300510908e-13,-2.5474067300024217e-13
2010-01-21T00:00:00.0,0.0,0.0,0.0,0.0,0.0,0.0,0.0,0.0,0.0,0.0,0.2322495048137524,0.0,0.0,0.0017572651162042392,0.0,5.421554022447339,1.709687557381724,0.23400676992995664,0.015094872348865269,0.003773718087216317,0.0,0.0,0.0,0.0,0.015094872348865269,1.1253225977617236e-5,1089.90547813732,1090.2923571836113,8.554268404736831e-14,1.074140776324839e-13
2010-01-22T00:00:00.0,0.0,0.0,0.0,0.0,0.0,0.0,0.0,0.0,0.0,0.0,0.22323558681129213,0.0,0.0,0.001737951367882671,0.0,5.4497002825548195,1.7225171446321084,0.22497353817917481,0.014359125798368599,0.0035897814495921498,0.0,0.0,0.0,0.0,0.014359125798368599,1.1253225977617236e-5,1089.671460114164,1090.0394818232453,1.3375411889171573e-13,-4.829470157119431e-15
2010-01-23T00:00:00.0,0.0,0.0,0.0,0.0,0.0,0.0,0.0,0.0,0.0,0.0,0.2149763957661356,0.0,0.0,0.0017211569283844957,0.0,5.478621373285204,1.735711289698842,0.21669755269452007,0.013659262030561259,0.0034148155076403146,0.0,0.0,0.0,0.0,0.013659262030561259,1.1253225977617236e-5,1089.4464753227587,1089.796559377818,2.4591439995447217e-14,7.607803276243885e-14
2010-01-24T00:00:00.0,0.0,0.0,0.0,0.0,0.0,0.0,0.0,0.0,0.0,0.0,0.20737715337385396,0.0,0.0,0.0017066085669731033,0.0,5.508300633586121,1.7492633600559906,0.20908376194082706,0.012993531021480974,0.0032483827553702435,0.0,0.0,0.0,0.0,0.012993531021480974,1.1253225977617236e-5,1089.2297665168385,1089.5627877475856,-2.6345592374354965e-13,-2.5368596112684827e-13
2010-01-25T00:00:00.0,0.0,0.0,0.0,0.0,0.0,0.0,0.0,0.0,0.0,0.0,0.20035838506085457,0.0,0.0,0.001694073368120388,0.0,5.538721049602303,1.763166548426837,0.20205245842897496,0.012360268096841258,0.0030900670242103145,0.0,0.0,0.0,0.0,0.012360268096841258,1.1253225977617236e-5,1089.0206715016716,1089.3374620718678,9.020562075079397e-14,1.6228685062458226e-13
2010-01-26T00:00:00.0,0.0,0.0,0.0,0.0,0.0,0.0,0.0,0.0,0.0,0.0,0.19385294375363296,0.0,0.0,0.0016833511725871842,0.0,5.569865273194781,1.7774138800689352,0.19553629492622016,0.01175788976947858,0.002939472442369645,0.0,0.0,0.0,0.0,0.01175788976947858,1.1253225977617236e-5,1088.8186077900168,1089.119959278318,-1.7935652962819404e-13,-2.427780199099061e-13
2010-01-27T00:00:00.0,0.0,0.0,0.0,0.0,0.0,0.0,0.0,0.0,0.0,0.0,0.1878037042017498,0.0,0.0,0.0016742686870913222,0.0,5.601715640419446,1.7919982198403568,0.18947797288884113,0.01118488977980968,0.00279622244495242,0.0,0.0,0.0,0.0,0.01118488977980968,1.1253225977617236e-5,1088.6230602418646,1088.9097256211799,6.483702463810914e-14,6.453171330633722e-14
2010-01-28T00:00:00.0,0.0,0.0,0.0,0.0,0.0,0.0,0.0,0.0,0.0,0.0,0.1821617575902591,0.0,0.0,0.0016666748435236526,0.0,5.634254189967599,1.806912279125005,0.18382843243378275,0.010639835329398018,0.0026599588323495045,0.0,0.0,0.0,0.0,0.010639835329398018,1.1253225977617236e-5,1088.4335710157497,1088.7062665360663,-1.7180701306074297e-14,-6.697420396051257e-14
2010-01-29T00:00:00.0,0.0,0.0,0.0,0.0,0.0,0.0,0.0,0.0,0.0,0.0,0.17688498395223345,0.0,0.0,0.0016604371057597188,0.0,5.6674626815635065,1.822148622670827,0.17854542105799318,0.01012136349821138,0.002530340874552845,0.0,0.0,0.0,0.0,0.01012136349821138,1.1253225977617236e-5,1088.2497313300898,1088.5091383094705,1.4435674877688598e-13,3.204381204824358e-13
2010-01-30T00:00:00.0,0.0,0.0,0.0,0.0,0.0,0.0,0.0,0.0,0.0,0.0,0.17193691301884817,0.0,0.0,0.0016554385033718756,0.0,5.701322614309643,1.8376996753782024,0.17359235152222005,0.009628177836611875,0.002407044459152969,0.0,0.0,0.0,0.0,0.009628177836611875,1.1253225977617236e-5,1088.0711746558059,1088.31794118404,1.1129985821867194e-14,-1.9473311851925246e-13
2010-01-31T00:00:00.0,0.0,0.0,0.0,0.0,0.0,0.0,0.0,0.0,0.0,0.0,0.16728580758022324,0.0,0.0,0.0016515752289031121,0.0,5.735815244967132,1.8535577290641145,0.16893738280912635,0.009159045123556578,0.0022897612808891444,0.0,0.0,0.0,0.0,0.009159045123556578,1.1253225977617236e-5,1087.8975710510576,1088.132313610222,2.5340840537069198e-14,2.531308496145357e-14
2010-02-01T00:00:00.0,0.0,0.0,0.0,0.0,0.0,0.0,0.0,0.0,0.0,0.0,0.16290392011824859,0.0,0.0,0.0016487546763228045,0.0,5.770921606157078,1.8697149492192326,0.1645526747945714,0.008712792282902528,0.002178198070725632,0.0,0.0,0.0,0.0,0.008712792282902528,1.1253225977617236e-5,1087.7286224150225,1087.9519274210081,7.16093850883226e-15,2.0539125955565396e-13
2010-02-02T00:00:00.0,0.0,0.0,0.0,0.0,0.0,0.0,0.0,0.0,0.0,0.0,0.15876688555823754,0.0,0.0,0.001646893828018185,0.0,5.8066225244674685,1.8861633817690469,0.16041377938625573,0.008288303450105367,0.0020720758625263416,0.0,0.0,0.0,0.0,0.008288303450105367,1.1253225977617236e-5,1087.564058487002,1087.77648375586,-7.85205234166142e-14,-7.674416657721395e-14
2010-02-03T00:00:00.0,0.0,0.0,0.0,0.0,0.0,0.0,0.0,0.0,0.0,0.0,0.15485322186803874,0.0,0.0,0.001645917919442429,0.0,5.842898638449521,1.9028949598455664,0.15649913978748117,0.007884517181976953,0.0019711292954942383,0.0,0.0,0.0,0.0,0.007884517181976953,1.1253225977617543e-5,1087.4036334543898,1087.6057095971612,4.9404924595819466e-15,-8.24618151540335e-14
2010-02-04T00:00:00.0,0.0,0.0,0.0,0.0,0.0,0.0,0.0,0.0,0.0,0.0,0.15114391671678068,0.0,0.0,0.0016457593266689563,0.0,5.879730416487505,1.9199015105728892,0.15278967604344965,0.007500423802523649,0.0018751059506309123,0.0,0.0,0.0,0.0,0.007500423802523649,1.1253225977617543e-5,1087.2471230613764,1087.4393548108962,-8.146261443187086e-14,-5.745404152435185e-15
2010-02-05T00:00:00.0,0.0,0.0,0.0,0.0,0.0,0.0,0.0,0.0,0.0,0.0,0.14762208334899365,0.0,0.0,0.0016463566342274508,0.0,5.917098174525544,1.9371747618672233,0.14926843998322112,0.007135062878231748,0.001783765719557937,0.0,0.0,0.0,0.0,0.007135062878231748,1.1253225977617543e-5,1087.094322132107,1087.2771896050997,3.327893516313907e-14,-4.9404924595819466e-14
2010-02-06T00:00:00.0,0.0,0.0,0.0,0.0,0.0,0.0,0.0,0.0,0.0,0.0,0.14427267247913034,0.0,0.0,0.0016476538497294333,0.0,5.954982093635656,1.954706349250168,0.14592032632885976,0.0067875208164825136,0.0016968802041206284,0.0,0.0,0.0,0.0,0.0067875208164825136,1.1253225977617543e-5,1086.9450424388979,1087.1190023365189,-8.912315330178444e-14,-1.7869039581341895e-13
2010-02-07T00:00:00.0,0.0,0.0,0.0,0.0,0.0,0.0,0.0,0.0,0.0,0.0,0.141082229814662,0.0,0.0,0.001649599738768283,0.0,5.993362237411088,1.972487822672434,0.14273182955343028,0.006456928581095001,0.0016142321452737502,0.0,0.0,0.0,0.0,0.006456928581095001,1.1253225977617543e-5,1086.7991108593428,1086.964597609169,2.16382467499443e-13,3.9343528435153985e-13
2010-02-08T00:00:00.0,0.0,0.0,0.0,0.0,0.0,0.0,0.0,0.0,0.0,0.0,0.13803869098269927,0.0,0.0,0.0016521472589844494,0.0,6.032218569169805,1.9905106533441073,0.1396908382416837,0.00614245951928293,0.0015356148798207326,0.0,0.0,0.0,0.0,0.00614245951928293,1.1253225977617543e-5,1086.6563677765635,1086.8137946188895,-4.64628335805628e-14,-2.5479618415147343e-13
2010-02-09T00:00:00.0,0.0,0.0,0.0,0.0,0.0,0.0,0.0,0.0,0.0,0.0,0.13513120728378214,0.0,0.0,0.0016552530763121187,0.0,6.07153096895316,2.0087662405666284,0.13678646036009426,0.005843327294592157,0.0014608318236480392,0.0,0.0,0.0,0.0,0.005843327294592157,1.1253225977617543e-5,1086.5166656850959,1086.6664257062487,-6.361577931102147e-14,-1.1657341758564144e-15
2010-02-10T00:00:00.0,0.0,0.0,0.0,0.0,0.0,0.0,0.0,0.0,0.0,0.0,0.1323499969689222,0.0,0.0,0.001658877149729683,0.0,6.111279250305416,2.0272459185609413,0.13400887411865187,0.005558783920649933,0.0013896959801624833,0.0,0.0,0.0,0.0,0.005558783920649933,1.1253225977617543e-5,1086.3798679715096,1086.5223350867702,1.7560952692008414e-13,1.1302070390684094e-13
2010-02-11T00:00:00.0,0.0,0.0,0.0,0.0,0.0,0.0,0.0,0.0,0.0,0.0,0.12970031914853763,0.0,0.0,0.0016841547603563206,0.0,6.192516271178735,2.064717261607052,0.13138447390889396,0.005288117890809382,0.0013220294727023455,0.0,0.0,0.0,0.0,0.005288117890809382,1.1253225977617543e-5,1086.245847844165,1086.3813777327507,5.42343947529389e-14,5.542788450441094e-14
2010-02-12T00:00:00.0,0.0,0.0,0.0,0.0,0.0,0.0,0.0,0.0,0.0,0.0,0.12712334026626818,0.0,0.0,0.0016555990862400986,0.0,6.168679867132935,2.054173364821207,0.12877893935250828,0.005030652399012258,0.0012576630997530645,0.0,0.0,0.0,0.0,0.005030652399012258,1.1253225977617543e-5,1086.1144521170304,1086.2433831114786,-3.3995029014022293e-13,-2.7777780076121417e-13
2010-02-13T00:00:00.0,0.0,0.0,0.0,0.0,0.0,0.0,0.0,0.0,0.0,0.0,0.12465143959379907,0.0,0.0,0.0016280858493092013,0.0,6.145033611398912,2.043701250201711,0.12627952544310828,0.004785743647421289,0.0011964359118553222,0.0,0.0,0.0,0.0,0.004785743647421289,1.1253225977617543e-5,1085.9856619244517,1086.108315856627,1.7685852782278744e-13,2.185751579730777e-13
2010-02-14T00:00:00.0,0.0,0.0,0.0,0.0,0.0,0.0,0.0,0.0,0.0,0.0,0.12227768817841657,0.0,0.0,0.0016015601073508402,0.0,6.121586371053069,2.033304950057628,0.12387924828576741,0.004552779236590223,0.0011381948091475557,0.0,0.0,0.0,0.0,0.004552779236590223,1.1253225977617543e-5,1085.8593711457827,1085.9760541516248,-4.107825191113079e-14,-9.214851104388799e-14
2010-02-15T00:00:00.0,0.0,0.0,0.0,0.0,0.0,0.0,0.0,0.0,0.0,0.0,0.11999577542277046,0.0,0.0,0.001575971097863765,0.0,6.098346131069611,2.022988126491459,0.12157174652063422,0.004331176634146241,0.0010827941585365602,0.0,0.0,0.0,0.0,0.004331176634146241,1.1253225977617543e-5,1085.7354806442709,1085.846483929293,7.843725668976731e-14,2.1690982343613996e-13
2010-02-16T00:00:00.0,0.0,0.0,0.0,0.0,0.0,0.0,0.0,0.0,0.0,0.0,0.11779994176180071,0.0,0.0,0.0015512718092458477,0.0,6.075320039955545,2.012754089818003,0.11935121357104655,0.00412038171815559,0.0010300954295388975,0.0,0.0,0.0,0.0,0.00412038171815559,1.1253225977617543e-5,1085.6138976445243,1085.71949821198,-3.290423489232808e-14,-1.9845236565174673e-13
2010-02-17T00:00:00.0,0.0,0.0,0.0,0.0,0.0,0.0,0.0,0.0,0.0,0.0,0.11568491992865113,0.0,0.0,0.0015274186062595382,0.0,6.052514454846095,2.002605816808932,0.11721233853491067,0.003919867391530125,0.0009799668478825312,0.0,0.0,0.0,0.0,0.003919867391530125,1.1253225977617543e-5,1085.4945351777274,1085.5949965212612,-9.531264666406969e-14,-2.463307335887066e-14
2010-02-18T00:00:00.0,0.0,0.0,0.0,0.0,0.0,0.0,0.0,0.0,0.0,0.0,0.11364588353331981,0.0,0.0,0.0015043709018260718,0.0,6.029934985855096,1.9925459686774847,0.11515025443514589,0.003729132264010036,0.000932283066002509,0.0,0.0,0.0,0.0,0.003729132264010036,1.1253225977617543e-5,1085.3773115859663,1085.4728843484868,2.150224442942772e-13,1.2698175844150228e-13
2010-02-19T00:00:00.0,0.0,0.0,0.0,0.0,0.0,0.0,0.0,0.0,0.0,0.0,0.11167834667903731,0.0,0.0,0.001482063727734312,0.0,6.007586543803123,1.982576913168022,0.11316041040677162,0.003547699398427032,0.000886924849606758,0.0,0.0,0.0,0.0,0.003547699398427032,1.1253225977617543e-5,1085.2621500783052,1085.3530726787217,-1.0931533456215448e-13,-4.539424391936109e-14
2010-02-20T00:00:00.0,0.0,0.0,0.0,0.0,0.0,0.0,0.0,0.0,0.0,0.0,0.10977821945260312,0.0,0.0,0.0014604520668062859,0.0,5.985473375464966,1.9727007345088998,0.1112386715194094,0.003375115118112997,0.0008437787795282492,0.0,0.0,0.0,0.0,0.003375115118112997,1.1253225977617543e-5,1085.1489784146725,1085.2354776440668,3.4514058278034554e-14,6.346312364513551e-14
2010-02-21T00:00:00.0,0.0,0.0,0.0,0.0,0.0,0.0,0.0,0.0,0.0,0.0,0.10794175891834684,0.0,0.0,0.0014395056566015912,0.0,5.963599105574062,1.9629192510407794,0.10938126457494843,0.0032109478724720057,0.0008027369681180014,0.0,0.0,0.0,0.0,0.0032109478724720057,1.1253225977617543e-5,1085.0377284899273,1085.12002007865,-2.34631758466719e-13,-2.3225865675158275e-13
2010-02-22T00:00:00.0,0.0,0.0,0.0,0.0,0.0,0.0,0.0,0.0,0.0,0.0,0.10616551075280112,0.0,0.0,0.001419196084773647,0.0,5.9419667787296655,1.9532340336128966,0.10758470683757476,0.00305478715787906,0.000763696789469765,0.0,0.0,0.0,0.0,0.00305478715787906,1.1253225977617543e-5,1084.9283359721264,1085.0066251292344,-5.570544026056723e-14,4.016231791581504e-14
2010-02-23T00:00:00.0,0.0,0.0,0.0,0.0,0.0,0.0,0.0,0.0,0.0,0.0,0.1044462819020236,0.0,0.0,0.0013994966346237768,0.0,5.920578897905786,1.9436464213696736,0.10584577853664737,0.002906242491207191,0.0007265606228017978,0.0,0.0,0.0,0.0,0.002906242491207191,1.1253225977617543e-5,1084.8207400120627,1084.8952219384494,1.3827827771706325e-13,1.1676770661495084e-13
2010-02-24T00:00:00.0,0.0,0.0,0.0,0.0,0.0,0.0,0.0,0.0,0.0,0.0,0.10278109235992151,0.0,0.0,0.0013803821496470052,0.0,5.8994374615343705,1.9341575369860853,0.10416147450956852,0.0027649424334162584,0.0006912356083540646,0.0,0.0,0.0,0.0,0.0027649424334162584,1.1253225977617543e-5,1084.7148829803,1084.7857433567985,1.277589145587399e-13,1.628974732881261e-13
2010-02-25T00:00:00.0,0.0,0.0,0.0,0.0,0.0,0.0,0.0,0.0,0.0,0.0,0.10116707446930169,0.0,0.0,0.001361828918099645,0.0,5.878543999120929,1.924768301332203,0.10252890338740134,0.0026305336607618736,0.0006576334151904684,0.0,0.0,0.0,0.0,0.0026305336607618736,1.1253225977617543e-5,1084.6107102525646,1084.6781257042473,-1.1494971641212715e-13,-1.4056811270535263e-13
2010-02-26T00:00:00.0,0.0,0.0,0.0,0.0,0.0,0.0,0.0,0.0,0.0,0.0,0.09960169881233484,0.0,0.0,0.0013438145353238196,0.0,5.8578996053660095,1.915479447553631,0.10094551334765867,0.0025026800813019953,0.0006256700203254988,0.0,0.0,0.0,0.0,0.0025026800813019953,1.1253225977617543e-5,1084.5081700959513,1084.5723086337841,-1.202926647181357e-13,-1.3615497618246764e-13
2010-02-27T00:00:00.0,0.0,0.0,0.0,0.0,0.0,0.0,0.0,0.0,0.0,0.0,0.09808256259363166,0.0,0.0,0.0013263178253286388,0.0,5.83750497277928,1.9062915345599638,0.09940888041896029,0.0023810619944920185,0.0005952654986230046,0.0,0.0,0.0,0.0,0.0023810619944920185,1.1253225977617543e-5,1084.4072133293776,1084.468234770335,1.0869083411080283e-13,-5.6191162833840735e-14
2010-02-28T00:00:00.0,0.0,0.0,0.0,0.0,0.0,0.0,0.0,0.0,0.0,0.0,0.09660735021836804,0.0,0.0,0.001309318752776931,0.0,5.817360422784828,1.8972049599185117,0.09791666897114497,0.0022653752917668863,0.0005663438229417216,0.0,0.0,0.0,0.0,0.0022653752917668863,1.1253225977617543e-5,1084.3077931957325,1084.3658495624227,8.809619700400617e-14,1.4541146065027988e-13
2010-03-01T00:00:00.0,0.0,0.0,0.0,0.0,0.0,0.0,0.0,0.0,0.0,0.0,0.09480967424886524,0.0,0.0,0.0012929162485174686,0.0,5.797465935326362,1.8878557181062174,0.0961025904973827,0.002155330696111276,0.000538832674027819,0.0,0.0,0.0,0.0,0.002155330696111276,1.1253225977617543e-5,1084.2098652735356,1084.265101174337,-1.6346646258824649e-13,-7.734091145294997e-14
2010-03-02T00:00:00.0,0.0,0.0,0.0,0.0,0.0,0.0,0.0,0.0,0.0,0.0,0.0937447516263361,0.0,0.0,0.001276750711027653,0.0,5.777821177012219,1.8792970981236286,0.09502150233736374,0.002050653038716374,0.0005126632596790934,0.0,0.0,0.0,0.0,0.002050653038716374,1.1253225977617543e-5,1084.113751429812,1084.1663044204693,1.5462631175466868e-13,1.2394252291159091e-13
2010-03-03T00:00:00.0,0.0,0.0,0.0,0.0,0.0,0.0,0.0,0.0,0.0,0.0,0.09271070767481973,0.0,0.0,0.0012610314730652763,0.0,5.758425527689936,1.870837614428263,0.09397173914788501,0.0019510805709145372,0.0004877701427286343,0.0,0.0,0.0,0.0,0.0019510805709145372,1.1253225977617543e-5,1084.0187186742487,1084.0687196018334,1.0755285551056204e-14,6.425415755018093e-14
2010-03-04T00:00:00.0,0.0,0.0,0.0,0.0,0.0,0.0,0.0,0.0,0.0,0.0,0.09253881284483861,0.0,0.0,0.0012652495507342904,0.0,5.7610693397260775,1.866629529461486,0.0938040623955729,0.0018563643096712811,0.0004640910774178203,0.0,0.0,0.0,0.0,0.0018563643096712811,1.1253225977617543e-5,1083.924735681875,1083.9723090119721,-2.229050277691158e-13,-2.2115642650533118e-13
2010-03-05T00:00:00.0,0.0,0.0,0.0,0.0,0.0,0.0,0.0,0.0,0.0,0.0,0.09298756787278142,0.0,0.0,0.0012738045856627044,0.0,5.768921992698843,1.863903949181165,0.09426137245844413,0.0017662674149980001,0.00044156685374950003,0.0,0.0,0.0,0.0,0.0017662674149980001,1.1253225977617543e-5,1083.8309203662534,1083.8761844941894,1.1804446309326977e-13,9.298117831235686e-14
2010-03-06T00:00:00.0,0.0,0.0,0.0,0.0,0.0,0.0,0.0,0.0,0.0,0.0,0.09339759818194279,0.0,0.0,0.0012818405197715893,0.0,5.776441681777211,1.8611702913184553,0.09467943870171439,0.0016805645977286331,0.0004201411494321583,0.0,0.0,0.0,0.0,0.0016805645977286331,1.1253225977617543e-5,1083.736647740569,1083.7797152874623,3.552713678800501e-15,-1.127015147872612e-13
2010-03-07T00:00:00.0,0.0,0.0,0.0,0.0,0.0,0.0,0.0,0.0,0.0,0.0,0.09376949107751206,0.0,0.0,0.001289375912532131,0.0,5.783635894237668,1.8584294025584005,0.09505886699004419,0.0015990415561792327,0.0003997603890448082,0.0,0.0,0.0,0.0,0.0015990415561792327,1.1253225977616316e-5,1083.6419570486414,1083.6829351430135,-1.3858358904883517e-13,-1.1747547379314938e-13
2010-03-08T00:00:00.0,0.0,0.0,0.0,0.0,0.0,0.0,0.0,0.0,0.0,0.0,0.09410447052478144,0.0,0.0,0.001296282942562321,0.0,5.790512159588277,1.855682129463168,0.09540075346734375,0.001521494440282827,0.0003803736100707068,0.0,0.0,0.0,0.0,0.001521494440282827,1.1253225977616316e-5,1083.5468869284252,1083.585877474078,1.5630552407941423e-13,3.084199562408685e-13
2010-03-09T00:00:00.0,0.0,0.0,0.0,0.0,0.0,0.0,0.0,0.0,0.0,0.0,0.09440395911783334,0.0,0.0,0.00130258554050346,0.0,5.797077981311542,1.8529292722830508,0.09570654465833679,0.001447729341856999,0.0003619323354642497,0.0,0.0,0.0,0.0,0.001447729341856999,1.1253225977616316e-5,1083.451474921732,1083.4885748525603,1.4710455076283324e-15,-4.1272540940440194e-14
2010-03-10T00:00:00.0,0.0,0.0,0.0,0.0,0.0,0.0,0.0,0.0,0.0,0.0,0.09466933732324123,0.0,0.0,0.0013083072284223443,0.0,5.8033408449190045,1.8501716097351892,0.09597764455166358,0.001377561809733159,0.00034439045243328975,0.0,0.0,0.0,0.0,0.001377561809733159,1.1253225977616316e-5,1083.3557571238475,1083.3910586462246,7.575884364285912e-14,8.21703816100694e-14
2010-03-11T00:00:00.0,0.0,0.0,0.0,0.0,0.0,0.0,0.0,0.0,0.0,0.0,0.09490194352479008,0.0,0.0,0.0013134710793238629,0.0,5.809308203264114,1.8474098996283876,0.09621541460411394,0.0013108163885323645,0.0003277040971330911,0.0,0.0,0.0,0.0,0.0013108163885323645,1.1253225977616316e-5,1083.25976822607,1083.293359049411,-1.5309975509580909e-13,-3.0299374120801303e-13
2010-03-12T00:00:00.0,0.0,0.0,0.0,0.0,0.0,0.0,0.0,0.0,0.0,0.0,0.09510307423137146,0.0,0.0,0.0013180996828597328,0.0,5.814987463435924,1.8446448795256496,0.09642117391423119,0.0012473261799354738,0.00031183154498386846,0.0,0.0,0.0,0.0,0.0012473261799354738,1.1253225977616316e-5,1083.16354155824,1083.1955051143211,-6.76819711387111e-14,1.3607170945562075e-13
2010-03-13T00:00:00.0,0.0,0.0,0.0,0.0,0.0,0.0,0.0,0.0,0.0,0.0,0.0952739844284057,0.0,0.0,0.0013222151167153764,0.0,5.820385975122549,1.8418772674391322,0.09659619954512108,0.0011869324253504226,0.00029673310633760564,0.0,0.0,0.0,0.0,0.0011869324253504226,1.1253225977616316e-5,1083.0671091310996,1083.0975247826818,1.6234236177581352e-13,1.4123424652012773e-13
2010-03-14T00:00:00.0,0.0,0.0,0.0,0.0,0.0,0.0,0.0,0.0,0.0,0.0,0.09541588806019544,0.0,0.0,0.0013258389231744242,0.0,5.8255110203379505,1.8391077625526402,0.09674172698336986,0.0011294841089330464,0.0002823710272332616,0.0,0.0,0.0,0.0,0.0011294841089330464,1.1253225977616316e-5,1082.9705016783287,1082.9994449176052,-1.307565167252278e-13,-1.389999226830696e-13
2010-03-15T00:00:00.0,0.0,0.0,0.0,0.0,0.0,0.0,0.0,0.0,0.0,0.0,0.09552995862429224,0.0,0.0,0.0013289920903864323,0.0,5.83036980441101,1.8363370459671593,0.09685895071467868,0.0010748375799688108,0.0002687093949922027,0.0,0.0,0.0,0.0,0.0010748375799688108,1.1253225977616316e-5,1082.8737486981192,1082.9012913354857,8.298917109073045e-14,-4.228561945041065e-14
2010-03-16T00:00:00.0,0.0,0.0,0.0,0.0,0.0,0.0,0.0,0.0,0.0,0.0,0.09561732985153634,0.0,0.0,0.0013316950378919272,0.0,5.834969448140552,1.8335657814652513,0.09694902488942828,0.0010228561936711992,0.0002557140484177998,0.0,0.0,0.0,0.0,0.0010228561936711992,1.1253225977616316e-5,1082.7768784941786,1082.803088837796,-3.1002977962657496e-14,8.676392937445598e-14
2010-03-17T00:00:00.0,0.0,0.0,0.0,0.0,0.0,0.0,0.0,0.0,0.0,0.0,0.0956790964738752,0.0,0.0,0.0013339676059862969,0.0,5.8393169810253065,1.830794616290525,0.09701306407986149,0.0009734099694985726,0.00024335249237464316,0.0,0.0,0.0,0.0,0.0009734099694985726,1.1253225977616316e-5,1082.6799182160635,1082.7048612426647,-2.579325641960395e-13,-2.969013923603825e-13
2010-03-18T00:00:00.0,0.0,0.0,0.0,0.0,0.0,0.0,0.0,0.0,0.0,0.0,0.09571631504978886,0.0,0.0,0.0013358290485298847,0.0,5.843419335482783,1.828024181938688,0.09705214409831875,0.0009263752661351114,0.00023159381653377784,0.0,0.0,0.0,0.0,0.0009263752661351114,1.1253225977616316e-5,1082.5828938987574,1082.6066314161228,1.8346435481930712e-13,1.756650380713154e-13
2010-03-19T00:00:00.0,0.0,0.0,0.0,0.0,0.0,0.0,0.0,0.0,0.0,0.0,0.09573000485174854,0.0,0.0,0.0013372980288410804,0.0,5.847283341975974,1.8252550949569957,0.09706730288058962,0.0008816344723231239,0.00022040861808078098,0.0,0.0,0.0,0.0,0.0008816344723231239,1.1253225977616316e-5,1082.4858305014332,1082.5084213029418,-5.218048215738236e-15,5.19306819768417e-14
2010-03-20T00:00:00.0,0.0,0.0,0.0,0.0,0.0,0.0,0.0,0.0,0.0,0.0,0.09572114878801799,0.0,0.0,0.0013383926183294906,0.0,5.850915724971671,1.8224879577492197,0.09705954140634748,0.0008390757127736421,0.00020976892819341052,0.0,0.0,0.0,0.0,0.0008390757127736421,1.1253225977616316e-5,1082.3887519453265,1082.4102519569708,1.1324274851176597e-13,-2.0372592501871623e-14
2010-03-21T00:00:00.0,0.0,0.0,0.0,0.0,0.0,0.0,0.0,0.0,0.0,0.0,0.09569069436673797,0.0,0.0,0.0013391302975585629,0.0,5.854323099658957,1.8197233593834934,0.09702982466429654,0.0007985925684199237,0.00019964814210498094,0.0,0.0,0.0,0.0,0.0007985925684199237,1.1253225977616316e-5,1082.2916811506943,1082.3121435709236,-1.7968959653558159e-13,-9.914291609902648e-14
2010-03-22T00:00:00.0,0.0,0.0,0.0,0.0,0.0,0.0,0.0,0.0,0.0,0.0,0.09563955468266877,0.0,0.0,0.001339527959451678,0.0,5.857511969360903,1.8169618764006747,0.09697908264212045,0.0007600838103143567,0.00019002095257858917,0.0,0.0,0.0,0.0,0.0007600838103143567,1.1253225977616316e-5,1082.194640072804,1082.2141155055488,-2.085831507514513e-14,-1.8735013540549517e-15
2010-03-23T00:00:00.0,0.0,0.0,0.0,0.0,0.0,0.0,0.0,0.0,0.0,0.0,0.09556860941980388,0.0,0.0,0.0013396019143651914,0.0,5.860488723576997,1.8142040736210756,0.09690821133416908,0.000723453146503361,0.00018086328662584024,0.0,0.0,0.0,0.0,0.000723453146503361,1.1253225977616316e-5,1082.097649736936,1082.116186318144,-1.1228518115302677e-13,-1.975641872320466e-13
2010-03-24T00:00:00.0,0.0,0.0,0.0,0.0,0.0,0.0,0.0,0.0,0.0,0.0,0.09547870587175603,0.0,0.0,0.001339367896797543,0.0,5.863259636597955,1.8114505049476297,0.09681807376855357,0.0006886089812473483,0.00017215224531183707,0.0,0.0,0.0,0.0,0.0006886089812473483,1.1253225977616316e-5,1082.0007302723757,1082.0183737903762,2.680911048713597e-13,4.026085020925052e-13
2010-03-25T00:00:00.0,0.0,0.0,0.0,0.0,0.0,0.0,0.0,0.0,0.0,0.0,0.09537065996126987,0.0,0.0,0.0013388410735036375,0.0,5.865830866638689,1.8087017141637587,0.0967095010347735,0.000655464185983663,0.00016386604649591574,0.0,0.0,0.0,0.0,0.000655464185983663,1.1253225977616316e-5,1081.9039009453813,1081.9206949553814,-1.9241552795534744e-13,-2.1804780203638074e-13
2010-03-26T00:00:00.0,0.0,0.0,0.0,0.0,0.0,0.0,0.0,0.0,0.0,0.0,0.0952452572679946,0.0,0.0,0.0013380360528119364,0.0,5.868208455438882,1.8059582357243928,0.09658329332080653,0.0006239358814597938,0.00015598397036494844,0.0,0.0,0.0,0.0,0.0006239358814597938,1.1253225977616316e-5,1081.8071801911206,1081.823166124114,3.5513259000197195e-14,1.5543122344752192e-15
2010-03-27T00:00:00.0,0.0,0.0,0.0,0.0,0.0,0.0,0.0,0.0,0.0,0.0,0.09510325404822707,0.0,0.0,0.0013369668949664586,0.0,5.870398328284463,1.8032205955387313,0.09644022094319353,0.00059394523049207,0.0001484863076230175,0.0,0.0,0.0,0.0,0.00059394523049207,1.1253225977616316e-5,1081.7105856445737,1081.7258029109414,5.5261351050717167e-14,5.319356066735281e-14
2010-03-28T00:00:00.0,0.0,0.0,0.0,0.0,0.0,0.0,0.0,0.0,0.0,0.0,0.09494537824739428,0.0,0.0,0.0013356471233187356,0.0,5.872406294406429,1.8004893117435237,0.09628102537071302,0.0005654172408316402,0.00014135431020791006,0.0,0.0,0.0,0.0,0.0005654172408316402,1.1253225977616316e-5,1081.6141341704047,1081.6286202584602,-1.2749523659039141e-13,-5.725975249504245e-14
2010-03-29T00:00:00.0,0.0,0.0,0.0,0.0,0.0,0.0,0.0,0.0,0.0,0.0,0.09477233050761405,0.0,0.0,0.0013340897362247547,0.0,5.87423804771697,1.7977648954657122,0.09610642024383881,0.0005382805776447872,0.0001345701444111968,0.0,0.0,0.0,0.0,0.0005382805776447872,1.1253225977616316e-5,1081.517841891808,1081.5316324615387,-9.768574837920596e-14,-3.131384040955254e-13
2010-03-30T00:00:00.0,0.0,0.0,0.0,0.0,0.0,0.0,0.0,0.0,0.0,0.0,0.09458478515678664,0.0,0.0,0.001332307219508766,0.0,5.875899167845752,1.79504785157348,0.09591709237629541,0.0005124673851386871,0.00012811684628467177,0.0,0.0,0.0,0.0,0.0005124673851386871,1.1253225977616316e-5,1081.421724218338,1081.4348531905725,1.4560574967958928e-13,2.859934511434403e-13
2010-03-31T00:00:00.0,0.0,0.0,0.0,0.0,0.0,0.0,0.0,0.0,0.0,0.0,0.09438339118378869,0.0,0.0,0.0013303115593760796,0.0,5.877395121441996,1.792338679414772,0.09571370274316476,0.00048791311688658307,0.00012197827922164577,0.0,0.0,0.0,0.0,0.00048791311688658307,1.1253225977616316e-5,1081.3257958727359,1081.3382955139648,-1.264266469291897e-14,2.596534098842085e-14
2010-04-01T00:00:00.0,0.0,0.0,0.0,0.0,0.0,0.0,0.0,0.0,0.0,0.0,0.09416877319767059,0.0,0.0,0.0013281142556571003,0.0,5.878731263710903,1.7896378735425071,0.09549688745332768,0.00046455637442809804,0.00011613909360702451,0.0,0.0,0.0,0.0,0.00046455637442809804,1.1253225977616316e-5,1081.2300709167669,1081.2419719198258,-1.5248913243226525e-13,-2.790406794517253e-13
2010-04-02T00:00:00.0,10.0,10.0,0.0,1.5694854583591964,0.0,8.430514541640804,0.0,0.0,8.430514541640804,0.0,0.06886635302529631,1.5694854583591964,0.0,0.0011839456365760333,0.0,5.879912840155178,1.30996850664713,1.639535757021069,0.0004424004078733421,0.00011058468843527543,1.7586406229020583e-8,8.430514524053475,4.4067726011150335e-8,0.0,0.0004423387537411017,1.1253225977616316e-5,1081.1345627760875,1081.1458943369043,7.988054662178001e-14,8.981704269217516e-14
2010-04-03T00:00:00.0,0.0,0.0,0.0,0.0,0.0,0.0,0.0,0.0,0.0,0.0,0.43272987789431605,0.0,0.0,0.0035997446591883755,0.0,5.8803864957648075,1.7839439855820083,0.43632962255350444,0.00042120469920123516,0.00010530117480030879,0.0,0.0,0.0,0.0,0.00042120469920123516,1.1253225977616316e-5,1089.4950157041856,1089.5058055947861,-1.8474111129762605e-13,8.455458555545192e-13
2010-04-04T00:00:00.0,0.0,0.0,0.0,0.0,0.0,0.0,0.0,0.0,0.0,0.0,0.39894956813174903,0.0,0.0,0.0034380895302850638,0.0,5.881311649489893,1.7812952099171544,0.4023876576620341,0.000401101364663911,0.00010027534116597775,0.0,0.0,0.0,0.0,0.000401101364663911,1.1253225977616316e-5,1089.0586748284059,1089.0689494663584,2.2398749521812533e-13,2.2881696537524476e-13
2010-04-05T00:00:00.0,0.0,0.0,0.0,0.0,0.0,0.0,0.0,0.0,0.0,0.0,0.3705497535731743,0.0,0.0,0.003299216961022872,0.0,5.882091794434663,1.7786531607586762,0.3738489705341972,0.0003819784813214267,9.549462033035668e-5,0.0,0.0,0.0,0.0,0.0003819784813214267,1.1253225977616316e-5,1088.656275917518,1088.666060431991,-2.431388423929093e-13,-3.7375658124005895e-13
2010-04-06T00:00:00.0,0.0,0.0,0.0,0.0,0.0,0.0,0.0,0.0,0.0,0.0,0.3463282490495503,0.0,0.0,0.0031780850607292456,0.0,5.882733016478145,1.7760191223327968,0.34950633411027954,0.0003637882320047608,9.09470580011902e-5,0.0,0.0,0.0,0.0,0.0003637882320047608,1.1253225977616316e-5,1088.2824156937581,1088.2917339883552,-2.2681856393091948e-13,-1.3955503419538218e-13
2010-04-07T00:00:00.0,0.0,0.0,0.0,0.0,0.0,0.0,0.0,0.0,0.0,0.0,0.3254207886198254,0.0,0.0,0.003071092192285442,0.0,5.883240935406749,1.7733941460051765,0.32849188081211084,0.0003464851316157444,8.66212829039361e-5,0.0,0.0,0.0,0.0,0.0003464851316157444,1.1253225977616316e-5,1087.9328981064218,1087.941772918955,6.517009154549669e-14,-3.419486915845482e-14
2010-04-08T00:00:00.0,0.0,0.0,0.0,0.0,0.0,0.0,0.0,0.0,0.0,0.0,0.30718852797164337,0.0,0.0,0.002975586449118742,0.0,5.883620834591064,1.7707791307557288,0.3101641144207621,0.00033002591339062194,8.250647834765548e-5,0.0,0.0,0.0,0.0,0.00033002591339062194,1.1253225977616316e-5,1087.604394972384,1087.6128479317285,-2.1477264411373653e-13,-2.2964963264371363e-13
2010-04-09T00:00:00.0,0.0,0.0,0.0,0.0,0.0,0.0,0.0,0.0,0.0,0.0,0.2911481622669076,0.0,0.0,0.002889565498145656,0.0,5.883877740712648,1.7681748723752164,0.29403772776505327,0.0003143694207106068,7.85923551776517e-5,0.0,0.0,0.0,0.0,0.0003143694207106068,1.1253225977616316e-5,1087.294219604737,1087.3022712849158,1.9462209621678994e-13,2.0544677070688522e-13
2010-04-10T00:00:00.0,0.0,0.0,0.0,0.0,0.0,0.0,0.0,0.0,0.0,0.0,0.2769267907278322,0.0,0.0,0.002811485039915834,0.0,5.88401647522592,1.7655820949040277,0.27973827576774807,0.0002994765041888965,7.486912604722412e-5,0.0,0.0,0.0,0.0,0.0002994765041888965,1.1253225977616316e-5,1087.0001706237463,1087.007840595375,-2.932654119547351e-13,-1.0980105713542798e-13
2010-04-11T00:00:00.0,0.0,0.0,0.0,0.0,0.0,0.0,0.0,0.0,0.0,0.0,0.2642317912716936,0.0,0.0,0.00274013220383675,0.0,5.884041689049703,1.7630014714992361,0.26697192347553034,0.0002853099237768126,7.132748094420315e-5,0.0,0.0,0.0,0.0,0.0002853099237768126,1.1253225977616316e-5,1086.7204210947525,1086.7277279739772,3.58046925441613e-14,-1.3639089857520048e-13
2010-04-12T00:00:00.0,0.0,0.0,0.0,0.0,0.0,0.0,0.0,0.0,0.0,0.0,0.25283014102393725,0.0,0.0,0.002674539320135639,0.0,5.88395788690087,1.7604336387501318,0.25550468034407287,0.00027183425564428307,6.795856391107077e-5,0.0,0.0,0.0,0.0,0.00027183425564428307,1.1253225977616316e-5,1086.453437918051,1086.4603994130966,1.0691447727140257e-13,2.6317836798739336e-13
2010-04-13T00:00:00.0,0.0,0.0,0.0,0.0,0.0,0.0,0.0,0.0,0.0,0.0,0.24253387196486542,0.0,0.0,0.0026139236556471006,0.0,5.883769445004726,1.7578792067908358,0.24514779562051253,0.0002590158036018141,6.475395090045352e-5,0.0,0.0,0.0,0.0,0.0002590158036018141,1.1253225977616316e-5,1086.1979219844811,1086.2045549399334,-2.8238522631340857e-13,-3.4927616354707425e-13
2010-04-14T00:00:00.0,0.0,0.0,0.0,0.0,0.0,0.0,0.0,0.0,0.0,0.0,0.2331896221669429,0.0,0.0,0.0025576443373942523,0.0,5.883480624438864,1.7553387666339408,0.23574726650433714,0.00024682251484246657,6.170562871061664e-5,0.0,0.0,0.0,0.0,0.00024682251484246657,1.1253225977616316e-5,1085.9527629356346,1085.9590833745583,2.7033930649622562e-14,4.063416270128073e-14
2010-04-15T00:00:00.0,0.0,0.0,0.0,0.0,0.0,0.0,0.0,0.0,0.0,0.0,0.22467098759234755,0.0,0.0,0.002505170946833884,0.0,5.883095581517837,1.7528128956166522,0.22717615853918144,0.00023522389979314115,5.880597494828529e-5,0.0,0.0,0.0,0.0,0.00023522389979314115,1.1253225977616316e-5,1085.7170044159043,1085.7230275799104,1.0380585280245214e-14,-8.132383655379272e-15
2010-04-16T00:00:00.0,0.0,0.0,0.0,0.0,0.0,0.0,0.0,0.0,0.0,0.0,0.21687283007255967,0.0,0.0,0.002456060217862218,0.0,5.8826183761211235,1.7503021615335619,0.21932889029042188,0.0002241909558747659,5.6047738968691476e-5,0.0,0.0,0.0,0.0,0.0002241909558747659,1.1253225977616316e-5,1085.4898170041392,1085.4955573914967,-1.1496359419993496e-13,-2.325917236589703e-13
2010-04-17T00:00:00.0,0.0,0.0,0.0,0.0,0.0,0.0,0.0,0.0,0.0,0.0,0.20970697772951097,0.0,0.0,0.002409938474882435,0.0,5.882052978556889,1.7478071258349657,0.2121169162043934,0.00021369609498074114,5.3424023745185284e-5,0.0,0.0,0.0,0.0,0.00021369609498074114,1.1253225977616316e-5,1085.270476860623,1085.2759482625115,-7.990830219739564e-14,-5.331846075762314e-14
2010-04-18T00:00:00.0,0.0,0.0,0.0,0.0,0.0,0.0,0.0,0.0,0.0,0.0,0.20309893354369607,0.0,0.0,0.002366488209609214,0.0,5.8814032753591,1.7453283461464169,0.2054654217533053,0.00020371307449230293,5.092826862307573e-5,0.0,0.0,0.0,0.0,0.00020371307449230293,1.1253225977616316e-5,1085.0583486911928,1085.0635642261886,-2.5499047318078283e-13,-2.4560908862270026e-13
2010-04-19T00:00:00.0,0.0,0.0,0.0,0.0,0.0,0.0,0.0,0.0,0.0,0.0,0.19698532505372973,0.0,0.0,0.002325437690203953,0.0,5.880673074289555,1.7428663782854055,0.1993107627439337,0.00019421693165830686,4.8554232914576714e-5,0.0,0.0,0.0,0.0,0.00019421693165830686,1.1253225977616316e-5,1084.852872016213,1084.8578441630916,4.807265696626928e-13,6.121769757783113e-13
2010-04-20T00:00:00.0,0.0,0.0,0.0,0.0,0.0,0.0,0.0,0.0,0.0,0.0,0.1913119065009083,0.0,0.0,0.0022865528245060137,0.0,5.879866108733415,1.7404217778983107,0.1935984593254143,0.0001851839211753481,4.629598029383703e-5,0.0,0.0,0.0,0.0,0.0001851839211753481,1.1253225977616316e-5,1084.6535500002435,1084.6582906291835,-3.829436767688321e-13,-4.049816038076415e-13
2010-04-21T00:00:00.0,0.0,0.0,0.0,0.0,0.0,0.0,0.0,0.0,0.0,0.0,0.18603197799062243,0.0,0.0,0.0022496307211033765,0.0,5.878986041621138,1.737995101805149,0.1882816087117258,0.0001765914558121344,4.41478639530336e-5,0.0,0.0,0.0,0.0,0.0001765914558121344,1.1253225977616316e-5,1084.459940287692,1084.4644606899565,1.142419492339286e-13,1.6023293802902572e-13
2010-04-22T00:00:00.0,0.0,0.0,0.0,0.0,0.0,0.0,0.0,0.0,0.0,0.0,0.18110512306983034,0.0,0.0,0.0022144945447096238,0.0,5.878036468971443,1.7355869091151828,0.18331961761453996,0.00016841804992964225,4.210451248241056e-5,0.0,0.0,0.0,0.0,0.00016841804992964225,1.1253225977616316e-5,1084.2716474257545,1084.2759583419254,-2.0547452628250085e-13,-4.1175396425785493e-13
2010-04-23T00:00:00.0,0.0,0.0,0.0,0.0,0.0,0.0,0.0,0.0,0.0,0.0,0.1764961920421141,0.0,0.0,0.002180989369214648,0.0,5.877020923123611,1.7331977621594,0.17867718141132874,0.00016064326575582848,4.016081643895712e-5,0.0,0.0,0.0,0.0,0.00016064326575582848,1.1253225977616316e-5,1084.088316554914,1084.0924282017484,4.629630012686903e-14,7.460698725481052e-14
2010-04-24T00:00:00.0,0.0,0.0,0.0,0.0,0.0,0.0,0.0,0.0,0.0,0.0,0.17217447677643785,0.0,0.0,0.002148978807571295,0.0,5.875942875708611,1.7308282272737545,0.17432345558400913,0.00015324766228055426,3.8311915570138564e-5,0.0,0.0,0.0,0.0,0.00015324766228055426,1.1253225977616316e-5,1083.909628120277,1083.913550216255,-2.820244038304054e-13,-2.5079938126282286e-13
2010-04-25T00:00:00.0,0.0,0.0,0.0,0.0,0.0,0.0,0.0,0.0,0.0,0.0,0.16811303606019107,0.0,0.0,0.002118342252275179,0.0,5.87480574039529,1.7284788754583131,0.17023137831246624,0.00014621274664293365,3.655318666073341e-5,0.0,0.0,0.0,0.0,0.00014621274664293365,1.1253225977616316e-5,1083.735293411467,1083.7390352010932,-2.1371793224034263e-14,2.7450264283856995e-14
2010-04-26T00:00:00.0,0.0,0.0,0.0,0.0,0.0,0.0,0.0,0.0,0.0,0.0,0.16428814034707503,0.0,0.0,0.0020889725999716433,0.0,5.873612875438238,1.7261502829312017,0.16637711294704668,0.0001395209278895486,3.488023197238715e-5,0.0,0.0,0.0,0.0,0.0001395209278895486,1.1253225977616316e-5,1083.5650507799285,1083.5686210568474,4.1661118999059e-14,2.681188604469753e-14
2010-04-27T00:00:00.0,0.0,0.0,0.0,0.0,0.0,0.0,0.0,0.0,0.0,0.0,0.16067881187691865,0.0,0.0,0.002060774363007421,0.0,5.872367586046825,1.723843031591443,0.16273958623992607,0.00013315547298790308,3.328886824697577e-5,0.0,0.0,0.0,0.0,0.00013315547298790308,1.1253225977616316e-5,1083.3986624137553,1083.4020695427405,9.905964937217959e-14,4.9682480351975755e-15
2010-04-28T00:00:00.0,0.0,0.0,0.0,0.0,0.0,0.0,0.0,0.0,0.0,0.0,0.1572664415599601,0.0,0.0,0.002033662092601196,0.0,5.87107312658979,1.7215577094014187,0.1593001036525613,0.00012710046498512563,3.1775116246281406e-5,0.0,0.0,0.0,0.0,0.00012710046498512563,1.1253225977616316e-5,1083.2359115742895,1083.2391635121592,-6.022959908591474e-14,1.645350522494482e-13
2010-04-29T00:00:00.0,0.0,0.0,0.0,0.0,0.0,0.0,0.0,0.0,0.0,0.0,0.15403446806560037,0.0,0.0,0.0020075590547285736,0.0,5.869732702645836,1.719294910696966,0.15604202712032894,0.00012134076320729634,3.0335190801824085e-5,0.0,0.0,0.0,0.0,0.00012134076320729634,1.1253225977616316e-5,1083.076600217411,1083.0797045329255,2.220446049250313e-14,-8.804068585277491e-14
2010-04-30T00:00:00.0,0.0,0.0,0.0,0.0,0.0,0.0,0.0,0.0,0.0,0.0,0.15096810761821683,0.0,0.0,0.0019823961123058625,0.0,5.868349472907834,1.7170552364311755,0.15295050373052269,0.00011586196539987593,2.8965491349968983e-5,0.0,0.0,0.0,0.0,0.00011586196539987593,1.1253225977616316e-5,1082.9205469370645,1082.923510829851,1.3461454173580023e-13,1.1218803663837207e-13
2010-05-01T00:00:00.0,0.0,0.0,0.0,0.0,0.0,0.0,0.0,0.0,0.0,0.0,0.14805412540139018,0.0,0.0,0.0019581107768220736,0.0,5.866926550945946,1.7148392943563957,0.15001223617821224,0.00011065037171456769,2.7662592928641922e-5,0.0,0.0,0.0,0.0,0.00011065037171456769,1.1253225977616316e-5,1082.767585180108,1082.7704154986636,2.861599845971341e-14,1.1474154959500993e-13
2010-05-02T00:00:00.0,0.0,0.0,0.0,0.0,0.0,0.0,0.0,0.0,0.0,0.0,0.1452806412618381,0.0,0.0,0.0019346463999593212,0.0,5.865467006833407,1.7126476991477952,0.14721528766179742,0.00010569295045256037,2.6423237613140092e-5,0.0,0.0,0.0,0.0,0.00010569295045256037,1.1253225977616316e-5,1082.6175616907037,1082.6202649495208,5.795364188543317e-14,-1.9345636204093353e-14
2010-05-03T00:00:00.0,0.0,0.0,0.0,0.0,0.0,0.0,0.0,0.0,0.0,0.0,0.14263696386524097,0.0,0.0,0.0019119514814893064,0.0,5.863973868637404,1.7104810724708959,0.14454891534673028,0.00010097730547849345,2.524432636962336e-5,0.0,0.0,0.0,0.0,0.00010097730547849345,1.1253225977616316e-5,1082.470335149816,1082.472917545671,-8.854028621385623e-14,-2.7894353493707058e-14
2010-05-04T00:00:00.0,0.0,0.0,0.0,0.0,0.0,0.0,0.0,0.0,0.0,0.0,0.14011344855578003,0.0,0.0,0.0018899790742608633,0.0,5.8624501237764655,1.7083400429947702,0.1420034276300409,9.64916452236621e-5,2.4122911305915526e-5,0.0,0.0,0.0,0.0,9.64916452236621e-5,1.1253225977616316e-5,1082.3257749812433,1082.3282424086924,4.4547698863084406e-14,-2.958744360626042e-14
2010-05-05T00:00:00.0,0.0,0.0,0.0,0.0,0.0,0.0,0.0,0.0,0.0,0.0,0.13770137506124383,0.0,0.0,0.0018686862706344095,0.0,5.860898720245136,1.7062252463520788,0.13957006133187824,9.222475320095316e-5,2.305618830023829e-5,0.0,0.0,0.0,0.0,9.222475320095316e-5,1.1253225977616316e-5,1082.1837603003873,1082.186118366506,-8.190670364172092e-14,-1.4641066137244252e-13
2010-05-06T00:00:00.0,0.0,0.0,0.0,0.0,0.0,0.0,0.0,0.0,0.0,0.0,0.1353928418779036,0.0,0.0,0.0018480337575783377,0.0,5.8593225677060365,1.704137325046642,0.13724087563548193,8.816595995778497e-5,2.2041489989446242e-5,0.0,0.0,0.0,0.0,8.816595995778497e-5,1.1253225977616316e-5,1082.0441789858294,1082.0464330242323,1.164346397075633e-13,2.718381075794696e-13
2010-05-07T00:00:00.0,0.0,0.0,0.0,0.0,0.0,0.0,0.0,0.0,0.0,0.0,0.1331806747611677,0.0,0.0,0.0018279854298802513,0.0,5.857724538449154,1.7020769283089325,0.13500866019104796,8.430511639691869e-5,2.1076279099229672e-5,0.0,0.0,0.0,0.0,8.430511639691869e-5,1.1253225977616316e-5,1081.9069268569679,1081.909081941147,5.939693181744587e-14,-5.168088179630104e-14
2010-05-08T00:00:00.0,0.0,0.0,0.0,0.0,0.0,0.0,0.0,0.0,0.0,0.0,0.13105834714321624,0.0,0.0,0.0018085080527561407,0.0,5.856107468217767,1.7000447118996473,0.13286685519597238,8.063256839842854e-5,2.0158142099607135e-5,0.0,0.0,0.0,0.0,8.063256839842854e-5,1.1253225977616316e-5,1081.7719069435507,1081.7739678995601,1.56097357262297e-13,2.5895952049381776e-13
2010-05-09T00:00:00.0,0.0,0.0,0.0,0.0,0.0,0.0,0.0,0.0,0.0,0.0,0.12901991073249452,0.0,0.0,0.001789570966627148,0.0,5.854474156900362,1.6980413378612853,0.13080948169912168,7.71391326793735e-5,1.9284783169843376e-5,0.0,0.0,0.0,0.0,7.71391326793735e-5,1.1253225977616316e-5,1081.639028835129,1081.641000253654,-2.8563262866043715e-13,-3.784195179434846e-13
2010-05-10T00:00:00.0,0.0,0.0,0.0,0.0,0.0,0.0,0.0,0.0,0.0,0.0,0.12705993479371752,0.0,0.0,0.0017711458280036706,0.0,5.852827369087667,1.6960674742175696,0.1288310806217212,7.381607383081437e-5,1.8454018457703593e-5,0.0,0.0,0.0,0.0,7.381607383081437e-5,1.1253225977617543e-5,1081.5082081002038,1081.5100943480388,1.377509217803663e-13,2.655098363391062e-13
2010-05-11T00:00:00.0,0.0,0.0,0.0,0.0,0.0,0.0,0.0,0.0,0.0,0.0,0.12517345286169682,0.0,0.0,0.001753206381415492,0.0,5.851169834494024,1.6941237946204748,0.1269266592431123,7.065508247470932e-5,1.766377061867733e-5,0.0,0.0,0.0,0.0,7.065508247470932e-5,1.1253225977617543e-5,1081.3793657663562,1081.381170997325,-8.379408278358369e-14,-1.3364309658925322e-13
2010-05-12T00:00:00.0,0.0,0.0,0.0,0.0,0.0,0.0,0.0,0.0,0.0,0.0,0.12335591586564348,0.0,0.0,0.0017357282581236268,0.0,5.8495042482422805,1.6922109779445589,0.1250916441237671,6.764825448618977e-5,1.6912063621547443e-5,0.0,0.0,0.0,0.0,6.764825448618977e-5,1.1253225977617543e-5,1081.2524278538872,1081.254156019229,-1.1501910535116622e-13,-2.2018498135878417e-13
2010-05-13T00:00:00.0,0.0,0.0,0.0,0.0,0.0,0.0,0.0,0.0,0.0,0.0,0.12160315076962547,0.0,0.0,0.0017186887980008727,0.0,5.847833271011531,1.6903297078283632,0.12332183956762634,6.478807122909767e-5,1.6197017807274418e-5,0.0,0.0,0.0,0.0,6.478807122909767e-5,1.1253225977617543e-5,1081.1273249565372,1081.1289798147868,2.1677104555806181e-13,2.663147480319594e-13
2010-05-14T00:00:00.0,0.0,0.0,0.0,0.0,0.0,0.0,0.0,0.0,0.0,0.0,0.119911323986229,0.0,0.0,0.0017020668915313888,0.0,5.84615952904714,1.6884806721626038,0.1216133908777604,6.206738075548739e-5,1.5516845188871847e-5,0.0,0.0,0.0,0.0,6.206738075548739e-5,1.1253225977617543e-5,1081.0039918637435,1081.00557699013,9.646450305211829e-14,8.7735374521003e-14
2010-05-15T00:00:00.0,0.0,0.0,0.0,0.0,0.0,0.0,0.0,0.0,0.0,0.0,0.11827690893679339,0.0,0.0,0.001685842839327616,0.0,5.844485614032816,1.6866645625250534,0.11996275177612101,5.94793799220305e-5,1.4869844980507625e-5,0.0,0.0,0.0,0.0,5.94793799220305e-5,1.1253225977617543e-5,1080.88236721964,1080.8838860150265,-1.6157908344638372e-13,-1.574296248918472e-13
2010-05-16T00:00:00.0,0.0,0.0,0.0,0.0,0.0,0.0,0.0,0.0,0.0,0.0,0.11669665722018746,0.0,0.0,0.0016699982269318767,0.0,5.842814082824611,1.6848820735620378,0.11836665544711934,5.701759737861392e-5,1.425439934465348e-5,0.0,0.0,0.0,0.0,5.701759737861392e-5,1.1253225977617543e-5,1080.7623932146378,1080.7638489140254,7.874256802153923e-14,9.32171007050897e-14
2010-05-17T00:00:00.0,0.0,0.0,0.0,0.0,0.0,0.0,0.0,0.0,0.0,0.0,0.11516757291660423,0.0,0.0,0.0016545158130165103,0.0,5.841147457047184,1.683133902316655,0.11682208872962074,5.467587738659389e-5,1.3668969346648472e-5,0.0,0.0,0.0,0.0,5.467587738659389e-5,1.1253225977617543e-5,1080.6440153059648,1080.6454109865817,-1.141448047192739e-13,-1.7751078384975472e-13
2010-05-18T00:00:00.0,0.0,0.0,0.0,0.0,0.0,0.0,0.0,0.0,0.0,0.0,0.11368688965284596,0.0,0.0,0.001639379429333113,0.0,5.8394882225530065,1.6814207475039888,0.11532626908217906,5.2448364426242835e-5,1.3112091106560709e-5,0.0,0.0,0.0,0.0,5.2448364426242835e-5,1.1253225977617543e-5,1080.5271819640093,1080.5285205530054,-1.000310945187266e-13,1.874889132835733e-14
2010-05-19T00:00:00.0,0.0,0.0,0.0,0.0,0.0,0.0,0.0,0.0,0.0,0.0,0.11225205007436356,0.0,0.0,0.0016245738910066175,0.0,5.837838828745509,1.679743308733756,0.11387662396537018,5.032948855490024e-5,1.258237213872506e-5,0.0,0.0,0.0,0.0,5.032948855490024e-5,1.1253225977617543e-5,1080.411844441701,1080.4131287234677,5.269396030627149e-14,-5.484501741648273e-14
2010-05-20T00:00:00.0,0.0,0.0,0.0,0.0,0.0,0.0,0.0,0.0,0.0,0.0,0.11086068742886485,0.0,0.0,0.0016100849159522263,0.0,5.836201687767821,1.6781022856810859,0.11247077234481707,4.831395147921455e-5,1.2078487869803638e-5,0.0,0.0,0.0,0.0,4.831395147921455e-5,1.1253225977617543e-5,1080.2979565645096,1080.2991891876416,1.2551071293387395e-13,8.432143872028064e-14
2010-05-21T00:00:00.0,0.0,0.0,0.0,0.0,0.0,0.0,0.0,0.0,0.0,0.0,0.10951060903212448,0.0,0.0,0.0015958990523659683,0.0,5.834579173559117,1.6764983772063549,0.11110650808449045,4.6396713306650225e-5,1.1599178326662556e-5,0.0,0.0,0.0,0.0,4.6396713306650225e-5,1.1253225977617543e-5,1080.185474538939,1080.1866580228575,-1.2380374503351277e-13,-1.0708101072509635e-13
2010-05-22T00:00:00.0,0.0,0.0,0.0,0.0,0.0,0.0,0.0,0.0,0.0,0.0,0.10819978136101963,0.0,0.0,0.00158200361335986,0.0,5.8329736207812095,1.6749322804252509,0.10978178497437949,4.4572979943131055e-5,1.1143244985782764e-5,0.0,0.0,0.0,0.0,4.4572979943131055e-5,1.1253225977617543e-5,1080.0743567776285,1080.0754935188813,-4.3451353626267064e-14,4.596323321948148e-14
2010-05-23T00:00:00.0,0.0,0.0,0.0,0.0,0.0,0.0,0.0,0.0,0.0,0.0,0.10692631661795221,0.0,0.0,0.0015683866179469388,0.0,5.831387323618672,1.673404689730588,0.10849470323589915,4.2838191105307976e-5,1.0709547776326994e-5,0.0,0.0,0.0,0.0,4.2838191105307976e-5,1.1253225977617543e-5,1079.9645637394283,1079.9656560176822,-1.3386514119417825e-13,-2.273181642920008e-13
2010-05-24T00:00:00.0,0.0,0.0,0.0,0.0,0.0,0.0,0.0,0.0,0.0,0.0,0.10568846057705063,0.0,0.0,0.0015550367376789985,0.0,5.829822534456298,1.67191629576763,0.10724349731472962,4.1188008917475244e-5,1.0297002229368811e-5,0.0,0.0,0.0,0.0,4.1188008917475244e-5,1.1253225977617543e-5,1079.8560577829662,1079.8571077667073,1.9108326032579726e-13,2.1010970741031088e-13
2010-05-25T00:00:00.0,0.0,0.0,0.0,0.0,0.0,0.0,0.0,0.0,0.0,0.0,0.10448458157791793,0.0,0.0,0.0015419432483167236,0.0,5.828281462438575,1.670467784365082,0.10602652482623465,3.961830706462178e-5,9.904576766155446e-6,0.0,0.0,0.0,0.0,3.961830706462178e-5,1.1253225977617543e-5,1079.7488030324257,1079.7498127843814,-2.0175527915000657e-13,-6.510070260645762e-14
2010-05-26T00:00:00.0,0.0,0.0,0.0,0.0,0.0,0.0,0.0,0.0,0.0,0.0,0.10331316053969893,0.0,0.0,0.0015290959860028864,0.0,5.826766271916316,1.6690598354241868,0.10484225652570181,3.812516047449429e-5,9.531290118623572e-6,0.0,0.0,0.0,0.0,3.812516047449429e-5,1.1253225977617543e-5,1079.6427652543734,1079.6437367366714,5.6288307348495437e-14,1.0311196341206141e-14
2010-05-27T00:00:00.0,0.0,0.0,0.0,0.0,0.0,0.0,0.0,0.0,0.0,0.0,0.10217278188375717,0.0,0.0,0.0015164853074593398,0.0,5.825279080786579,1.6676931217687831,0.1036892671912165,3.670483550287211e-5,9.176208875718027e-6,0.0,0.0,0.0,0.0,3.670483550287211e-5,1.1253225977617543e-5,1079.5379117446219,1079.5388468236952,-8.70692407062279e-14,-9.005296508490801e-14
2010-05-28T00:00:00.0,0.0,0.0,0.0,0.0,0.0,0.0,0.0,0.0,0.0,0.0,0.10106212526319082,0.0,0.0,0.0015041020537880122,0.0,5.823821958732583,1.666368307959502,0.10256622731697883,3.535378059751197e-5,8.838445149377992e-6,0.0,0.0,0.0,0.0,3.535378059751197e-5,1.1253225977617543e-5,1079.4342112242048,1079.4351116754597,-1.1589340598305853e-13,-9.442446824436956e-14
2010-05-29T00:00:00.0,0.0,0.0,0.0,0.0,0.0,0.0,0.0,0.0,0.0,0.0,0.09997995801867388,0.0,0.0,0.0014919375175142544,0.0,5.822396925371111,1.6650860490756438,0.10147189553618813,3.406861741741734e-5,8.517154354354336e-6,0.0,0.0,0.0,0.0,3.406861741741734e-5,1.1253225977617543e-5,1079.3316337436618,1079.332501255917,4.819755705653961e-14,4.490852134608758e-14
2010-05-30T00:00:00.0,0.0,0.0,0.0,0.0,0.0,0.0,0.0,0.0,0.0,0.0,0.09892512828911862,0.0,0.0,0.0014799834125368712,0.0,5.821005948315839,1.663846989468728,0.10040511170165549,3.284613238522644e-5,8.21153309630661e-6,0.0,0.0,0.0,0.0,3.284613238522644e-5,1.1253225977617543e-5,1079.2301505948994,1079.2309867746087,1.6114887202434147e-13,2.2618018569176002e-13
2010-05-31T00:00:00.0,0.0,0.0,0.0,0.0,0.0,0.0,0.0,0.0,0.0,0.0,0.09789655869573657,0.0,0.0,0.0014682318466988234,0.0,5.81965094116548,1.6626517614919556,0.0993647905424354,3.1683268651594766e-5,7.920817162898692e-6,0.0,0.0,0.0,0.0,3.1683268651594766e-5,1.1253225977617543e-5,1079.1297342299717,1079.1305406052415,6.301903443528545e-14,2.3078761124395442e-14
2010-06-01T00:00:00.0,0.0,0.0,0.0,0.0,0.0,0.0,0.0,0.0,0.0,0.0,0.09689324055680534,0.0,0.0,0.001456675296713417,0.0,5.8183337614267385,1.6615009842103086,0.09834991585351877,3.0577118451479543e-5,7.644279612869886e-6,0.0,0.0,0.0,0.0,3.0577118451479543e-5,1.1253225977617543e-5,1079.0303581862036,1079.0311362106136,-2.2447321779139884e-13,-2.6821600496163e-13
2010-06-02T00:00:00.0,10.0,10.0,0.0,1.5590093530637439,0.0,8.440990646936257,0.0,0.0,8.440990646936257,0.0,0.07020858398564897,1.559009353063744,0.0,0.0013010455004539283,0.0,5.817056208382464,1.2153984027465816,1.630518982549847,2.957674605543243e-5,7.381228958303149e-6,1.4515529830595374e-8,8.440990632420723,3.7314692389248473e-8,0.0,2.9524915833212595e-5,1.1253225977617543e-5,1078.9319970171239,1078.9327480733618,1.8424151093654473e-13,1.4856171848265376e-13
2010-06-03T00:00:00.0,10.0,10.0,0.0,1.5586837191226588,0.0,8.441316280877341,0.0,0.0,8.441316280877341,0.0,0.32395534988173913,1.5586837191226584,0.0,0.0035478705518471754,0.0,5.815102404735952,1.2143311982732437,1.8861869395562447,2.903240560059765e-5,7.1310074355450945e-6,1.4169735443682804e-7,8.441316139179985,3.666785039804456e-7,0.0,2.8524029742180378e-5,1.1253225977617543e-5,1087.3014667295179,1087.302192132837,-4.263256414560601e-14,-6.039613253960852e-14
2010-06-04T00:00:00.0,10.0,10.0,0.0,1.5581964173631542,0.0,8.441803582636846,0.0,0.0,8.441803582636846,0.0,1.1797324772233067,1.5581964173631546,0.0,0.008486080094912736,0.0,5.812178594178926,1.2129414419970694,2.746414974681374,3.2003027301872004e-5,6.892989360454258e-6,1.1514372152294675e-6,8.44180243119963,3.2796326448255155e-6,0.0,2.7571957441817032e-5,1.1253225977617543e-5,1095.4152680283596,1095.4159690298675,1.8118839761882555e-13,2.717825964282383e-13
2010-06-05T00:00:00.0,3.0,3.0,0.0,0.707399982,0.0,2.292600018,0.0,0.0,2.292600018,0.0,1.4533358917500625,0.7073999819999998,0.0,0.01843941284856773,0.0,5.807938232210612,1.4533358917500623,2.17917528659863,3.030750105435882e-5,6.66657956386483e-6,8.166544880788097e-7,2.2925992013455114,2.8245283108206845e-6,0.0,2.666631825545932e-5,1.1253225977617543e-5,1102.6688373693823,1102.6695151591694,4.796163466380676e-14,9.592326932761353e-14
2010-06-06T00:00:00.0,3.0,3.0,0.0,0.707399982,0.0,2.292600018,0.0,0.0,2.292600018,0.0,1.4527167744968228,0.707399982,0.0,0.016770163215855956,0.0,5.80737047456945,1.452716774496823,2.176886919712679,3.151884098677407e-5,6.451211903353745e-6,1.0264789624338312e-6,2.2925989915210367,4.687514410925256e-6,0.0,2.580484761341498e-5,1.1253225977617543e-5,1103.4896471883749,1103.4903028984902,6.328271240363392e-14,-9.725553695716371e-14
2010-06-07T00:00:00.0,3.0,3.0,0.0,0.707399982,0.0,2.292600018,0.0,0.0,2.292600018,0.0,1.452024332371872,0.707399982,0.0,0.015958655414648464,0.0,5.806572933651426,1.4520243323718716,2.1753829697865203,3.4071328187473874e-5,6.246347847589725e-6,1.2908196658982641e-6,2.2925987271803336,7.795117131216702e-6,0.0,2.49853913903589e-5,1.1253225977617543e-5,1104.3127433014429,1104.3133780087246,-3.4861002973229915e-14,1.7763568394002505e-14
2010-06-08T00:00:00.0,3.0,3.0,0.0,0.707399982,0.0,2.292600018,0.0,0.0,2.292600018,0.0,1.4513218121625278,0.707399982,0.0,0.015544678192998727,0.0,5.805696076091534,1.4513218121625278,2.1742664723555265,3.8835916832446954e-5,6.051475129724433e-6,1.6236904092481132e-6,2.29259839430959,1.3006325904301112e-5,0.0,2.420590051889773e-5,1.1253225977617543e-5,1105.1373399924935,1105.1379547212618,1.028066520802895e-13,2.078337502098293e-13
2010-06-09T00:00:00.0,3.0,3.0,0.0,0.707399982,0.0,2.292600018,0.0,0.0,2.292600018,0.0,1.4506359438799628,0.707399982,0.0,0.015335566454251822,0.0,5.80480355379607,1.450635943879963,2.1733714923342147,4.729206675248482e-5,5.8661064664585404e-6,2.042749233958026e-6,2.2925979752507653,2.178489165269263e-5,0.0,2.3464425865834162e-5,1.1253225977617543e-5,1105.9630476368957,1105.9636433615144,-1.9095836023552692e-14,-5.417888360170764e-14
2010-06-10T00:00:00.0,3.0,3.0,0.0,0.707399982,0.0,2.292600018,0.0,0.0,2.292600018,0.0,1.449979702468955,0.707399982,0.0,0.01523930953707264,0.0,5.803926367633173,1.449979702468955,2.1726189940060276,6.19635221265818e-5,5.689778339579657e-6,2.5701970057783763e-6,2.292597447802993,3.663421176248481e-5,0.0,2.275911335831863e-5,1.1253225977617543e-5,1106.7896410636945,1106.790218711007,1.1146639167236572e-13,7.993605777301127e-14
2010-06-11T00:00:00.0,0.0,0.0,0.0,0.0,0.0,0.0,0.0,0.0,0.0,0.0,1.6505652116853398,0.0,0.0,0.015792276600649448,0.0,5.803081293998277,1.6505652116853398,1.6663574882859893,2.2088199347701482e-5,5.5220498369253705e-6,0.0,0.0,0.0,0.0,2.2088199347701482e-5,1.1253225977617543e-5,1107.616971612054,1107.6175320637005,-2.1582735598713043e-13,-1.3011813848606835e-13
2010-06-12T00:00:00.0,0.0,0.0,0.0,0.0,0.0,0.0,0.0,0.0,0.0,0.0,1.6504709762754466,0.0,0.0,0.011903609045344403,0.0,5.803493221421142,1.6504709762754466,1.662374585320791,2.1450006199492664e-5,5.362501549873166e-6,0.0,0.0,0.0,0.0,2.1450006199492664e-5,1.1253225977617543e-5,1105.9506028705418,1105.9511469651654,1.20570220474292e-13,-7.216449660063518e-14
2010-06-13T00:00:00.0,0.0,0.0,0.0,0.0,0.0,0.0,0.0,0.0,0.0,0.0,1.650205065182289,0.0,0.0,0.009635373962275524,0.0,5.8034538383825796,1.6502050651822893,1.6598404391445645,2.084293809840168e-5,5.21073452460042e-6,0.0,0.0,0.0,0.0,2.084293809840168e-5,1.1253225977617543e-5,1104.2882170319954,1104.2887455673372,-2.986499936241671e-13,-2.7844393457598926e-13
2010-06-14T00:00:00.0,0.0,0.0,0.0,0.0,0.0,0.0,0.0,0.0,0.0,0.0,1.6498881391270768,0.0,0.0,0.008109192385420268,0.0,5.803239125875449,1.649888139127077,1.657997331512497,2.0265477057968185e-5,5.066369264492046e-6,0.0,0.0,0.0,0.0,2.0265477057968185e-5,1.1253225977617543e-5,1102.6283653396247,1102.6288790745198,1.5165646516379638e-13,2.1294077612310502e-13
2010-06-15T00:00:00.0,0.0,0.0,0.0,0.0,0.0,0.0,0.0,0.0,0.0,0.0,1.6495663679459036,0.0,0.0,0.006990363811589261,0.0,5.802954446766282,1.6495663679459038,1.656556731757493,1.9716179124805052e-5,4.929044781201263e-6,0.0,0.0,0.0,0.0,1.9716179124805052e-5,1.1253225977617543e-5,1100.970356754886,1100.9708564111609,1.0702549957386509e-13,8.681944052568724e-14
2010-06-16T00:00:00.0,0.0,0.0,0.0,0.0,0.0,0.0,0.0,0.0,0.0,0.0,1.548775736897544,0.0,0.0,0.006164643461324705,0.0,5.80264896635465,1.649261309980919,1.5549403803588688,1.9193670767962832e-5,4.798417691990708e-6,0.0,0.0,0.0,0.0,1.9193670767962832e-5,1.1253225977617543e-5,1099.3137887699027,1099.3142750341794,-3.108624468950438e-14,2.220446049250313e-14
2010-06-17T00:00:00.0,0.0,0.0,0.0,0.0,0.0,0.0,0.0,0.0,0.0,0.0,1.4008285814705497,0.0,0.0,0.005554007071987116,0.0,5.802337497720715,1.648979425780279,1.4063825885425367,1.8696645444386992e-5,4.674161361096748e-6,0.0,0.0,0.0,0.0,1.8696645444386992e-5,1.1253225977617543e-5,1097.7588371363179,1097.7593106617321,-6.816769371198461e-14,1.1102230246251565e-15
2010-06-18T00:00:00.0,0.0,0.0,0.0,0.0,0.0,0.0,0.0,0.0,0.0,0.0,1.2583405199112185,0.0,0.0,0.005087966077712197,0.0,5.802036622962194,1.6487279755673532,1.2634284859889306,1.822386033187968e-5,4.55596508296992e-6,0.0,0.0,0.0,0.0,1.822386033187968e-5,1.1253225977617543e-5,1096.3524432945492,1096.3529047023826,1.8962609260597674e-13,1.709743457922741e-13
2010-06-19T00:00:00.0,0.0,0.0,0.0,0.0,0.0,0.0,0.0,0.0,0.0,0.0,1.1294653365502185,0.0,0.0,0.004720438072942442,0.0,5.801761407377372,1.648513563827745,1.134185774623161,1.7774133221396828e-5,4.443533305349207e-6,0.0,0.0,0.0,0.0,1.7774133221396828e-5,1.1253225977617543e-5,1095.0890035553343,1095.0894534365684,-6.261657858885883e-14,-1.6253665080512292e-13
2010-06-20T00:00:00.0,0.0,0.0,0.0,0.0,0.0,0.0,0.0,0.0,0.0,0.0,1.0167206345621413,0.0,0.0,0.004421359607547615,0.0,5.801522143074403,1.6483406982115665,1.0211419941696889,1.7346339560909877e-5,4.336584890227469e-6,0.0,0.0,0.0,0.0,1.7346339560909877e-5,1.1253225977617543e-5,1093.9548065274853,1093.9552454442787,-9.792167077193881e-14,1.509903313490213e-14
2010-06-21T00:00:00.0,0.0,0.0,0.0,0.0,0.0,0.0,0.0,0.0,0.0,0.0,0.9200470411223239,0.0,0.0,0.004171717702018886,0.0,5.801325582166146,1.648212331266467,0.9242187588243428,1.693940964343981e-5,4.234852410859953e-6,0.0,0.0,0.0,0.0,1.693940964343981e-5,1.1253225977617543e-5,1092.9336532800896,1092.9340817671846,-7.105427357601002e-15,-3.3306690738754696e-15
2010-06-22T00:00:00.0,0.0,0.0,0.0,0.0,0.0,0.0,0.0,0.0,0.0,0.0,0.836350725573374,0.0,0.0,0.0039595570222661705,0.0,5.801176251488045,1.648130439724177,0.8403102825956401,1.6552325932232636e-5,4.138081483058159e-6,0.0,0.0,0.0,0.0,1.6552325932232636e-5,1.1253225977617543e-5,1092.0094232680394,1092.0098418340983,-1.1812772982011666e-13,-1.4166445794216997e-13
2010-06-23T00:00:00.0,0.0,0.0,0.0,0.0,0.0,0.0,0.0,0.0,0.0,0.0,0.7625051745047258,0.0,0.0,0.003776600648002261,0.0,5.80107728738336,1.6480963926566023,0.766281775152728,1.6184120516387424e-5,4.046030129096856e-6,0.0,0.0,0.0,0.0,1.6184120516387424e-5,1.1253225977617543e-5,1091.1691017322175,1091.169510861095,2.681188604469753e-13,2.916555885690286e-13
2010-06-24T00:00:00.0,0.0,0.0,0.0,0.0,0.0,0.0,0.0,0.0,0.0,0.0,0.6969241448605219,0.0,0.0,0.003616641863331395,0.0,5.801030879560818,1.648111147347854,0.7005407867238533,1.5833872690574948e-5,3.958468172643737e-6,0.0,0.0,0.0,0.0,1.5833872690574948e-5,1.1253225977617543e-5,1090.4028087038391,1090.403208855792,-2.920996777788787e-13,-3.411715354673106e-13
2010-06-25T00:00:00.0,0.0,0.0,0.0,0.0,0.0,0.0,0.0,0.0,0.0,0.0,0.6389711300172345,0.0,0.0,0.0034750112735373213,0.0,5.801038534071393,1.648175365410053,0.6424461412907718,1.5500706652794718e-5,3.8751766631986795e-6,0.0,0.0,0.0,0.0,1.5500706652794718e-5,1.1253225977617543e-5,1089.7022566638893,1089.7026482767274,-3.275157922644212e-14,-1.3067324999838092e-13
2010-06-26T00:00:00.0,0.0,0.0,0.0,0.0,0.0,0.0,0.0,0.0,0.0,0.0,0.5879773813573552,0.0,0.0,0.0033482893860718715,0.0,5.801101254615367,1.6482894928770968,0.5913256707434271,1.518378931441385e-5,3.7959473286034624e-6,0.0,0.0,0.0,0.0,1.518378931441385e-5,1.1253225977617543e-5,1089.0597992693724,1089.060182759553,1.4643841694805815e-13,1.9917401061775308e-13
2010-06-27T00:00:00.0,0.0,0.0,0.0,0.0,0.0,0.0,0.0,0.0,0.0,0.0,0.5429356046820324,0.0,0.0,0.0032339759074135,0.0,5.80121967090228,1.648453816942942,0.5461695805894459,1.4882328217011515e-5,3.7205820542528786e-6,0.0,0.0,0.0,0.0,1.4882328217011515e-5,1.1253225977617543e-5,1088.4684623454032,1088.4688381090732,-1.3911094498553211e-13,-2.0161650127192843e-13
2010-06-28T00:00:00.0,0.0,0.0,0.0,0.0,0.0,0.0,0.0,0.0,0.0,0.0,0.5027166761580507,0.0,0.0,0.0031301735221652446,0.0,5.801394124893475,1.6486685041220213,0.505846849680216,1.459556955082014e-5,3.648892387705035e-6,0.0,0.0,0.0,0.0,1.459556955082014e-5,1.1253225977617543e-5,1087.9222815115875,1087.922649925573,2.7355895326763857e-13,4.178879464689089e-13
2010-06-29T00:00:00.0,0.0,0.0,0.0,0.0,0.0,0.0,0.0,0.0,0.0,0.0,0.46635375961436565,0.0,0.0,0.003035365949004738,0.0,5.801624726406185,1.6489336248962005,0.46938912556337037,1.432279626980833e-5,3.5806990674520826e-6,0.0,0.0,0.0,0.0,1.432279626980833e-5,1.1253225977617543e-5,1087.4164234086813,1087.416784831431,-6.206146707654625e-14,-4.529709940470639e-14
2010-06-30T00:00:00.0,0.0,0.0,0.0,0.0,0.0,0.0,0.0,0.0,0.0,0.0,0.4331852085645953,0.0,0.0,0.0029482925759197944,0.0,5.801911389364413,1.6492491698280933,0.4361335011405151,1.4063326298692287e-5,3.5158315746730717e-6,0.0,0.0,0.0,0.0,1.4063326298692287e-5,1.1253225977617543e-5,1086.947023029892,1086.9473778023726,-8.820721930646869e-14,-3.053668429231493e-13
2010-07-01T00:00:00.0,0.0,0.0,0.0,0.0,0.0,0.0,0.0,0.0,0.0,0.0,0.402846079712295,0.0,0.0,0.0028678878201662734,0.0,5.802253856773205,1.6496150607058957,0.4057139675324613,1.3816510827392362e-5,3.4541277068480905e-6,0.0,0.0,0.0,0.0,1.3816510827392362e-5,1.1253225977617543e-5,1086.5108782755256,1086.511226722074,3.086420008457935e-14,9.825473767932635e-14
2010-07-02T00:00:00.0,0.0,0.0,0.0,0.0,0.0,0.0,0.0,0.0,0.0,0.0,0.37516796121838236,0.0,0.0,0.0027932538461063086,0.0,5.8026517192302505,1.6500311588458112,0.37796121506448865,1.3581732688669858e-5,3.3954331721674645e-6,0.0,0.0,0.0,0.0,1.3581732688669858e-5,1.1253225977617543e-5,1086.1051530547672,1086.1054954839033,-1.2562173523633646e-13,-1.9395596240201485e-13
2010-07-03T00:00:00.0,0.0,0.0,0.0,0.0,0.0,0.0,0.0,0.0,0.0,0.0,0.35005950843282585,0.0,0.0,0.002723644063147158,0.0,5.803104429597318,1.6504972717113708,0.35278315249597303,1.3358404814887508e-5,3.339601203721877e-6,0.0,0.0,0.0,0.0,1.3358404814887508e-5,1.1253225977617543e-5,1085.7271805864766,1085.7275172916727,1.6997514507011147e-13,2.0788926136106056e-13
2010-07-04T00:00:00.0,0.0,0.0,0.0,0.0,0.0,0.0,0.0,0.0,0.0,0.0,0.32742062764653246,0.0,0.0,0.002658445257046939,0.0,5.803611315140945,1.6510131584291297,0.3300790729035794,1.3145968770034549e-5,3.286492192508637e-6,0.0,0.0,0.0,0.0,1.3145968770034549e-5,1.1253225977617543e-5,1085.3743861807545,1085.3747174411706,1.2867484855405564e-13,1.5981660439479128e-13
2010-07-05T00:00:00.0,0.0,0.0,0.0,0.0,0.0,0.0,0.0,0.0,0.0,0.0,0.30710664901545215,0.0,0.0,0.0025971558208428376,0.0,5.80417158773953,1.6515785344653209,0.309703804836295,1.2943893353345856e-5,3.235973338336464e-6,0.0,0.0,0.0,0.0,1.2943893353345856e-5,1.1253225977617543e-5,1085.044295854625,1085.044621935806,-6.361577931102147e-14,8.287814878826794e-14
2010-07-06T00:00:00.0,0.0,0.0,0.0,0.0,0.0,0.0,0.0,0.0,0.0,0.0,0.28893001005281543,0.0,0.0,0.0025393629415907167,0.0,5.804784352462627,1.6521930755987033,0.2914693729944062,1.2751673271023334e-5,3.1879183177558336e-6,0.0,0.0,0.0,0.0,1.2751673271023334e-5,1.1253225977617543e-5,1084.7345807965626,1084.7349019511028,1.9306778398231472e-13,1.921796055626146e-13
2010-07-07T00:00:00.0,0.0,0.0,0.0,0.0,0.0,0.0,0.0,0.0,0.0,0.0,0.27267857677481333,0.0,0.0,0.0024847222202894954,0.0,5.805448614772106,1.652856421299593,0.27516329899510283,1.2568827872738203e-5,3.1422069681845507e-6,0.0,0.0,0.0,0.0,1.2568827872738203e-5,1.1253225977617543e-5,1084.4431001703424,1084.4434166385172,-2.2010171463193728e-13,-4.306555112520982e-13
2010-07-08T00:00:00.0,0.0,0.0,0.0,0.0,0.0,0.0,0.0,0.0,0.0,0.0,0.2581353931557262,0.0,0.0,0.0024329414804012827,0.0,5.806163286606676,1.65356817763008,0.2605683346361275,1.2394899949754831e-5,3.0987249874387078e-6,0.0,0.0,0.0,0.0,1.2394899949754831e-5,1.1253225977617543e-5,1084.1679256181214,1084.1682376284873,-1.2012613126444194e-13,-5.612177389480166e-14
2010-07-09T00:00:00.0,0.0,0.0,0.0,0.0,0.0,0.0,0.0,0.0,0.0,0.0,0.24509318210801112,0.0,0.0,0.0023837688135119883,0.0,5.806927191605826,1.6543279197779897,0.2474769509215231,1.2229454591670752e-5,3.057363647917688e-6,0.0,0.0,0.0,0.0,1.2229454591670752e-5,1.1253225977617543e-5,1083.9073460302593,1083.9076538002262,3.419486915845482e-14,6.833422716567839e-14
2010-07-10T00:00:00.0,0.0,0.0,0.0,0.0,0.0,0.0,0.0,0.0,0.0,0.0,0.2333626002489815,0.0,0.0,0.002336984060219976,0.0,5.807739069693004,1.655135194321183,0.2356995843092015,1.2072078098914126e-5,3.0180195247285316e-6,0.0,0.0,0.0,0.0,1.2072078098914126e-5,1.1253225977617543e-5,1083.6598578261116,1083.6601615624863,1.5687451337953462e-13,7.16093850883226e-14
2010-07-11T00:00:00.0,0.0,0.0,0.0,0.0,0.0,0.0,0.0,0.0,0.0,0.0,0.2227756116695162,0.0,0.0,0.002292392767596343,0.0,5.8085975811881365,1.6559895212968272,0.22506800443711256,1.19223769482793e-5,2.980594237069825e-6,0.0,0.0,0.0,0.0,1.19223769482793e-5,1.1253225977617543e-5,1083.4241469885765,1083.4244468880795,8.604228440844963e-16,1.0769163338864018e-14
2010-07-12T00:00:00.0,0.0,0.0,0.0,0.0,0.0,0.0,0.0,0.0,0.0,0.0,0.21318575346901208,0.0,0.0,0.0022498218260298703,0.0,5.809501310571845,1.6568903961292267,0.21543557529504195,1.1779976808913829e-5,2.944994202228457e-6,0.0,0.0,0.0,0.0,1.1779976808913829e-5,1.1253225977617543e-5,1083.1990677309134,1083.199363980671,-7.271960811294775e-15,1.798006188380441e-13
2010-07-13T00:00:00.0,0.0,0.0,0.0,0.0,0.0,0.0,0.0,0.0,0.0,0.0,0.20446671651789194,0.0,0.0,0.0022091162181950247,0.0,5.810448769985215,1.6578372914528408,0.20667583273608697,1.1644521606296396e-5,2.911130401574099e-6,0.0,0.0,0.0,0.0,1.1644521606296396e-5,1.1253225977617543e-5,1082.9836209023924,1082.983913680405,-6.636358129696873e-14,-9.639511411307922e-14
2010-07-14T00:00:00.0,0.0,0.0,0.0,0.0,0.0,0.0,0.0,0.0,0.0,0.0,0.19651018272167944,0.0,0.0,0.002170136507306836,0.0,5.811438402521254,1.6588296588547813,0.19868031922898627,1.1515672631864995e-5,2.878918157966249e-6,0.0,0.0,0.0,0.0,1.1515672631864995e-5,1.1253225977617543e-5,1082.7769338164303,1082.777223292017,6.578071420904053e-14,1.9984014443252818e-15
2010-07-15T00:00:00.0,0.0,0.0,0.0,0.0,0.0,0.0,0.0,0.0,0.0,0.0,0.18922346903668033,0.0,0.0,0.002132756828989691,0.0,5.812468585344293,1.6598669305524312,0.19135622586567003,1.1393107696069096e-5,2.848276924017274e-6,0.0,0.0,0.0,0.0,1.1393107696069096e-5,1.1253225977617543e-5,1082.5782422439754,1082.5785285781972,-7.310818617156656e-14,2.864375403532904e-14
2010-07-16T00:00:00.0,0.0,0.0,0.0,0.0,0.0,0.0,0.0,0.0,0.0,0.0,0.182527266113161,0.0,0.0,0.002096863239337083,0.0,5.813537632660769,1.6609485210160393,0.18462412935249808,1.1276520322727999e-5,2.8191300806819997e-6,0.0,0.0,0.0,0.0,1.1276520322727999e-5,1.1253225977617543e-5,1082.3868747648835,1082.3871581109468,2.7544633240950134e-13,1.180722186688854e-13
2010-07-17T00:00:00.0,0.0,0.0,0.0,0.0,0.0,0.0,0.0,0.0,0.0,0.0,0.17635360134764244,0.0,0.0,0.002062352326035818,0.0,5.814643798555656,1.6620738285422094,0.17841595367367827,1.11656189826807e-5,2.791404745670175e-6,0.0,0.0,0.0,0.0,1.11656189826807e-5,1.1253225977617543e-5,1082.2022393823054,1082.2025198859442,-3.677336213314675e-13,-3.2884805989397137e-13
2010-07-18T00:00:00.0,0.0,0.0,0.0,0.0,0.0,0.0,0.0,0.0,0.0,0.0,0.17064406823202055,0.0,0.0,0.0020291300220474408,0.0,5.815785279702864,1.6632422367815356,0.172673198254068,1.1060126364811151e-5,2.765031591202788e-6,0.0,0.0,0.0,0.0,1.1060126364811151e-5,1.1253225977617543e-5,1082.0238121754055,1082.0240899752466,2.130240428499519e-13,1.5290546606649968e-13
2010-07-19T00:00:00.0,0.0,0.0,0.0,0.0,0.0,0.0,0.0,0.0,0.0,0.0,0.16534831887288137,0.0,0.0,0.001997110580994338,0.0,5.816960217954088,1.6644531162219696,0.1673454294538757,1.0959778682626023e-5,2.739944670656506e-6,0.0,0.0,0.0,0.0,1.0959778682626023e-5,1.1253225977617543e-5,1081.8511277239254,1081.8514029518344,6.308842337432452e-14,1.848798891757042e-13
2010-07-20T00:00:00.0,0.0,0.0,0.0,0.0,0.0,0.0,0.0,0.0,0.0,0.0,0.160422796008018,0.0,0.0,0.0019662156852787343,0.0,5.818166702807678,1.665705825628258,0.16238901169329675,1.0864325014651087e-5,2.7160812536627717e-6,0.0,0.0,0.0,0.0,1.0864325014651087e-5,1.1253225977617543e-5,1081.683771041246,1081.6840438226577,-4.702349620799851e-13,-5.264955138528649e-13
2010-07-21T00:00:00.0,0.0,0.0,0.0,0.0,0.0,0.0,0.0,0.0,0.0,0.0,0.15582967362984107,0.0,0.0,0.0019363736654639482,0.0,5.81940277375747,1.6669997134370709,0.15776604729530502,1.0773526676996801e-5,2.6933816692492003e-6,0.0,0.0,0.0,0.0,1.0773526676996801e-5,1.1253225977617543e-5,1081.5213707763264,1081.5216412305579,3.2288061113661115e-13,2.869093851387561e-13
2010-07-22T00:00:00.0,0.0,0.0,0.0,0.0,0.0,0.0,0.0,0.0,0.0,0.0,0.15153597470095753,0.0,0.0,0.0019075188142451127,0.0,5.820666422520363,1.6683341191069732,0.15344349351520264,1.068715662652429e-5,2.6717891566310726e-6,0.0,0.0,0.0,0.0,1.068715662652429e-5,1.1253225977617543e-5,1081.3635934758054,1081.3638617163544,-2.352007477668394e-13,-2.393085729579525e-13
2010-07-23T00:00:00.0,0.0,0.0,0.0,0.0,0.0,0.0,0.0,0.0,0.0,0.0,0.14751283700490786,0.0,0.0,0.001879590781692943,0.0,5.82195559514064,1.6697083744220966,0.1493924277866008,1.0604998893119236e-5,2.651249723279809e-6,0.0,0.0,0.0,0.0,1.0604998893119236e-5,1.1253225977617543e-5,1081.210138729064,1081.2104048638932,1.3739009929736312e-13,2.182976022169214e-13
2010-07-24T00:00:00.0,0.0,0.0,0.0,0.0,0.0,0.0,0.0,0.0,0.0,0.0,0.14373490183616855,0.0,0.0,0.0018525340407716843,0.0,5.823268193968866,1.6711218047482712,0.14558743587694023,1.0526848039654056e-5,2.631712009913514e-6,0.0,0.0,0.0,0.0,1.0526848039654056e-5,1.1253225977617543e-5,1081.0607350480516,1081.060999179858,-1.0583200982239305e-13,-4.4048098502003086e-14
2010-07-25T00:00:00.0,0.0,0.0,0.0,0.0,0.0,0.0,0.0,0.0,0.0,0.0,0.14017980405890773,0.0,0.0,0.0018262974139408804,0.0,5.824602079512904,1.672573730240336,0.14200610147284862,1.0452508648288134e-5,2.6131271620720335e-6,0.0,0.0,0.0,0.0,1.0452508648288134e-5,1.1253225977617543e-5,1080.9151363589485,1080.9153985854211,1.3555823130673161e-13,-6.17284001691587e-14
2010-07-26T00:00:00.0,0.0,0.0,0.0,0.0,0.0,0.0,0.0,0.0,0.0,0.0,0.1368277457015107,0.0,0.0,0.0018008336530460892,0.0,5.825955072158733,1.674063466999429,0.1386285793545568,1.0381794831821399e-5,2.5954487079553498e-6,0.0,0.0,0.0,0.0,1.0381794831821399e-5,1.1253225977617543e-5,1080.7731190042498,1080.7733794183125,-8.912315330178444e-14,-3.036459972349803e-14
2010-07-27T00:00:00.0,0.0,0.0,0.0,0.0,0.0,0.0,0.0,0.0,0.0,0.0,0.13366113830729812,0.0,0.0,0.0017760990657876478,0.0,5.8273249537588905,1.6755903281791422,0.13543723737308577,1.0314529768879496e-5,2.578632442219874e-6,0.0,0.0,0.0,0.0,1.0314529768879496e-5,1.1253225977617543e-5,1080.6344791716692,1080.6347378617143,3.136380044566067e-14,1.6225909504896663e-13
2010-07-28T00:00:00.0,0.0,0.0,0.0,0.0,0.0,0.0,0.0,0.0,0.0,0.0,0.1306643020193926,0.0,0.0,0.0017520531830366903,0.0,5.828709469086676,1.6771536250396073,0.1324163552024293,1.0250545261768262e-5,2.5626363154420656e-6,0.0,0.0,0.0,0.0,1.0250545261768262e-5,1.1253225977617543e-5,1080.49903068107,1080.499287731179,1.1057821325266559e-13,-7.815970093361102e-14
2010-07-29T00:00:00.0,0.0,0.0,0.0,0.0,0.0,0.0,0.0,0.0,0.0,0.0,0.12782321149524412,0.0,0.0,0.0017286584620050168,0.0,5.830106327154526,1.6787526679487244,0.12955186995724913,1.0189681315891881e-5,2.5474203289729702e-6,0.0,0.0,0.0,0.0,1.0189681315891881e-5,1.1253225977617543e-5,1080.3666030726417,1080.366858562795,-9.134359935103475e-14,7.185918526886326e-14
2010-07-30T00:00:00.0,0.0,0.0,0.0,0.0,0.0,0.0,0.0,0.0,0.0,0.0,0.12512528062660033,0.0,0.0,0.001705880020956063,0.0,5.831513202395306,1.6803867673299544,0.1268311606475564,1.0131785739683047e-5,2.5329464349207617e-6,0.0,0.0,0.0,0.0,1.0131785739683047e-5,1.1253225977617543e-5,1080.2370399494584,1080.237293955736,6.181166689600559e-14,1.6042722705833512e-14
2010-07-31T00:00:00.0,0.0,0.0,0.0,0.0,0.0,0.0,0.0,0.0,0.0,0.0,0.12255917947119413,0.0,0.0,0.0016836854017084988,0.0,5.83292773570575,1.6820552345563058,0.12424286487290263,1.0076713764044781e-5,2.5191784410111952e-6,0.0,0.0,0.0,0.0,1.0076713764044781e-5,1.1253225977617543e-5,1080.110197535585,1080.1104501303564,-1.1501910535116622e-13,-9.345302309782255e-14
2010-08-01T00:00:00.0,0.0,0.0,0.0,0.0,0.0,0.0,0.0,0.0,0.0,0.0,0.1201146780329397,0.0,0.0,0.0016620443566559373,0.0,5.834347535351508,1.6837573827902852,0.12177672238959564,1.0024327680352285e-5,2.506081920088071e-6,0.0,0.0,0.0,0.0,1.0024327680352285e-5,1.1253225977617543e-5,1079.9859434174862,1079.9861946695914,-1.924849168943865e-14,-1.3683498778505054e-13
2010-08-02T00:00:00.0,0.0,0.0,0.0,0.0,0.0,0.0,0.0,0.0,0.0,0.0,0.11778251248144934,0.0,0.0,0.00164092865746416,0.0,5.835770177733838,1.6854925277698882,0.11942344113891351,9.974496496109626e-6,2.4936241240274066e-6,0.0,0.0,0.0,0.0,9.974496496109626e-6,1.1253225977617543e-5,1079.8641554418705,1079.8644054167921,1.1574075031717257e-13,1.2111145419879676e-13
2010-08-03T00:00:00.0,0.0,0.0,0.0,0.0,0.0,0.0,0.0,0.0,0.0,0.0,0.11555427018458611,0.0,0.0,0.0016203119229468014,0.0,5.837193208018075,1.6872599885407529,0.11717458210753291,9.927095607400287e-6,2.481773901850072e-6,0.0,0.0,0.0,0.0,9.927095607400287e-6,1.1253225977617543e-5,1079.7447207475057,1079.7449695075327,-6.411537967210279e-14,-9.682532553512146e-14
2010-08-04T00:00:00.0,0.0,0.0,0.0,0.0,0.0,0.0,0.0,0.0,0.0,0.0,0.1134222905798681,0.0,0.0,0.001600169463946707,0.0,5.838614140624685,1.6890590881349135,0.11502246004381482,9.882006487312475e-6,2.470501621828119e-6,0.0,0.0,0.0,0.0,9.882006487312475e-6,1.1253225977617543e-5,1079.6275349121725,1079.627782516556,-3.0782321136513247e-13,-3.0836444508963723e-13
2010-08-05T00:00:00.0,0.0,0.0,0.0,0.0,0.0,0.0,0.0,0.0,0.0,0.0,0.11137957942622628,0.0,0.0,0.0015804781433227744,0.0,5.8400304595837795,1.6908891541966427,0.11296005756954906,9.839116389560108e-6,2.459779097390027e-6,0.0,0.0,0.0,0.0,9.839116389560108e-6,1.1253225977617543e-5,1079.5125011989026,1079.512747704004,1.0265399641440354e-13,1.1554646128786317e-13
2010-08-06T00:00:00.0,0.0,0.0,0.0,0.0,0.0,0.0,0.0,0.0,0.0,0.0,0.10941973437504557,0.0,0.0,0.001561216249352439,0.0,5.841439618754375,1.6927495195561242,0.11098095062439801,9.798318066558346e-6,2.4495795166395866e-6,0.0,0.0,0.0,0.0,9.798318066558346e-6,1.1253225977617543e-5,1079.3995298881068,1079.3997753475385,2.019634459671238e-13,3.981120988427733e-13
2010-08-07T00:00:00.0,0.0,0.0,0.0,0.0,0.0,0.0,0.0,0.0,0.0,0.0,0.10753688018197208,0.0,0.0,0.0015423633810993996,0.0,5.84283904191001,1.6946395227517392,0.10907924356307147,9.759509501248777e-6,2.4398773753121942e-6,0.0,0.0,0.0,0.0,9.759509501248777e-6,1.1253225977617543e-5,1079.2885376842564,1079.2887821490165,2.5354718324877012e-14,2.883804306463844e-14
2010-08-08T00:00:00.0,0.0,0.0,0.0,0.0,0.0,0.0,0.0,0.0,0.0,0.0,0.10572561213185847,0.0,0.0,0.0015239003444451464,0.0,5.844226122692476,1.6965585085019494,0.10724951247630361,9.722593652003664e-6,2.430648413000916e-6,0.0,0.0,0.0,0.0,9.722593652003664e-6,1.1253225977617543e-5,1079.1794471874675,1079.1796907060668,-1.5448753387659053e-13,-3.0013491691960326e-13
2010-08-09T00:00:00.0,0.0,0.0,0.0,0.0,0.0,0.0,0.0,0.0,0.0,0.0,0.10398094649140067,0.0,0.0,0.0015058090576491269,0.0,5.845598224435772,1.6985058281278267,0.10548675554904981,9.687478209971277e-6,2.421869552492819e-6,0.0,0.0,0.0,0.0,9.687478209971277e-6,1.1253225977617543e-5,1079.0721864217653,1079.0724290403484,-5.946632075648495e-14,2.8504976157250894e-14
2010-08-10T00:00:00.0,0.0,0.0,0.0,0.0,0.0,0.0,0.0,0.0,0.0,0.0,0.1022982769976375,0.0,0.0,0.001488072465428433,0.0,5.846952679862437,1.7004808399273725,0.10378634946306593,9.654075368255725e-6,2.4135188420639313e-6,0.0,0.0,0.0,0.0,9.654075368255725e-6,1.1253225977617543e-5,1078.9666884129902,1078.9669301754516,1.2993772724456676e-13,3.241851231905457e-14
2010-08-11T00:00:00.0,0.0,0.0,0.0,0.0,0.0,0.0,0.0,0.0,0.0,0.0,0.10067333652990877,0.0,0.0,0.001470674460675291,0.0,5.848286790654791,1.7024829095028715,0.10214401099058407,9.622301602353947e-6,2.4055754005884867e-6,0.0,0.0,0.0,0.0,9.622301602353947e-6,1.1253225977617543e-5,1078.8628908103012,1078.8631317583943,-1.1531053889513032e-13,2.917110997202599e-14
2010-08-12T00:00:00.0,0.0,0.0,0.0,0.0,0.0,0.0,0.0,0.0,0.0,0.0,0.0991021632766336,0.0,0.0,0.0014535998130265528,0.0,5.849597826903596,1.7045114100425518,0.10055576308966015,9.592077461300982e-6,2.3980193653252454e-6,0.0,0.0,0.0,0.0,9.592077461300982e-6,1.1253225977617543e-5,1078.7607355460846,1078.7609757195266,1.0086376178719547e-13,4.64628335805628e-14
2010-08-13T00:00:00.0,0.0,0.0,0.0,0.0,0.0,0.0,0.0,0.0,0.0,0.0,0.09758107077263911,0.0,0.0,0.001436834103589219,0.0,5.85088302643689,1.706565722557908,0.09901790487622833,9.563327369001141e-6,2.3908318422502853e-6,0.0,0.0,0.0,0.0,9.563327369001141e-6,1.1253225977617543e-5,1078.660168529769,1078.6604079663402,-2.949029909160572e-14,-9.012235402394708e-14
2010-08-14T00:00:00.0,0.0,0.0,0.0,0.0,0.0,0.0,0.0,0.0,0.0,0.0,0.09610662131221623,0.0,0.0,0.0014203636652017231,0.0,5.85213959403184,1.70864523607806,0.09752698497741795,9.535979435248421e-6,2.3839948588121053e-6,0.0,0.0,0.0,0.0,9.535979435248421e-6,1.1253225977617543e-5,1078.5611393716667,1078.5613781073048,6.078471059822732e-15,1.4557799410397365e-14
2010-08-15T00:00:00.0,0.0,0.0,0.0,0.0,0.0,0.0,0.0,0.0,0.0,0.0,0.09467560228879993,0.0,0.0,0.0014041755276850776,0.0,5.853364700512531,1.710749347802538,0.09607977781648501,9.509965275963534e-6,2.3774913189908834e-6,0.0,0.0,0.0,0.0,9.509965275963534e-6,1.1253225977617543e-5,1078.4636011334633,1078.463839202353,7.395473122784324e-14,4.964084698855231e-14
2010-08-16T00:00:00.0,0.0,0.0,0.0,0.0,0.0,0.0,0.0,0.0,0.0,0.0,0.0932850051019975,0.0,0.0,0.0013882573675981578,0.0,5.8545554817367504,1.7128774632139185,0.09467326246959566,9.485219842198107e-6,2.371304960549527e-6,0.0,0.0,0.0,0.0,9.485219842198107e-6,1.1253225977617543e-5,1078.367510102421,1078.36774753708,-1.5663859098680177e-13,-1.0066947275788607e-13
2010-08-17T00:00:00.0,0.0,0.0,0.0,0.0,0.0,0.0,0.0,0.0,0.0,0.0,0.09193200629168222,0.0,0.0,0.0013725974620559921,0.0,5.8557090374748855,1.7150289961517278,0.09330460375373821,9.461681257478396e-6,2.365420314369599e-6,0.0,0.0,0.0,0.0,9.461681257478396e-6,1.1253225977617543e-5,1078.2728255867255,1078.2730624180858,-1.1095291352347658e-13,-1.775801727887938e-13
2010-08-18T00:00:00.0,0.0,0.0,0.0,0.0,0.0,0.0,0.0,0.0,0.0,0.0,0.09061395064671937,0.0,0.0,0.0013571846462238726,0.0,5.8568224301841205,1.7172033688490231,0.09197113529294325,9.439290663081905e-6,2.359822665770476e-6,0.0,0.0,0.0,0.0,9.439290663081905e-6,1.1253225977617543e-5,1078.1795097297459,1078.1797459872305,-7.253919687144617e-14,2.8629876247521224e-14
2010-08-19T00:00:00.0,40.0,40.0,0.0,1.5658154322801987,0.0,38.434184567719804,0.0,0.0,38.434184567719804,0.0,0.06545086086268843,1.565815432280199,0.0,0.0012044195395331182,0.0,5.857892683681193,1.2598041780169278,1.6324707126824205,0.00028929931685936256,2.354498017714975e-6,7.114937690529662e-5,38.43411341834288,0.00020873194788320599,0.0,9.4179920708599e-6,1.1253225977617543e-5,1078.0875273412269,1078.0877630528241,7.90062459898877e-14,8.797129691373584e-14
2010-08-20T00:00:00.0,40.0,40.0,0.0,1.562031360390263,0.0,38.437968639609736,0.0,0.0,38.437968639609736,0.0,1.252564712941896,1.5620313603902625,0.0,0.07356914814984211,0.0,5.835188252341577,1.2525647129418958,2.8881652214820006,3.6105450593661166,2.349433055809991e-6,1.1600222368247661,37.277946402793425,2.450513424809128,0.0,9.397732223239964e-6,1.1253225977620023e-5,1116.4547654939936,1116.455000686327,6.394884621840902e-14,-7.815970093361102e-14
2010-08-21T00:00:00.0,40.0,40.0,0.0,1.5374107947515128,0.0,38.462589205248484,0.0,0.0,38.462589205248484,0.0,1.204293366763457,1.537410794751513,0.0,0.4901600607490893,0.0,5.687464858509077,1.2042933667634568,3.2318642222640594,24.81034519816121,2.3446151150112827e-6,14.957096371843921,23.505492833409484,9.853239447856831,0.0,9.378460460045131e-6,1.1253225977618986e-5,1149.95605335766,1149.956288056054,1.2789769243681803e-13,-8.327560863108374e-12
2010-08-22T00:00:00.0,40.0,40.0,0.0,1.5337394957051138,0.0,38.46626050429489,0.0,0.0,38.46626050429489,0.0,1.198480068135923,1.5337394957051136,0.0,0.5527753427640882,0.0,5.665437064230682,1.1984800681359224,3.2849949066051245,26.748415678743324,2.340032147958361e-6,15.544394955522852,22.921865548778694,11.204011363091876,0.0,9.360128591833444e-6,1.1253225977619494e-5,1161.8696639706957,1161.86989819924,0.04417809177848575,0.044178091773705574
2010-08-23T00:00:00.0,40.0,40.0,0.0,1.533834874173354,0.0,38.46616512582665,0.0,0.0,38.46616512582665,0.0,1.19996158741023,1.5338348741733543,0.0,0.554049635973232,0.0,5.666009335040124,1.19996158741023,3.287846097556816,28.521501422931472,2.335672694845958e-6,18.710960450494078,19.755204675338476,9.810531629746613,0.0,9.342690779383831e-6,1.1253225977619272e-5,1171.7810553331628,1171.7812891147723,0.05519615909367204,0.05519615908703912
2010-08-24T00:00:00.0,40.0,40.0,0.0,1.5339784621632562,0.0,38.466021537836745,0.0,0.0,38.466021537836745,0.0,1.2015648037428357,1.5339784621632564,0.0,0.5543928700414252,0.0,5.666870862979538,1.201564803742836,3.289936135947517,26.6642789272965,2.331525854770816e-6,16.013464074551543,22.45255746329213,10.650805526641545,0.0,9.326103419083264e-6,1.1253225977619569e-5,1179.880054590113,1179.8802879465852,0.09165131203215893,0.09165131202614063
2010-08-25T00:00:00.0,40.0,40.0,0.0,1.5341098180172021,0.0,38.4658901819828,0.0,0.0,38.4658901819828,0.0,1.203173862394322,1.5341098180172017,0.0,0.5547763849074547,0.0,5.667658998103212,1.203173862394322,3.292060065318978,28.37328392280982,2.3275812584722136e-6,18.609092952386458,19.85679722959714,9.764181660098316,0.0,9.310325033888854e-6,1.125322597761778e-5,1189.8370653349684,1189.8372982870371,0.08877226478502287,0.08877226477821054
2010-08-26T00:00:00.0,40.0,40.0,0.0,1.5342339602468897,0.0,38.46576603975311,0.0,0.0,38.46576603975311,0.0,1.2047989847001555,1.5342339602468897,0.0,0.555109935468411,0.0,5.6684038514813375,1.2047989847001555,3.294142880415456,27.377455463197254,2.3238290424059196e-6,16.68768856972602,21.778077470033885,10.689757598155072,0.0,9.295316169623678e-6,1.1253225977619535e-5,1198.116850074817,1198.1170826422053,0.05486932912253373,0.054869329121739696
2010-08-27T00:00:00.0,40.0,40.0,0.0,1.5343853933569938,0.0,38.46561460664301,0.0,0.0,38.46561460664301,0.0,1.2065075531872864,1.5343853933569942,0.0,0.554823761120994,0.0,5.669312450141963,1.2065075531872862,3.2957167076652745,28.089303692816365,2.3202598240760924e-6,17.98926671657091,20.476347890076557,10.100027695206155,0.0,9.28103929630437e-6,1.1253225977618859e-5,1207.3246348735618,1207.324867075031,0.12061489973947204,0.12061489973249806
2010-08-28T00:00:00.0,40.0,40.0,0.0,1.5344634370986812,0.0,38.46553656290132,0.0,0.0,38.46553656290132,0.0,1.2081052322877601,1.534463437098681,0.0,0.5555449147807816,0.0,5.669780712592087,1.2081052322877603,3.298113584167223,28.04421210443562,2.316864678578235e-6,17.80713623233557,20.658400330567044,10.237066604641319,0.0,9.26745871431294e-6,1.1253225977617924e-5,1215.91426568333,1215.9144975367262,0.025346817567820423,0.02534681756338486
2010-08-29T00:00:00.0,40.0,40.0,0.0,1.5347238360578348,0.0,38.465276163942164,0.0,0.0,38.465276163942164,0.0,1.2100886166274356,1.5347238360578346,0.0,0.5531048950679893,0.0,5.671343106347008,1.2100886166274354,3.2979173477532595,27.929883945836572,2.313635116280414e-6,17.47457815402945,20.990698009914354,10.455296537266653,0.0,9.254540465121657e-6,1.1253225977618024e-5,1224.5374016004193,1224.537633122718,0.03453640854194795,0.034536408540677854
2010-08-30T00:00:00.0,40.0,40.0,0.0,1.534735644637913,0.0,38.46526435536209,0.0,0.0,38.46526435536209,0.0,1.2116221048186138,1.5347356446379132,0.0,0.5545045457803929,0.0,5.671413957827478,1.2116221048186138,3.3008622952369198,28.625885996336983,2.3105630615943013e-6,18.38431744869719,20.08094690666406,10.24155930538755,0.0,9.242252246377205e-6,1.12532259776173e-5,1233.1338008738253,1233.1340320811744,0.1757974343203479,0.17579743431870654
2010-08-31T00:00:00.0,40.0,40.0,0.0,1.5349692265475559,0.0,38.46503077345245,0.0,0.0,38.46503077345245,0.0,1.21362008879651,1.534969226547556,0.0,0.5520790364336995,0.0,5.672815449285336,1.2136200887965105,3.300668351777766,28.219719187067785,2.3076408327836567e-6,17.57317439872945,20.891856374727467,10.646535557775005,0.0,9.230563331134627e-6,1.1253225977618856e-5,1241.1353284439479,1241.1355593517076,0.07172212732896455,0.07172212732984917
2010-09-01T00:00:00.0,40.0,40.0,0.0,1.534942712797674,0.0,38.46505728720233,0.0,0.0,38.46505728720233,0.0,1.215145803189793,1.5349427127976736,0.0,0.5536659416047639,0.0,5.672656366786043,1.2151458031897933,3.3037544575922304,28.875676395318848,2.3048611227534065e-6,18.48108941459934,19.983967872605167,10.394577761275013,0.0,9.219444491013626e-6,1.1253225977618186e-5,1249.5531935486583,1249.55342417144,0.061745333785802714,0.06174533378125702
2010-09-02T00:00:00.0,40.0,40.0,0.0,1.5351724957071762,0.0,38.46482750429282,0.0,0.0,38.46482750429282,0.0,1.2172059446052343,1.5351724957071764,0.0,0.5508406959032386,0.0,5.674035064243057,1.2172059446052343,3.3032191362156493,28.463457662791665,2.3022169807811566e-6,17.658368411486265,20.806459092808293,10.805080042437481,0.0,9.208867923124626e-6,1.1253225977618053e-5,1257.2198845758517,1257.2201149275536,0.15387608611628156,0.15387608611413128
2010-09-03T00:00:00.0,40.0,40.0,0.0,1.5350865006769585,0.0,38.46491349932304,0.0,0.0,38.46491349932304,0.0,1.2186851503218508,1.5350865006769583,0.0,0.5529208683639392,0.0,5.67351909406175,1.2186851503218512,3.3066925193627483,29.03532787368652,2.2997017951346258e-6,18.412379550152007,20.05253394917288,10.622939124727326,0.0,9.198807180538503e-6,1.1253225977618093e-5,1265.3455886158654,1265.3458187097083,0.10761711662264517,0.10761711662101803
2010-09-04T00:00:00.0,40.0,40.0,0.0,1.535292426766233,0.0,38.46470757323377,0.0,0.0,38.46470757323377,0.0,1.220771276535344,1.5352924267662333,0.0,0.5499821042139712,0.0,5.674754650597398,1.220771276535344,3.3060458075155488,28.83751032441675,2.2973092765397173e-6,17.906227927636124,20.558479645602127,10.931273207543514,0.0,9.18923710615887e-6,1.1253225977618857e-5,1272.9205463026967,1272.9207761512566,0.0830198657024459,0.08301986570058517
2010-09-05T00:00:00.0,0.0,0.0,0.0,0.0,0.0,0.0,0.0,0.0,0.0,0.0,1.6757024787347787,-2.220446049250313e-16,0.0,0.592688133989892,0.0,5.674258772273693,1.6757024787347787,2.2683906127246702,9.180133769812795e-6,2.2950334424531986e-6,0.0,0.0,0.0,0.0,9.180133769812795e-6,1.1253225977617753e-5,1280.5132797760982,1280.5135093913377,0.2637083306818244,0.263708330677332
2010-09-06T00:00:00.0,0.0,0.0,0.0,0.0,0.0,0.0,0.0,0.0,0.0,0.0,1.7050768980320867,0.0,0.0,0.4000789665812049,0.0,5.739771697397055,1.7050768980320867,2.1051558646132915,9.171474408421387e-6,2.2928686021053467e-6,0.0,0.0,0.0,0.0,9.171474408421387e-6,1.1253225977619283e-5,1278.1960522655254,1278.1962816588236,0.04882564462217198,0.048825644622201736
2010-09-07T00:00:00.0,0.0,0.0,0.0,0.0,0.0,0.0,0.0,0.0,0.0,0.0,1.7291675284035206,0.0,0.0,0.24663089932638535,0.0,5.790424714762056,1.7291675284035204,1.9757984277299059,9.163237369067748e-6,2.290809342266937e-6,0.0,0.0,0.0,0.0,9.163237369067748e-6,1.1253225977619823e-5,1275.9367727289841,1275.9370019111655,0.15411241870200199,0.15411241870188164
2010-09-08T00:00:00.0,0.0,0.0,0.0,0.0,0.0,0.0,0.0,0.0,0.0,0.0,1.7466655880527877,0.0,0.0,0.14135549246289564,0.0,5.823724427920627,1.7466655880527877,1.8880210805156834,9.155402054863121e-6,2.2888505137157803e-6,0.0,0.0,0.0,0.0,9.155402054863121e-6,1.1253225977619511e-5,1273.9488877905424,1273.949116771903,0.012075257485882673,0.012075257485899327
2010-09-09T00:00:00.0,0.0,0.0,0.0,0.0,0.0,0.0,0.0,0.0,0.0,0.0,1.758278387152564,0.0,0.0,0.07844331683849849,0.0,5.84247689844429,1.758278387152564,1.8367217039910626,9.147948873440116e-6,2.286987218360029e-6,0.0,0.0,0.0,0.0,9.147948873440116e-6,1.1253225977617543e-5,1272.0427444000725,1272.0429731904064,0.018111056728217667,0.01811105672825586
2010-09-10T00:00:00.0,0.0,0.0,0.0,0.0,0.0,0.0,0.0,0.0,0.0,0.0,1.7659603749348463,0.0,0.0,0.04338038232643028,0.0,5.8520940865279885,1.765960374934846,1.8093407572612765,9.140859187967506e-6,2.2852147969918765e-6,0.0,0.0,0.0,0.0,9.140859187967506e-6,1.1253225977619477e-5,1270.2060114428552,1270.2062400514792,1.9628743075372768e-13,7.505107646466058e-14
2010-09-11T00:00:00.0,0.0,0.0,0.0,0.0,0.0,0.0,0.0,0.0,0.0,0.0,1.7712337556568878,0.0,0.0,0.02508514131327136,0.0,5.856452419263801,1.771233755656888,1.7963188969701591,9.134115270532436e-6,2.283528817633109e-6,0.0,0.0,0.0,0.0,9.134115270532436e-6,1.1253225977617543e-5,1268.3024189041007,1268.3026473398766,0.09424052826728335,0.09424052826737994
2010-09-12T00:00:00.0,0.0,0.0,0.0,0.0,0.0,0.0,0.0,0.0,0.0,0.0,1.7750883825802517,0.0,0.0,0.0165155617526309,0.0,5.857851611555974,1.7750883825802513,1.7916039443328826,9.127700257833291e-6,2.2819250644583227e-6,0.0,0.0,0.0,0.0,9.127700257833291e-6,1.1253225977617543e-5,1266.5060887539046,1266.5063170252624,-9.992007221626409e-15,-1.2301271112846734e-13
2010-09-13T00:00:00.0,0.0,0.0,0.0,0.0,0.0,0.0,0.0,0.0,0.0,0.0,1.7782634907513166,0.0,0.0,0.012582700080217427,0.0,5.857810580798502,1.7782634907513166,1.790846190831534,9.121598108997125e-6,2.2803995272492813e-6,0.0,0.0,0.0,0.0,9.121598108997125e-6,1.125322597761977e-5,1264.7144735563456,1264.714701671304,7.971401316808624e-14,1.7252865802674933e-13
2010-09-14T00:00:00.0,0.0,0.0,0.0,0.0,0.0,0.0,0.0,0.0,0.0,0.0,1.7811810368755243,0.0,0.0,0.010437721719632285,0.0,5.857133578259648,1.7811810368755236,1.7916187585951566,9.115793565470021e-6,2.2789483913675054e-6,0.0,0.0,0.0,0.0,9.115793565470021e-6,1.1253225977620096e-5,1262.9228598588115,1262.9230878249982,0.000756253476591473,0.0007562534766656359
2010-09-15T00:00:00.0,0.0,0.0,0.0,0.0,0.0,0.0,0.0,0.0,0.0,0.0,1.7839947357546828,0.0,0.0,0.009048613669575498,0.0,5.856103045294487,1.7839947357546826,1.7930433494242584,9.110272112864962e-6,2.2775680282162404e-6,0.0,0.0,0.0,0.0,9.110272112864962e-6,1.1253225977612638e-5,1261.13122984699,1261.1314576716607,4.1877612488860905e-13,4.509725926027386e-13
2010-09-16T00:00:00.0,0.0,0.0,0.0,0.0,0.0,0.0,0.0,0.0,0.0,0.0,1.7867638792037335,0.0,0.0,0.008017231886492126,0.0,5.854823709887785,1.7867638792037335,1.7947811110902256,9.105019944686792e-6,2.276254986171698e-6,0.0,0.0,0.0,0.0,9.105019944686792e-6,1.1253225977612638e-5,1259.3381752443404,1259.338402934397,-6.45483666517066e-13,-7.256417688950023e-13
2010-09-17T00:00:00.0,0.0,0.0,0.0,0.0,0.0,0.0,0.0,0.0,0.0,0.0,1.789512704857701,0.0,0.0,0.00717943865267525,0.0,5.853335529004932,1.789512704857701,1.7966921435103764,9.10002392777329e-6,2.2750059819433226e-6,0.0,0.0,0.0,0.0,9.10002392777329e-6,1.1253225977612638e-5,1257.543382880025,1257.5436104420328,-9.041656312547275e-13,-9.616751839303106e-13
2010-09-18T00:00:00.0,0.0,0.0,0.0,0.0,0.0,0.0,0.0,0.0,0.0,0.0,1.7922471601818217,0.0,0.0,0.006491725716094283,0.0,5.851645753712671,1.7922471601818217,1.798738885897916,9.095271569480264e-6,2.273817892370066e-6,0.0,0.0,0.0,0.0,9.095271569480264e-6,1.1253225977613135e-5,1255.7466794832894,1255.746906923493,-6.883382752675971e-13,-5.426770144367765e-13
2010-09-19T00:00:00.0,0.0,0.0,0.0,0.0,0.0,0.0,0.0,0.0,0.0,0.0,1.7949709444446318,0.0,0.0,0.005925670471454887,0.0,5.849757314062485,1.7949709444446325,1.8008966149160868,9.090750986435388e-6,2.272687746608847e-6,0.0,0.0,0.0,0.0,9.090750986435388e-6,1.1253225977612638e-5,1253.9261713435599,1253.9263986679,0.0217580006056608,0.021758000605662353
2010-09-20T00:00:00.0,0.0,0.0,0.0,0.0,0.0,0.0,0.0,0.0,0.0,0.0,1.7976896076605464,0.0,0.0,0.0054414828283549654,0.0,5.847675711324909,1.7976896076605462,1.8031310904889013,9.086450874827585e-6,2.271612718706896e-6,0.0,0.0,0.0,0.0,9.086450874827585e-6,1.1253225977612638e-5,1252.1252634754187,1252.1254906895463,-8.977263377119016e-13,-1.085354028873553e-12
2010-09-21T00:00:00.0,0.0,0.0,0.0,0.0,0.0,0.0,0.0,0.0,0.0,0.0,1.80040741027903,0.0,0.0,0.005008231024801949,0.0,5.845403787328142,1.8004074102790293,1.8054156413038318,9.082360482137601e-6,2.2705901205344004e-6,0.0,0.0,0.0,0.0,9.082360482137601e-6,1.1253225977612638e-5,1250.3221211317045,1250.3223482409944,-7.076561558960748e-13,-6.419309528382655e-13
2010-09-22T00:00:00.0,0.0,0.0,0.0,0.0,0.0,0.0,0.0,0.0,0.0,0.0,1.8031247286217653,0.0,0.0,0.004620017572343801,0.0,5.842937762424163,1.803124728621765,1.8077447461941092,9.078469580253127e-6,2.2696173950632818e-6,0.0,0.0,0.0,0.0,9.078469580253127e-6,1.1253225977612638e-5,1248.5166942371754,1248.5169212467406,-7.178702077226262e-13,-6.132871988029365e-13
2010-09-23T00:00:00.0,0.0,0.0,0.0,0.0,0.0,0.0,0.0,0.0,0.0,0.0,1.769579323758391,0.0,0.0,0.0042874805639863504,0.0,5.840272586321761,1.8058412224755829,1.7738668043223773,9.07476843989277e-6,2.2686921099731926e-6,0.0,0.0,0.0,0.0,9.07476843989277e-6,1.1253225977612638e-5,1246.708938237756,1246.7091651524602,-6.45039577307216e-13,-6.634692795159935e-13
2010-09-24T00:00:00.0,0.0,0.0,0.0,0.0,0.0,0.0,0.0,0.0,0.0,0.0,1.6742529716577463,0.0,0.0,0.004010220727892551,0.0,5.837404227619613,1.808557278173444,1.6782631923856388,9.071247806277788e-6,2.267811951569447e-6,0.0,0.0,0.0,0.0,9.071247806277788e-6,1.1253225977612638e-5,1244.9350601802084,1244.935287004678,-7.918110611626616e-13,-7.567280135845067e-13
2010-09-25T00:00:00.0,0.0,0.0,0.0,0.0,0.0,0.0,0.0,0.0,0.0,0.0,1.5715437596057535,0.0,0.0,0.0037669809603320748,0.0,5.8343275959211685,1.811272686601195,1.5753107405660856,9.067898875990328e-6,2.266974718997582e-6,0.0,0.0,0.0,0.0,9.067898875990328e-6,1.1253225977612638e-5,1243.2567857345975,1243.2570124732335,-7.205347429817266e-13,-9.383605004131823e-13
2010-09-26T00:00:00.0,0.0,0.0,0.0,0.0,0.0,0.0,0.0,0.0,0.0,0.0,1.4745337694265843,0.0,0.0,0.003552458962290733,0.0,5.831037448331592,1.8139872077509192,1.4780862283888752,9.064713274960297e-6,2.266178318740074e-6,0.0,0.0,0.0,0.0,9.064713274960297e-6,1.1253225977612638e-5,1241.681463740806,1241.6816903977945,-5.866418462119327e-13,-5.910827383104333e-13
2010-09-27T00:00:00.0,0.0,0.0,0.0,0.0,0.0,0.0,0.0,0.0,0.0,0.0,1.374848245034376,0.0,0.0,0.0033652608315461333,0.0,5.827528994080643,1.8167009829343157,1.3782135058659222,9.061683037525818e-6,2.2654207593814545e-6,0.0,0.0,0.0,0.0,9.061683037525818e-6,1.1253225977612638e-5,1240.203366259192,1240.2035928385149,-8.666400930223972e-13,-8.648637361829969e-13
2010-09-28T00:00:00.0,0.0,0.0,0.0,0.0,0.0,0.0,0.0,0.0,0.0,0.0,1.2774977830710204,0.0,0.0,0.0031992147412495996,0.0,5.823797497276467,1.8194142908153728,1.28069699781227,9.058800586514914e-6,2.2647001466287284e-6,0.0,0.0,0.0,0.0,9.058800586514914e-6,1.1253225977612638e-5,1238.825141500101,1238.8253680055457,-7.458478279431802e-13,-5.380140777333509e-13
2010-09-29T00:00:00.0,0.0,0.0,0.0,0.0,0.0,0.0,0.0,0.0,0.0,0.0,1.1928559034087236,0.0,0.0,0.0030483147161810232,0.0,5.819837778124291,1.8221272062088991,1.1959042181249047,9.056058714298657e-6,2.2640146785746644e-6,0.0,0.0,0.0,0.0,9.056058714298657e-6,1.1253225977612638e-5,1237.544433249063,1237.5446596842332,-4.2521541843143495e-13,-5.715428130770306e-13
2010-09-30T00:00:00.0,0.0,0.0,0.0,0.0,0.0,0.0,0.0,0.0,0.0,0.0,1.1211639447845627,0.0,0.0,0.002910287000749498,0.0,5.815644267094344,1.8248396211586326,1.1240742317853123,9.053450564768337e-6,2.2633626411920843e-6,0.0,0.0,0.0,0.0,9.053450564768337e-6,1.1253225977612638e-5,1236.348517777713,1236.3487441460356,-6.918909889463976e-13,-7.014389069581739e-13
2010-10-01T00:00:00.0,0.0,0.0,0.0,0.0,0.0,0.0,0.0,0.0,0.0,0.0,1.0568795613626025,0.0,0.0,0.002784370146346463,0.0,5.811211183010313,1.8275513587949872,1.0596639315089489,9.050969616191596e-6,2.262742404047899e-6,0.0,0.0,0.0,0.0,9.050969616191596e-6,1.1253225977612638e-5,1235.2244322927022,1235.2246585974376,-5.799805080641818e-13,-4.862776847858186e-13
2010-10-02T00:00:00.0,0.0,0.0,0.0,0.0,0.0,0.0,0.0,0.0,0.0,0.0,0.9957883386396329,0.0,0.0,0.002669481117199616,0.0,5.806532572262884,1.83026219519056,0.9984578197568326,9.048609664904727e-6,2.262152416226182e-6,0.0,0.0,0.0,0.0,9.048609664904727e-6,1.1253225977612638e-5,1234.1647571079675,1234.164983352217,-2.113864638886298e-13,-3.090860900556436e-13
2010-10-03T00:00:00.0,0.0,0.0,0.0,0.0,0.0,0.0,0.0,0.0,0.0,0.0,0.9373011565796938,0.0,0.0,0.0025639600497392437,0.0,5.801602296893645,1.8329718438196756,0.9398651166294331,9.046364809800267e-6,2.261591202450067e-6,0.0,0.0,0.0,0.0,9.046364809800267e-6,1.1253225977612638e-5,1233.166288034985,1233.1665142216982,-2.9409807922320397e-13,-1.7119639039719914e-13
2010-10-04T00:00:00.0,0.0,0.0,0.0,0.0,0.0,0.0,0.0,0.0,0.0,0.0,0.8831945439050579,0.0,0.0,0.002466020284069224,0.0,5.796414035517507,1.835679947259156,0.8856605641891271,9.04422943757117e-6,2.2610573593927923e-6,0.0,0.0,0.0,0.0,9.04422943757117e-6,1.1253225977612638e-5,1232.2264116651302,1232.2266377971134,-6.09734485124136e-13,-6.638023464233811e-13
2010-10-05T00:00:00.0,0.0,0.0,0.0,0.0,0.0,0.0,0.0,0.0,0.0,0.0,0.8349797427408485,0.0,0.0,0.0023742807530002814,0.0,5.790961304122261,1.8383860827992344,0.8373540234938488,9.042198208674584e-6,2.260549552168646e-6,0.0,0.0,0.0,0.0,9.042198208674584e-6,1.1253225977612638e-5,1231.3407398477152,1231.3409659276376,-1.4555023852835802e-13,-1.2390088954816747e-13
2010-10-06T00:00:00.0,0.0,0.0,0.0,0.0,0.0,0.0,0.0,0.0,0.0,0.0,0.7926619864659354,0.0,0.0,0.0022878878329855115,0.0,5.7852374866372465,1.8410897758842102,0.7949498742989209,9.040266043980259e-6,2.2600665109950647e-6,0.0,0.0,0.0,0.0,9.040266043980259e-6,1.1253225977612638e-5,1230.5033745709961,1230.5036006013968,-7.430722703816173e-13,-7.671641100159832e-13
2010-10-07T00:00:00.0,0.0,0.0,0.0,0.0,0.0,0.0,0.0,0.0,0.0,0.0,0.7551751622628349,0.0,0.0,0.002206316876344683,0.0,5.77923586230194,1.8437905117912132,0.7573814791391795,9.038428112070038e-6,2.2596070280175095e-6,0.0,0.0,0.0,0.0,9.038428112070038e-6,1.1253225977612638e-5,1229.7084134434713,1229.7086394267653,-4.141131881851834e-14,-2.275957200481571e-14
2010-10-08T00:00:00.0,0.0,0.0,0.0,0.0,0.0,0.0,0.0,0.0,0.0,0.0,0.7211677040293751,0.0,0.0,0.0021291702617199613,0.0,5.772949625912254,1.8464877418515278,0.7232968742910951,9.036679817156803e-6,2.2591699542892007e-6,0.0,0.0,0.0,0.0,9.036679817156803e-6,1.1253225977612638e-5,1228.9510207111066,1228.9512466495914,-4.78617145915905e-13,-4.2876813211023546e-13
2010-10-09T00:00:00.0,0.0,0.0,0.0,0.0,0.0,0.0,0.0,0.0,0.0,0.0,0.6894880819299258,0.0,0.0,0.0020560752722008574,0.0,5.766371904090825,1.8491808859878305,0.6915441572021267,9.03501678759263e-6,2.2587541968981575e-6,0.0,0.0,0.0,0.0,9.03501678759263e-6,1.1253225977612638e-5,1228.2277125835897,1228.2279384794508,-1.4299672557172016e-13,-2.402522625288839e-13
2010-10-10T00:00:00.0,0.0,0.0,0.0,0.0,0.0,0.0,0.0,0.0,0.0,0.0,0.6593892408873617,0.0,0.0,0.001986649406266954,0.0,5.75949577085128,1.8518693337982282,0.6613758902936286,9.033434864937372e-6,2.258358716234343e-6,0.0,0.0,0.0,0.0,9.033434864937372e-6,1.1253225977612638e-5,1227.5361571731619,1227.536383028478,-3.226308109560705e-13,-2.831068712794149e-13
2010-10-11T00:00:00.0,0.0,0.0,0.0,0.0,0.0,0.0,0.0,0.0,0.0,0.0,0.6305568729138704,0.0,0.0,0.0019204991840418135,0.0,5.752314263981237,1.8545524452558153,0.6324773720979122,9.031930093560411e-6,2.2579825233901028e-6,0.0,0.0,0.0,0.0,9.031930093560411e-6,1.1253225977612638e-5,1226.8747700296426,1226.8749958463911,-3.285149929865838e-13,-3.544942117628125e-13
2010-10-12T00:00:00.0,0.0,0.0,0.0,0.0,0.0,0.0,0.0,0.0,0.0,0.0,0.603011942116934,0.0,0.0,0.0018572372504062323,0.0,5.744820402801756,1.8572295513957775,0.6048691793673402,9.030498710749494e-6,2.2576246776873734e-6,0.0,0.0,0.0,0.0,9.030498710749494e-6,1.1253225977612638e-5,1226.2422814043189,1226.2425071843807,-1.588729148238599e-13,-5.573319583618286e-14
2010-10-13T00:00:00.0,0.0,0.0,0.0,0.0,0.0,0.0,0.0,0.0,0.0,0.0,0.57736437031655,0.0,0.0,0.0017963038528976555,0.0,5.7370072075190786,1.8603278791714413,0.5791606741694476,9.029137137302026e-6,2.2572842843255064e-6,0.0,0.0,0.0,0.0,9.029137137302026e-6,1.1253225977612638e-5,1225.637400971726,1225.6376267168905,-4.819478149897805e-13,-5.809797087863444e-13
2010-10-14T00:00:00.0,0.0,0.0,0.0,0.0,0.0,0.0,0.0,0.0,0.0,0.0,0.554456026537636,0.0,0.0,0.0017679935175342909,0.0,5.752065141676927,1.867982028988405,0.5562240200551704,9.02784196857518e-6,2.256960492143795e-6,0.0,0.0,0.0,0.0,9.02784196857518e-6,1.1253225977612638e-5,1225.0582290443308,1225.0584547562999,-1.8851586958135158e-13,-2.128297538206425e-13
2010-10-15T00:00:00.0,0.0,0.0,0.0,0.0,0.0,0.0,0.0,0.0,0.0,0.0,0.5332850326167442,0.0,0.0,0.0017461940156052586,0.0,5.771134013892695,1.8763079260752495,0.5350312266323495,9.026609965972508e-6,2.256652491493127e-6,0.0,0.0,0.0,0.0,9.026609965972508e-6,1.1253225977612638e-5,1224.50199377105,1224.5022194514424,-2.575717417130363e-13,-2.2148949341271873e-13
2010-10-16T00:00:00.0,0.0,0.0,0.0,0.0,0.0,0.0,0.0,0.0,0.0,0.0,0.5138046638497832,0.0,0.0,0.0017256659407770866,0.0,5.79044712241165,1.8847309486193682,0.5155303297905602,9.025438048845789e-6,2.256359512211447e-6,0.0,0.0,0.0,0.0,9.025438048845789e-6,1.1253225977612638e-5,1223.9669512911917,1223.9671769415477,-7.904787935331115e-14,-4.163336342344337e-14
2010-10-17T00:00:00.0,0.0,0.0,0.0,0.0,0.0,0.0,0.0,0.0,0.0,0.0,0.49647473609422677,0.0,0.0,0.0017060575855672203,0.0,5.810005320743213,1.89384185771835,0.498180793679794,9.02432328679177e-6,2.2560808216979425e-6,0.0,0.0,0.0,0.0,9.02432328679177e-6,1.1253225977612638e-5,1223.4514097081756,1223.45163532996,-4.3598458177029897e-13,-4.707345624410664e-13
2010-10-18T00:00:00.0,0.0,0.0,0.0,0.0,0.0,0.0,0.0,0.0,0.0,0.0,0.4802460373211471,0.0,0.0,0.0016876795963248023,0.0,5.829809199520706,1.9027824929815602,0.48193371691747194,9.023262892324675e-6,2.2558157230811687e-6,0.0,0.0,0.0,0.0,9.023262892324675e-6,1.1253225977612638e-5,1222.9532176612697,1222.953443255876,7.066569551739121e-14,1.425526363618701e-13
2010-10-19T00:00:00.0,0.0,0.0,0.0,0.0,0.0,0.0,0.0,0.0,0.0,0.0,0.46518199873396615,0.0,0.0,0.0016703479731922577,0.0,5.849859062198825,1.9118229194704595,0.4668523467071584,9.022254213905995e-6,2.2555635534764987e-6,0.0,0.0,0.0,0.0,9.022254213905995e-6,1.1253225977612638e-5,1222.4712726911264,1222.47149825988,-1.1818324097134791e-13,-1.4171996909340123e-13
2010-10-20T00:00:00.0,0.0,0.0,0.0,0.0,0.0,0.0,0.0,0.0,0.0,0.0,0.45108370867317704,0.0,0.0,0.001654005734659579,0.0,5.870154898936371,1.9209628939588603,0.4527377144078366,9.021294729314288e-6,2.255323682328572e-6,0.0,0.0,0.0,0.0,9.021294729314288e-6,1.1253225977612638e-5,1222.0044090911936,1222.0046346353554,-3.1435964942261307e-13,-2.7688962234151404e-13
2010-10-21T00:00:00.0,0.0,0.0,0.0,0.0,0.0,0.0,0.0,0.0,0.0,0.0,0.4377787785459641,0.0,0.0,0.0016385986824186422,0.0,5.890696359156499,1.9302020237796897,0.43941737722838276,9.020382039338304e-6,2.255095509834576e-6,0.0,0.0,0.0,0.0,9.020382039338304e-6,1.1253225977612638e-5,1221.55166012356,1221.5518856443293,-1.8973711490843925e-13,-1.9262369477246466e-13
2010-10-22T00:00:00.0,0.0,0.0,0.0,0.0,0.0,0.0,0.0,0.0,0.0,0.0,0.42512731206852783,0.0,0.0,0.0016240742055254678,0.0,5.91148272257305,1.939539754895412,0.4267513862740533,9.019513861777702e-6,2.2548784654444254e-6,0.0,0.0,0.0,0.0,9.019513861777702e-6,1.1253225977612638e-5,1221.1122314931058,1221.1124569916237,-2.293165657363261e-13,-3.3084646133829665e-13
2010-10-23T00:00:00.0,0.0,0.0,0.0,0.0,0.0,0.0,0.0,0.0,0.0,0.0,0.41302481555193216,0.0,0.0,0.0016103806258014313,0.0,5.932512868717237,1.9489753593594106,0.4146351961777336,9.018688025736362e-6,2.2546720064340905e-6,0.0,0.0,0.0,0.0,9.018688025736362e-6,1.1253225977612638e-5,1220.685468853606,1220.6856943309574,-1.4666046155298318e-13,-5.345723863570129e-14
2010-10-24T00:00:00.0,0.0,0.0,0.0,0.0,0.0,0.0,0.0,0.0,0.0,0.0,0.4014006745049238,0.0,0.0,0.0015974671779454602,0.0,5.953785244962035,1.9585079221734727,0.40299814168286924,9.017902466194031e-6,2.254475616548508e-6,0.0,0.0,0.0,0.0,9.017902466194031e-6,1.1253225977612638e-5,1220.2708224042026,1220.2710478614201,-3.75921516138078e-13,-4.914957330015568e-13
2010-10-25T00:00:00.0,0.0,0.0,0.0,0.0,0.0,0.0,0.0,0.0,0.0,0.0,0.39021455319934684,0.0,0.0,0.001585284245571768,0.0,5.975297833051263,1.9681363275501396,0.3917998374449186,9.017155218842665e-6,2.2542888047106664e-6,0.0,0.0,0.0,0.0,9.017155218842665e-6,1.1253225977612638e-5,1219.8678130092935,1219.868038447359,2.300937218535637e-13,2.6439961331448103e-13
2010-10-26T00:00:00.0,0.0,0.0,0.0,0.0,0.0,0.0,0.0,0.0,0.0,0.0,0.37944967215551695,0.0,0.0,0.0015737839490391659,0.0,5.997048114148398,1.97785924459024,0.3810234561045561,9.016444415174665e-6,2.2541111037936664e-6,0.0,0.0,0.0,0.0,9.016444415174665e-6,1.1253225977612638e-5,1219.4760019186228,1219.4762273384702,-2.2465362903290043e-13,-1.8224310949221945e-13
2010-10-27T00:00:00.0,0.0,0.0,0.0,0.0,0.0,0.0,0.0,0.0,0.0,0.0,0.3691048860090067,0.0,0.0,0.0015629208112524493,0.0,6.019033032433829,1.987675112391614,0.3706678068202591,9.01576827781062e-6,2.253942069452655e-6,0.0,0.0,0.0,0.0,9.01576827781062e-6,1.1253225977612638e-5,1219.0949672092927,1219.0951926118105,-3.821387650759789e-13,-4.11448652926083e-13
2010-10-28T00:00:00.0,0.0,0.0,0.0,0.0,0.0,0.0,0.0,0.0,0.0,0.0,0.35918701501674183,0.0,0.0,0.0015526523232482986,0.0,6.041248957291873,1.99758212460918,0.36073966733999013,9.015125116054935e-6,2.2537812790137337e-6,0.0,0.0,0.0,0.0,9.015125116054935e-6,1.1253225977612638e-5,1218.7242881492466,1218.72451353528,-1.504352198367087e-13,-1.559863349598345e-13
