"layer","midpoint","thick","mat","psiini","rootden"
1,-0.02,40,1,-6.3,0.0286767975
2,-0.06,40,2,-6.3,0.025387362640576
3,-0.14,120,3,-6.3,0.0199957513759124
4,-0.325,250,4,-6.3,0.0115942455967814
5,-0.6,300,5,-6.3,0.0050702396209391
6,-0.925,350,6,-6.3,0.0019075613640138
7,-1.15,100,7,-6.3,0.000920758183674143
