layer,midpoint,thick,mat,psiini,rootden
1,-0.02,40,1,-6.3,0.02868
2,-0.06,40,2,-6.3,0.02539
3,-0.14,120,3,-6.3,0.02
4,-0.325,250,4,-6.3,0.01159
5,-0.6,300,5,-6.3,0.00507
6,-0.925,350,6,-6.3,0.00191
7,-1.15,100,7,-6.3,0.00092
